# Derived data for china_figure.py. Written by prepare_china_figure_data.py; do not edit by hand.
#
# gdp:    ln(X_t / USA_t), GDP per capita in constant 2015 US$, for every entity X in the World Bank file
#         (ISO3 country codes, plus the Bank's own codes for its regional and income-group aggregates).
#         One point per year, dated July 1. NOT re-based: subtract an entity's value in the anchor year.
#         Source: World Bank, World Development Indicators, NY.GDP.PCAP.KD (CC BY 4.0), last updated 2026-07-13.
# stocks: s(t) = ln(C_t / U_t) - ln(C_0 / U_0), MSCI China (C) and MSCI USA (U), net total return in USD.
#         Month-end. Zero on 1998-12-31.
#         Source: MSCI. Only this re-based log ratio is stored; the index levels are licensed and are not redistributed.
series,entity,date,log_ratio
gdp,ABW,1986-07-01,-0.795845
gdp,ABW,1987-07-01,-0.658808
gdp,ABW,1988-07-01,-0.522556
gdp,ABW,1989-07-01,-0.453258
gdp,ABW,1990-07-01,-0.459301
gdp,ABW,1991-07-01,-0.417109
gdp,ABW,1992-07-01,-0.426802
gdp,ABW,1993-07-01,-0.435851
gdp,ABW,1994-07-01,-0.435945
gdp,ABW,1995-07-01,-0.453458
gdp,ABW,1996-07-01,-0.506577
gdp,ABW,1997-07-01,-0.508699
gdp,ABW,1998-07-01,-0.545780
gdp,ABW,1999-07-01,-0.582331
gdp,ABW,2000-07-01,-0.548014
gdp,ABW,2001-07-01,-0.516008
gdp,ABW,2002-07-01,-0.540006
gdp,ABW,2003-07-01,-0.559322
gdp,ABW,2004-07-01,-0.538777
gdp,ABW,2005-07-01,-0.593549
gdp,ABW,2006-07-01,-0.618126
gdp,ABW,2007-07-01,-0.605495
gdp,ABW,2008-07-01,-0.586610
gdp,ABW,2009-07-01,-0.682703
gdp,ABW,2010-07-01,-0.730853
gdp,ABW,2011-07-01,-0.712681
gdp,ABW,2012-07-01,-0.752491
gdp,ABW,2013-07-01,-0.718472
gdp,ABW,2014-07-01,-0.731931
gdp,ABW,2015-07-01,-0.727741
gdp,ABW,2016-07-01,-0.733228
gdp,ABW,2017-07-01,-0.716314
gdp,ABW,2018-07-01,-0.709653
gdp,ABW,2019-07-01,-0.720501
gdp,ABW,2020-07-01,-0.963373
gdp,ABW,2021-07-01,-0.874985
gdp,ABW,2022-07-01,-0.789771
gdp,ABW,2023-07-01,-0.720019
gdp,ABW,2024-07-01,-0.677985
gdp,AFE,1960-07-01,-2.773179
gdp,AFE,1961-07-01,-2.801410
gdp,AFE,1962-07-01,-2.795733
gdp,AFE,1963-07-01,-2.796823
gdp,AFE,1964-07-01,-2.821557
gdp,AFE,1965-07-01,-2.849084
gdp,AFE,1966-07-01,-2.881467
gdp,AFE,1967-07-01,-2.871707
gdp,AFE,1968-07-01,-2.896787
gdp,AFE,1969-07-01,-2.896493
gdp,AFE,1970-07-01,-2.904830
gdp,AFE,1971-07-01,-2.900077
gdp,AFE,1972-07-01,-2.941756
gdp,AFE,1973-07-01,-2.971163
gdp,AFE,1974-07-01,-2.933076
gdp,AFE,1975-07-01,-2.936723
gdp,AFE,1976-07-01,-2.985657
gdp,AFE,1977-07-01,-3.038061
gdp,AFE,1978-07-01,-3.096539
gdp,AFE,1979-07-01,-3.119108
gdp,AFE,1980-07-01,-3.083840
gdp,AFE,1981-07-01,-3.091484
gdp,AFE,1982-07-01,-3.092830
gdp,AFE,1983-07-01,-3.159198
gdp,AFE,1984-07-01,-3.217253
gdp,AFE,1985-07-01,-3.280215
gdp,AFE,1986-07-01,-3.312434
gdp,AFE,1987-07-01,-3.328797
gdp,AFE,1988-07-01,-3.347715
gdp,AFE,1989-07-01,-3.376280
gdp,AFE,1990-07-01,-3.411122
gdp,AFE,1991-07-01,-3.425244
gdp,AFE,1992-07-01,-3.496850
gdp,AFE,1993-07-01,-3.546930
gdp,AFE,1994-07-01,-3.581722
gdp,AFE,1995-07-01,-3.579649
gdp,AFE,1996-07-01,-3.577970
gdp,AFE,1997-07-01,-3.597239
gdp,AFE,1998-07-01,-3.637754
gdp,AFE,1999-07-01,-3.673272
gdp,AFE,2000-07-01,-3.696751
gdp,AFE,2001-07-01,-3.687816
gdp,AFE,2002-07-01,-3.683057
gdp,AFE,2003-07-01,-3.698577
gdp,AFE,2004-07-01,-3.698675
gdp,AFE,2005-07-01,-3.690378
gdp,AFE,2006-07-01,-3.670634
gdp,AFE,2007-07-01,-3.643005
gdp,AFE,2008-07-01,-3.618482
gdp,AFE,2009-07-01,-3.601838
gdp,AFE,2010-07-01,-3.595339
gdp,AFE,2011-07-01,-3.592573
gdp,AFE,2012-07-01,-3.615531
gdp,AFE,2013-07-01,-3.611106
gdp,AFE,2014-07-01,-3.616696
gdp,AFE,2015-07-01,-3.635798
gdp,AFE,2016-07-01,-3.649714
gdp,AFE,2017-07-01,-3.667049
gdp,AFE,2018-07-01,-3.691058
gdp,AFE,2019-07-01,-3.719463
gdp,AFE,2020-07-01,-3.751085
gdp,AFE,2021-07-01,-3.792145
gdp,AFE,2022-07-01,-3.801284
gdp,AFE,2023-07-01,-3.827943
gdp,AFE,2024-07-01,-3.843122
gdp,AFE,2025-07-01,-3.847647
gdp,AFG,2000-07-01,-5.060581
gdp,AFG,2001-07-01,-5.166882
gdp,AFG,2002-07-01,-4.975449
gdp,AFG,2003-07-01,-4.971241
gdp,AFG,2004-07-01,-5.021458
gdp,AFG,2005-07-01,-4.975249
gdp,AFG,2006-07-01,-4.981810
gdp,AFG,2007-07-01,-4.881562
gdp,AFG,2008-07-01,-4.856605
gdp,AFG,2009-07-01,-4.664357
gdp,AFG,2010-07-01,-4.577635
gdp,AFG,2011-07-01,-4.617894
gdp,AFG,2012-07-01,-4.552999
gdp,AFG,2013-07-01,-4.546078
gdp,AFG,2014-07-01,-4.572487
gdp,AFG,2015-07-01,-4.610329
gdp,AFG,2016-07-01,-4.623509
gdp,AFG,2017-07-01,-4.642817
gdp,AFG,2018-07-01,-4.683472
gdp,AFG,2019-07-01,-4.695304
gdp,AFG,2020-07-01,-4.725513
gdp,AFG,2021-07-01,-5.039625
gdp,AFG,2022-07-01,-5.137651
gdp,AFG,2023-07-01,-5.157286
gdp,AFG,2024-07-01,-5.185042
gdp,AFW,1960-07-01,-2.821388
gdp,AFW,1961-07-01,-2.830066
gdp,AFW,1962-07-01,-2.858630
gdp,AFW,1963-07-01,-2.840983
gdp,AFW,1964-07-01,-2.853027
gdp,AFW,1965-07-01,-2.884358
gdp,AFW,1966-07-01,-2.973284
gdp,AFW,1967-07-01,-3.103349
gdp,AFW,1968-07-01,-3.147284
gdp,AFW,1969-07-01,-3.051621
gdp,AFW,1970-07-01,-2.906628
gdp,AFW,1971-07-01,-2.851540
gdp,AFW,1972-07-01,-2.885381
gdp,AFW,1973-07-01,-2.917501
gdp,AFW,1974-07-01,-2.834389
gdp,AFW,1975-07-01,-2.869567
gdp,AFW,1976-07-01,-2.858503
gdp,AFW,1977-07-01,-2.876222
gdp,AFW,1978-07-01,-2.966776
gdp,AFW,1979-07-01,-2.966136
gdp,AFW,1980-07-01,-2.963776
gdp,AFW,1981-07-01,-3.076200
gdp,AFW,1982-07-01,-3.110654
gdp,AFW,1983-07-01,-3.238426
gdp,AFW,1984-07-01,-3.320975
gdp,AFW,1985-07-01,-3.328399
gdp,AFW,1986-07-01,-3.368022
gdp,AFW,1987-07-01,-3.406411
gdp,AFW,1988-07-01,-3.419216
gdp,AFW,1989-07-01,-3.456455
gdp,AFW,1990-07-01,-3.435958
gdp,AFW,1991-07-01,-3.436820
gdp,AFW,1992-07-01,-3.462496
gdp,AFW,1993-07-01,-3.516761
gdp,AFW,1994-07-01,-3.572876
gdp,AFW,1995-07-01,-3.596453
gdp,AFW,1996-07-01,-3.603965
gdp,AFW,1997-07-01,-3.619719
gdp,AFW,1998-07-01,-3.643959
gdp,AFW,1999-07-01,-3.691437
gdp,AFW,2000-07-01,-3.710332
gdp,AFW,2001-07-01,-3.686782
gdp,AFW,2002-07-01,-3.627673
gdp,AFW,2003-07-01,-3.620051
gdp,AFW,2004-07-01,-3.599197
gdp,AFW,2005-07-01,-3.596248
gdp,AFW,2006-07-01,-3.590816
gdp,AFW,2007-07-01,-3.576365
gdp,AFW,2008-07-01,-3.536106
gdp,AFW,2009-07-01,-3.469629
gdp,AFW,2010-07-01,-3.448040
gdp,AFW,2011-07-01,-3.435827
gdp,AFW,2012-07-01,-3.428214
gdp,AFW,2013-07-01,-3.410139
gdp,AFW,2014-07-01,-3.398967
gdp,AFW,2015-07-01,-3.418003
gdp,AFW,2016-07-01,-3.453031
gdp,AFW,2017-07-01,-3.473746
gdp,AFW,2018-07-01,-3.493756
gdp,AFW,2019-07-01,-3.506162
gdp,AFW,2020-07-01,-3.542794
gdp,AFW,2021-07-01,-3.599344
gdp,AFW,2022-07-01,-3.597990
gdp,AFW,2023-07-01,-3.606682
gdp,AFW,2024-07-01,-3.603674
gdp,AFW,2025-07-01,-3.597934
gdp,AGO,1980-07-01,-2.277618
gdp,AGO,1981-07-01,-2.374287
gdp,AGO,1982-07-01,-2.383339
gdp,AGO,1983-07-01,-2.415032
gdp,AGO,1984-07-01,-2.455032
gdp,AGO,1985-07-01,-2.489405
gdp,AGO,1986-07-01,-2.521801
gdp,AGO,1987-07-01,-2.541547
gdp,AGO,1988-07-01,-2.547938
gdp,AGO,1989-07-01,-2.608288
gdp,AGO,1990-07-01,-2.684709
gdp,AGO,1991-07-01,-2.693989
gdp,AGO,1992-07-01,-2.807637
gdp,AGO,1993-07-01,-3.127771
gdp,AGO,1994-07-01,-3.174120
gdp,AGO,1995-07-01,-3.082340
gdp,AGO,1996-07-01,-3.014532
gdp,AGO,1997-07-01,-3.009740
gdp,AGO,1998-07-01,-3.029561
gdp,AGO,1999-07-01,-3.076224
gdp,AGO,2000-07-01,-3.108096
gdp,AGO,2001-07-01,-3.100046
gdp,AGO,2002-07-01,-3.013613
gdp,AGO,2003-07-01,-3.033246
gdp,AGO,2004-07-01,-2.989556
gdp,AGO,2005-07-01,-2.918659
gdp,AGO,2006-07-01,-2.861415
gdp,AGO,2007-07-01,-2.786929
gdp,AGO,2008-07-01,-2.713952
gdp,AGO,2009-07-01,-2.697339
gdp,AGO,2010-07-01,-2.702401
gdp,AGO,2011-07-01,-2.713572
gdp,AGO,2012-07-01,-2.685448
gdp,AGO,2013-07-01,-2.689663
gdp,AGO,2014-07-01,-2.698449
gdp,AGO,2015-07-01,-2.747948
gdp,AGO,2016-07-01,-2.796221
gdp,AGO,2017-07-01,-2.850625
gdp,AGO,2018-07-01,-2.913607
gdp,AGO,2019-07-01,-2.978453
gdp,AGO,2020-07-01,-3.040190
gdp,AGO,2021-07-01,-3.119285
gdp,AGO,2022-07-01,-3.134994
gdp,AGO,2023-07-01,-3.173381
gdp,AGO,2024-07-01,-3.173432
gdp,AGO,2025-07-01,-3.188746
gdp,ALB,1980-07-01,-2.835865
gdp,ALB,1981-07-01,-2.815274
gdp,ALB,1982-07-01,-2.779620
gdp,ALB,1983-07-01,-2.825514
gdp,ALB,1984-07-01,-2.920357
gdp,ALB,1985-07-01,-2.955255
gdp,ALB,1986-07-01,-2.944546
gdp,ALB,1987-07-01,-2.997450
gdp,ALB,1988-07-01,-3.062461
gdp,ALB,1989-07-01,-3.022136
gdp,ALB,1990-07-01,-3.148171
gdp,ALB,1991-07-01,-3.456231
gdp,ALB,1992-07-01,-3.545501
gdp,ALB,1993-07-01,-3.462062
gdp,ALB,1994-07-01,-3.403398
gdp,ALB,1995-07-01,-3.286738
gdp,ALB,1996-07-01,-3.235125
gdp,ALB,1997-07-01,-3.384903
gdp,ALB,1998-07-01,-3.330980
gdp,ALB,1999-07-01,-3.244372
gdp,ALB,2000-07-01,-3.194862
gdp,ALB,2001-07-01,-3.100163
gdp,ALB,2002-07-01,-3.059503
gdp,ALB,2003-07-01,-3.022780
gdp,ALB,2004-07-01,-2.995779
gdp,ALB,2005-07-01,-2.965651
gdp,ALB,2006-07-01,-2.918716
gdp,ALB,2007-07-01,-2.858513
gdp,ALB,2008-07-01,-2.775727
gdp,ALB,2009-07-01,-2.707567
gdp,ALB,2010-07-01,-2.691438
gdp,ALB,2011-07-01,-2.672010
gdp,ALB,2012-07-01,-2.661435
gdp,ALB,2013-07-01,-2.642467
gdp,ALB,2014-07-01,-2.621845
gdp,ALB,2015-07-01,-2.605432
gdp,ALB,2016-07-01,-2.561831
gdp,ALB,2017-07-01,-2.531445
gdp,ALB,2018-07-01,-2.503327
gdp,ALB,2019-07-01,-2.487839
gdp,ALB,2020-07-01,-2.480987
gdp,ALB,2021-07-01,-2.437786
gdp,ALB,2022-07-01,-2.394451
gdp,ALB,2023-07-01,-2.359336
gdp,ALB,2024-07-01,-2.323201
gdp,ALB,2025-07-01,-2.290514
gdp,AND,1970-07-01,0.533251
gdp,AND,1971-07-01,0.488173
gdp,AND,1972-07-01,0.457733
gdp,AND,1973-07-01,0.421369
gdp,AND,1974-07-01,0.427120
gdp,AND,1975-07-01,0.383465
gdp,AND,1976-07-01,0.314838
gdp,AND,1977-07-01,0.252789
gdp,AND,1978-07-01,0.172700
gdp,AND,1979-07-01,0.106107
gdp,AND,1980-07-01,0.097996
gdp,AND,1981-07-01,0.043394
gdp,AND,1982-07-01,0.041493
gdp,AND,1983-07-01,-0.022049
gdp,AND,1984-07-01,-0.106810
gdp,AND,1985-07-01,-0.151906
gdp,AND,1986-07-01,-0.187327
gdp,AND,1987-07-01,-0.199468
gdp,AND,1988-07-01,-0.217950
gdp,AND,1989-07-01,-0.221501
gdp,AND,1990-07-01,-0.230084
gdp,AND,1991-07-01,-0.265030
gdp,AND,1992-07-01,-0.337011
gdp,AND,1993-07-01,-0.411109
gdp,AND,1994-07-01,-0.435751
gdp,AND,1995-07-01,-0.412238
gdp,AND,1996-07-01,-0.393315
gdp,AND,1997-07-01,-0.349116
gdp,AND,1998-07-01,-0.360352
gdp,AND,1999-07-01,-0.360473
gdp,AND,2000-07-01,-0.354255
gdp,AND,2001-07-01,-0.278342
gdp,AND,2002-07-01,-0.251347
gdp,AND,2003-07-01,-0.230790
gdp,AND,2004-07-01,-0.248396
gdp,AND,2005-07-01,-0.261661
gdp,AND,2006-07-01,-0.260084
gdp,AND,2007-07-01,-0.283394
gdp,AND,2008-07-01,-0.351836
gdp,AND,2009-07-01,-0.376149
gdp,AND,2010-07-01,-0.375560
gdp,AND,2011-07-01,-0.346350
gdp,AND,2012-07-01,-0.399748
gdp,AND,2013-07-01,-0.427684
gdp,AND,2014-07-01,-0.400346
gdp,AND,2015-07-01,-0.385732
gdp,AND,2016-07-01,-0.359579
gdp,AND,2017-07-01,-0.395155
gdp,AND,2018-07-01,-0.421550
gdp,AND,2019-07-01,-0.439259
gdp,AND,2020-07-01,-0.544520
gdp,AND,2021-07-01,-0.535672
gdp,AND,2022-07-01,-0.480531
gdp,AND,2023-07-01,-0.490057
gdp,AND,2024-07-01,-0.483528
gdp,AND,2025-07-01,-0.473457
gdp,ARB,1966-07-01,-2.290686
gdp,ARB,1967-07-01,-2.267182
gdp,ARB,1968-07-01,-2.230429
gdp,ARB,1969-07-01,-2.208245
gdp,ARB,1970-07-01,-2.020989
gdp,ARB,1971-07-01,-1.997055
gdp,ARB,1972-07-01,-1.935586
gdp,ARB,1973-07-01,-1.885529
gdp,ARB,1974-07-01,-1.800618
gdp,ARB,1975-07-01,-1.819756
gdp,ARB,1976-07-01,-1.760859
gdp,ARB,1977-07-01,-1.763537
gdp,ARB,1978-07-01,-1.810595
gdp,ARB,1979-07-01,-1.764643
gdp,ARB,1980-07-01,-1.726200
gdp,ARB,1981-07-01,-1.764848
gdp,ARB,1982-07-01,-1.829726
gdp,ARB,1983-07-01,-1.935177
gdp,ARB,1984-07-01,-2.015344
gdp,ARB,1985-07-01,-2.086574
gdp,ARB,1986-07-01,-2.149526
gdp,ARB,1987-07-01,-2.201863
gdp,ARB,1988-07-01,-2.229141
gdp,ARB,1989-07-01,-2.245274
gdp,ARB,1990-07-01,-2.210119
gdp,ARB,1991-07-01,-2.225746
gdp,ARB,1992-07-01,-2.208390
gdp,ARB,1993-07-01,-2.218108
gdp,ARB,1994-07-01,-2.239772
gdp,ARB,1995-07-01,-2.251954
gdp,ARB,1996-07-01,-2.254742
gdp,ARB,1997-07-01,-2.257048
gdp,ARB,1998-07-01,-2.266843
gdp,ARB,1999-07-01,-2.298662
gdp,ARB,2000-07-01,-2.290220
gdp,ARB,2001-07-01,-2.292865
gdp,ARB,2002-07-01,-2.311530
gdp,ARB,2003-07-01,-2.312857
gdp,ARB,2004-07-01,-2.277644
gdp,ARB,2005-07-01,-2.272116
gdp,ARB,2006-07-01,-2.252951
gdp,ARB,2007-07-01,-2.243187
gdp,ARB,2008-07-01,-2.205850
gdp,ARB,2009-07-01,-2.188915
gdp,ARB,2010-07-01,-2.180722
gdp,ARB,2011-07-01,-2.173631
gdp,ARB,2012-07-01,-2.158753
gdp,ARB,2013-07-01,-2.172329
gdp,ARB,2014-07-01,-2.187196
gdp,ARB,2015-07-01,-2.199877
gdp,ARB,2016-07-01,-2.198126
gdp,ARB,2017-07-01,-2.222314
gdp,ARB,2018-07-01,-2.237107
gdp,ARB,2019-07-01,-2.258942
gdp,ARB,2020-07-01,-2.309165
gdp,ARB,2021-07-01,-2.339078
gdp,ARB,2022-07-01,-2.313660
gdp,ARB,2023-07-01,-2.340561
gdp,ARB,2024-07-01,-2.360214
gdp,ARB,2025-07-01,-2.361832
gdp,ARE,1970-07-01,0.658444
gdp,ARE,1971-07-01,0.794321
gdp,ARE,1972-07-01,0.944613
gdp,ARE,1973-07-01,1.342791
gdp,ARE,1974-07-01,1.378752
gdp,ARE,1975-07-01,1.346781
gdp,ARE,1976-07-01,1.330569
gdp,ARE,1977-07-01,1.347140
gdp,ARE,1978-07-01,1.157259
gdp,ARE,1979-07-01,1.207600
gdp,ARE,1980-07-01,1.326184
gdp,ARE,1981-07-01,1.276878
gdp,ARE,1982-07-01,1.176333
gdp,ARE,1983-07-01,1.034613
gdp,ARE,1984-07-01,0.957142
gdp,ARE,1985-07-01,0.834940
gdp,ARE,1986-07-01,0.585207
gdp,ARE,1987-07-01,0.523143
gdp,ARE,1988-07-01,0.398680
gdp,ARE,1989-07-01,0.426130
gdp,ARE,1990-07-01,0.528247
gdp,ARE,1991-07-01,0.495719
gdp,ARE,1992-07-01,0.455402
gdp,ARE,1993-07-01,0.404453
gdp,ARE,1994-07-01,0.397262
gdp,ARE,1995-07-01,0.402697
gdp,ARE,1996-07-01,0.368898
gdp,ARE,1997-07-01,0.334905
gdp,ARE,1998-07-01,0.229446
gdp,ARE,1999-07-01,0.151191
gdp,ARE,2000-07-01,0.158029
gdp,ARE,2001-07-01,0.108546
gdp,ARE,2002-07-01,0.064251
gdp,ARE,2003-07-01,0.071775
gdp,ARE,2004-07-01,0.079756
gdp,ARE,2005-07-01,0.050264
gdp,ARE,2006-07-01,0.055058
gdp,ARE,2007-07-01,-0.039824
gdp,ARE,2008-07-01,-0.113898
gdp,ARE,2009-07-01,-0.195070
gdp,ARE,2010-07-01,-0.221283
gdp,ARE,2011-07-01,-0.197282
gdp,ARE,2012-07-01,-0.205752
gdp,ARE,2013-07-01,-0.211121
gdp,ARE,2014-07-01,-0.229327
gdp,ARE,2015-07-01,-0.235739
gdp,ARE,2016-07-01,-0.240182
gdp,ARE,2017-07-01,-0.299940
gdp,ARE,2018-07-01,-0.321353
gdp,ARE,2019-07-01,-0.339624
gdp,ARE,2020-07-01,-0.400705
gdp,ARE,2021-07-01,-0.432663
gdp,ARE,2022-07-01,-0.430326
gdp,ARE,2023-07-01,-0.448681
gdp,ARE,2024-07-01,-0.474318
gdp,ARG,1960-07-01,-0.942905
gdp,ARG,1961-07-01,-0.912762
gdp,ARG,1962-07-01,-0.981719
gdp,ARG,1963-07-01,-1.081363
gdp,ARG,1964-07-01,-1.043462
gdp,ARG,1965-07-01,-1.008164
gdp,ARG,1966-07-01,-1.081524
gdp,ARG,1967-07-01,-1.079162
gdp,ARG,1968-07-01,-1.084263
gdp,ARG,1969-07-01,-1.027978
gdp,ARG,1970-07-01,-1.004090
gdp,ARG,1971-07-01,-0.984548
gdp,ARG,1972-07-01,-1.024743
gdp,ARG,1973-07-01,-1.058557
gdp,ARG,1974-07-01,-1.006587
gdp,ARG,1975-07-01,-1.011034
gdp,ARG,1976-07-01,-1.090052
gdp,ARG,1977-07-01,-1.073992
gdp,ARG,1978-07-01,-1.179367
gdp,ARG,1979-07-01,-1.118135
gdp,ARG,1980-07-01,-1.106825
gdp,ARG,1981-07-01,-1.191385
gdp,ARG,1982-07-01,-1.187083
gdp,ARG,1983-07-01,-1.196205
gdp,ARG,1984-07-01,-1.257751
gdp,ARG,1985-07-01,-1.358751
gdp,ARG,1986-07-01,-1.339389
gdp,ARG,1987-07-01,-1.353175
gdp,ARG,1988-07-01,-1.411474
gdp,ARG,1989-07-01,-1.527668
gdp,ARG,1990-07-01,-1.574953
gdp,ARG,1991-07-01,-1.487487
gdp,ARG,1992-07-01,-1.445700
gdp,ARG,1993-07-01,-1.394321
gdp,ARG,1994-07-01,-1.378236
gdp,ARG,1995-07-01,-1.434787
gdp,ARG,1996-07-01,-1.418967
gdp,ARG,1997-07-01,-1.384596
gdp,ARG,1998-07-01,-1.390770
gdp,ARG,1999-07-01,-1.472031
gdp,ARG,2000-07-01,-1.520122
gdp,ARG,2001-07-01,-1.575804
gdp,ARG,2002-07-01,-1.709431
gdp,ARG,2003-07-01,-1.654058
gdp,ARG,2004-07-01,-1.606251
gdp,ARG,2005-07-01,-1.556735
gdp,ARG,2006-07-01,-1.507443
gdp,ARG,2007-07-01,-1.441436
gdp,ARG,2008-07-01,-1.403470
gdp,ARG,2009-07-01,-1.440208
gdp,ARG,2010-07-01,-1.372456
gdp,ARG,2011-07-01,-1.332396
gdp,ARG,2012-07-01,-1.367639
gdp,ARG,2013-07-01,-1.367192
gdp,ARG,2014-07-01,-1.419921
gdp,ARG,2015-07-01,-1.424499
gdp,ARG,2016-07-01,-1.465386
gdp,ARG,2017-07-01,-1.463753
gdp,ARG,2018-07-01,-1.521875
gdp,ARG,2019-07-01,-1.569554
gdp,ARG,2020-07-01,-1.653537
gdp,ARG,2021-07-01,-1.615006
gdp,ARG,2022-07-01,-1.577885
gdp,ARG,2023-07-01,-1.620183
gdp,ARG,2024-07-01,-1.655109
gdp,ARG,2025-07-01,-1.631913
gdp,ARM,1990-07-01,-3.171533
gdp,ARM,1991-07-01,-3.298778
gdp,ARM,1992-07-01,-3.849091
gdp,ARM,1993-07-01,-3.921419
gdp,ARM,1994-07-01,-3.870035
gdp,ARM,1995-07-01,-3.800799
gdp,ARM,1996-07-01,-3.760441
gdp,ARM,1997-07-01,-3.749296
gdp,ARM,1998-07-01,-3.699296
gdp,ARM,1999-07-01,-3.689221
gdp,ARM,2000-07-01,-3.677582
gdp,ARM,2001-07-01,-3.582636
gdp,ARM,2002-07-01,-3.462490
gdp,ARM,2003-07-01,-3.345019
gdp,ARM,2004-07-01,-3.268129
gdp,ARM,2005-07-01,-3.157141
gdp,ARM,2006-07-01,-3.044824
gdp,ARM,2007-07-01,-2.920441
gdp,ARM,2008-07-01,-2.838840
gdp,ARM,2009-07-01,-2.949099
gdp,ARM,2010-07-01,-2.938532
gdp,ARM,2011-07-01,-2.894637
gdp,ARM,2012-07-01,-2.838504
gdp,ARM,2013-07-01,-2.818734
gdp,ARM,2014-07-01,-2.797614
gdp,ARM,2015-07-01,-2.784109
gdp,ARM,2016-07-01,-2.788184
gdp,ARM,2017-07-01,-2.728893
gdp,ARM,2018-07-01,-2.698072
gdp,ARM,2019-07-01,-2.642989
gdp,ARM,2020-07-01,-2.692256
gdp,ARM,2021-07-01,-2.694275
gdp,ARM,2022-07-01,-2.597165
gdp,ARM,2023-07-01,-2.536474
gdp,ARM,2024-07-01,-2.520173
gdp,ARM,2025-07-01,-2.484191
gdp,ASM,2002-07-01,-1.322011
gdp,ASM,2003-07-01,-1.329783
gdp,ASM,2004-07-01,-1.351505
gdp,ASM,2005-07-01,-1.377077
gdp,ASM,2006-07-01,-1.432445
gdp,ASM,2007-07-01,-1.419785
gdp,ASM,2008-07-01,-1.433303
gdp,ASM,2009-07-01,-1.435605
gdp,ASM,2010-07-01,-1.445327
gdp,ASM,2011-07-01,-1.446879
gdp,ASM,2012-07-01,-1.498420
gdp,ASM,2013-07-01,-1.528226
gdp,ASM,2014-07-01,-1.517667
gdp,ASM,2015-07-01,-1.496649
gdp,ASM,2016-07-01,-1.511717
gdp,ASM,2017-07-01,-1.588810
gdp,ASM,2018-07-01,-1.572589
gdp,ASM,2019-07-01,-1.584012
gdp,ASM,2020-07-01,-1.506758
gdp,ASM,2021-07-01,-1.561912
gdp,ASM,2022-07-01,-1.545846
gdp,ATG,1977-07-01,-1.583250
gdp,ATG,1978-07-01,-1.586379
gdp,ATG,1979-07-01,-1.532495
gdp,ATG,1980-07-01,-1.445579
gdp,ATG,1981-07-01,-1.425744
gdp,ATG,1982-07-01,-1.400706
gdp,ATG,1983-07-01,-1.386428
gdp,ATG,1984-07-01,-1.350024
gdp,ATG,1985-07-01,-1.303860
gdp,ATG,1986-07-01,-1.214972
gdp,ATG,1987-07-01,-1.170691
gdp,ATG,1988-07-01,-1.146650
gdp,ATG,1989-07-01,-1.117385
gdp,ATG,1990-07-01,-1.091001
gdp,ATG,1991-07-01,-1.060097
gdp,ATG,1992-07-01,-1.085245
gdp,ATG,1993-07-01,-1.065953
gdp,ATG,1994-07-01,-1.047529
gdp,ATG,1995-07-01,-1.126625
gdp,ATG,1996-07-01,-1.108719
gdp,ATG,1997-07-01,-1.107411
gdp,ATG,1998-07-01,-1.112327
gdp,ATG,1999-07-01,-1.128380
gdp,ATG,2000-07-01,-1.113804
gdp,ATG,2001-07-01,-1.175291
gdp,ATG,2002-07-01,-1.185235
gdp,ATG,2003-07-01,-1.156220
gdp,ATG,2004-07-01,-1.139316
gdp,ATG,2005-07-01,-1.112881
gdp,ATG,2006-07-01,-1.023468
gdp,ATG,2007-07-01,-0.958288
gdp,ATG,2008-07-01,-0.964781
gdp,ATG,2009-07-01,-1.072418
gdp,ATG,2010-07-01,-1.185736
gdp,ATG,2011-07-01,-1.224908
gdp,ATG,2012-07-01,-1.217074
gdp,ATG,2013-07-01,-1.245665
gdp,ATG,2014-07-01,-1.248814
gdp,ATG,2015-07-01,-1.262978
gdp,ATG,2016-07-01,-1.239019
gdp,ATG,2017-07-01,-1.235134
gdp,ATG,2018-07-01,-1.198590
gdp,ATG,2019-07-01,-1.192525
gdp,ATG,2020-07-01,-1.381770
gdp,ATG,2021-07-01,-1.366800
gdp,ATG,2022-07-01,-1.309779
gdp,ATG,2023-07-01,-1.297662
gdp,ATG,2024-07-01,-1.295397
gdp,ATG,2025-07-01,-1.267434
gdp,AUS,1960-07-01,0.049587
gdp,AUS,1961-07-01,0.048033
gdp,AUS,1962-07-01,-0.007319
gdp,AUS,1963-07-01,0.005124
gdp,AUS,1964-07-01,0.010460
gdp,AUS,1965-07-01,-0.000614
gdp,AUS,1966-07-01,-0.051341
gdp,AUS,1967-07-01,-0.016607
gdp,AUS,1968-07-01,-0.021452
gdp,AUS,1969-07-01,0.004964
gdp,AUS,1970-07-01,0.064039
gdp,AUS,1971-07-01,0.049713
gdp,AUS,1972-07-01,0.029142
gdp,AUS,1973-07-01,-0.005674
gdp,AUS,1974-07-01,0.023816
gdp,AUS,1975-07-01,0.036720
gdp,AUS,1976-07-01,0.009266
gdp,AUS,1977-07-01,-0.001854
gdp,AUS,1978-07-01,-0.047848
gdp,AUS,1979-07-01,-0.039071
gdp,AUS,1980-07-01,-0.009199
gdp,AUS,1981-07-01,-0.007186
gdp,AUS,1982-07-01,0.035949
gdp,AUS,1983-07-01,-0.035920
gdp,AUS,1984-07-01,-0.064500
gdp,AUS,1985-07-01,-0.058340
gdp,AUS,1986-07-01,-0.058674
gdp,AUS,1987-07-01,-0.073664
gdp,AUS,1988-07-01,-0.065851
gdp,AUS,1989-07-01,-0.071343
gdp,AUS,1990-07-01,-0.058425
gdp,AUS,1991-07-01,-0.060579
gdp,AUS,1992-07-01,-0.088203
gdp,AUS,1993-07-01,-0.071397
gdp,AUS,1994-07-01,-0.069247
gdp,AUS,1995-07-01,-0.056803
gdp,AUS,1996-07-01,-0.056412
gdp,AUS,1997-07-01,-0.060272
gdp,AUS,1998-07-01,-0.056731
gdp,AUS,1999-07-01,-0.053901
gdp,AUS,2000-07-01,-0.055771
gdp,AUS,2001-07-01,-0.048113
gdp,AUS,2002-07-01,-0.028334
gdp,AUS,2003-07-01,-0.028369
gdp,AUS,2004-07-01,-0.026238
gdp,AUS,2005-07-01,-0.032369
gdp,AUS,2006-07-01,-0.036353
gdp,AUS,2007-07-01,-0.027739
gdp,AUS,2008-07-01,-0.003856
gdp,AUS,2009-07-01,0.029765
gdp,AUS,2010-07-01,0.017934
gdp,AUS,2011-07-01,0.020104
gdp,AUS,2012-07-01,0.026761
gdp,AUS,2013-07-01,0.022356
gdp,AUS,2014-07-01,0.016155
gdp,AUS,2015-07-01,0.002124
gdp,AUS,2016-07-01,0.003514
gdp,AUS,2017-07-01,-0.007631
gdp,AUS,2018-07-01,-0.017623
gdp,AUS,2019-07-01,-0.031054
gdp,AUS,2020-07-01,-0.019606
gdp,AUS,2021-07-01,-0.059273
gdp,AUS,2022-07-01,-0.049751
gdp,AUS,2023-07-01,-0.059580
gdp,AUS,2024-07-01,-0.083733
gdp,AUS,2025-07-01,-0.101809
gdp,AUT,1960-07-01,-0.467897
gdp,AUT,1961-07-01,-0.425643
gdp,AUT,1962-07-01,-0.449462
gdp,AUT,1963-07-01,-0.444004
gdp,AUT,1964-07-01,-0.433718
gdp,AUT,1965-07-01,-0.455539
gdp,AUT,1966-07-01,-0.459085
gdp,AUT,1967-07-01,-0.450726
gdp,AUT,1968-07-01,-0.449066
gdp,AUT,1969-07-01,-0.412408
gdp,AUT,1970-07-01,-0.337608
gdp,AUT,1971-07-01,-0.311939
gdp,AUT,1972-07-01,-0.298038
gdp,AUT,1973-07-01,-0.301208
gdp,AUT,1974-07-01,-0.249690
gdp,AUT,1975-07-01,-0.238762
gdp,AUT,1976-07-01,-0.235205
gdp,AUT,1977-07-01,-0.221184
gdp,AUT,1978-07-01,-0.265762
gdp,AUT,1979-07-01,-0.232009
gdp,AUT,1980-07-01,-0.202676
gdp,AUT,1981-07-01,-0.221917
gdp,AUT,1982-07-01,-0.174993
gdp,AUT,1983-07-01,-0.179754
gdp,AUT,1984-07-01,-0.240387
gdp,AUT,1985-07-01,-0.248165
gdp,AUT,1986-07-01,-0.250846
gdp,AUT,1987-07-01,-0.263023
gdp,AUT,1988-07-01,-0.263853
gdp,AUT,1989-07-01,-0.256844
gdp,AUT,1990-07-01,-0.229313
gdp,AUT,1991-07-01,-0.191013
gdp,AUT,1992-07-01,-0.202050
gdp,AUT,1993-07-01,-0.219001
gdp,AUT,1994-07-01,-0.226349
gdp,AUT,1995-07-01,-0.216133
gdp,AUT,1996-07-01,-0.220966
gdp,AUT,1997-07-01,-0.232339
gdp,AUT,1998-07-01,-0.231302
gdp,AUT,1999-07-01,-0.231609
gdp,AUT,2000-07-01,-0.231455
gdp,AUT,2001-07-01,-0.221812
gdp,AUT,2002-07-01,-0.219580
gdp,AUT,2003-07-01,-0.232078
gdp,AUT,2004-07-01,-0.241455
gdp,AUT,2005-07-01,-0.250354
gdp,AUT,2006-07-01,-0.240954
gdp,AUT,2007-07-01,-0.217468
gdp,AUT,2008-07-01,-0.197847
gdp,AUT,2009-07-01,-0.202119
gdp,AUT,2010-07-01,-0.204728
gdp,AUT,2011-07-01,-0.186844
gdp,AUT,2012-07-01,-0.199789
gdp,AUT,2013-07-01,-0.221585
gdp,AUT,2014-07-01,-0.238836
gdp,AUT,2015-07-01,-0.258146
gdp,AUT,2016-07-01,-0.258183
gdp,AUT,2017-07-01,-0.260011
gdp,AUT,2018-07-01,-0.263713
gdp,AUT,2019-07-01,-0.271121
gdp,AUT,2020-07-01,-0.315421
gdp,AUT,2021-07-01,-0.329849
gdp,AUT,2022-07-01,-0.306710
gdp,AUT,2023-07-01,-0.345193
gdp,AUT,2024-07-01,-0.374803
gdp,AUT,2025-07-01,-0.388106
gdp,AZE,1990-07-01,-2.615618
gdp,AZE,1991-07-01,-2.621501
gdp,AZE,1992-07-01,-2.913550
gdp,AZE,1993-07-01,-3.205332
gdp,AZE,1994-07-01,-3.465454
gdp,AZE,1995-07-01,-3.617156
gdp,AZE,1996-07-01,-3.639757
gdp,AZE,1997-07-01,-3.624495
gdp,AZE,1998-07-01,-3.570875
gdp,AZE,1999-07-01,-3.543550
gdp,AZE,2000-07-01,-3.475344
gdp,AZE,2001-07-01,-3.388303
gdp,AZE,2002-07-01,-3.313152
gdp,AZE,2003-07-01,-3.242504
gdp,AZE,2004-07-01,-3.191256
gdp,AZE,2005-07-01,-2.979945
gdp,AZE,2006-07-01,-2.712610
gdp,AZE,2007-07-01,-2.507436
gdp,AZE,2008-07-01,-2.419439
gdp,AZE,2009-07-01,-2.315769
gdp,AZE,2010-07-01,-2.299024
gdp,AZE,2011-07-01,-2.335508
gdp,AZE,2012-07-01,-2.341654
gdp,AZE,2013-07-01,-2.311190
gdp,AZE,2014-07-01,-2.313045
gdp,AZE,2015-07-01,-2.335567
gdp,AZE,2016-07-01,-2.388036
gdp,AZE,2017-07-01,-2.413663
gdp,AZE,2018-07-01,-2.430803
gdp,AZE,2019-07-01,-2.435133
gdp,AZE,2020-07-01,-2.459754
gdp,AZE,2021-07-01,-2.467651
gdp,AZE,2022-07-01,-2.441213
gdp,AZE,2023-07-01,-2.449657
gdp,AZE,2024-07-01,-2.431667
gdp,AZE,2025-07-01,-2.437751
gdp,BDI,1960-07-01,-4.320360
gdp,BDI,1961-07-01,-4.499709
gdp,BDI,1962-07-01,-4.482146
gdp,BDI,1963-07-01,-4.491355
gdp,BDI,1964-07-01,-4.501487
gdp,BDI,1965-07-01,-4.539781
gdp,BDI,1966-07-01,-4.570199
gdp,BDI,1967-07-01,-4.479925
gdp,BDI,1968-07-01,-4.543666
gdp,BDI,1969-07-01,-4.600839
gdp,BDI,1970-07-01,-4.419761
gdp,BDI,1971-07-01,-4.436721
gdp,BDI,1972-07-01,-4.543374
gdp,BDI,1973-07-01,-4.520708
gdp,BDI,1974-07-01,-4.538489
gdp,BDI,1975-07-01,-4.544423
gdp,BDI,1976-07-01,-4.533372
gdp,BDI,1977-07-01,-4.485608
gdp,BDI,1978-07-01,-4.567225
gdp,BDI,1979-07-01,-4.595701
gdp,BDI,1980-07-01,-4.615642
gdp,BDI,1981-07-01,-4.556849
gdp,BDI,1982-07-01,-4.564668
gdp,BDI,1983-07-01,-4.590659
gdp,BDI,1984-07-01,-4.674543
gdp,BDI,1985-07-01,-4.616742
gdp,BDI,1986-07-01,-4.628325
gdp,BDI,1987-07-01,-4.622594
gdp,BDI,1988-07-01,-4.627500
gdp,BDI,1989-07-01,-4.660349
gdp,BDI,1990-07-01,-4.654198
gdp,BDI,1991-07-01,-4.611682
gdp,BDI,1992-07-01,-4.649118
gdp,BDI,1993-07-01,-4.696027
gdp,BDI,1994-07-01,-4.768815
gdp,BDI,1995-07-01,-4.925768
gdp,BDI,1996-07-01,-5.035239
gdp,BDI,1997-07-01,-5.082661
gdp,BDI,1998-07-01,-5.087556
gdp,BDI,1999-07-01,-5.156959
gdp,BDI,2000-07-01,-5.215179
gdp,BDI,2001-07-01,-5.219499
gdp,BDI,2002-07-01,-5.211780
gdp,BDI,2003-07-01,-5.274661
gdp,BDI,2004-07-01,-5.293235
gdp,BDI,2005-07-01,-5.346443
gdp,BDI,2006-07-01,-5.347558
gdp,BDI,2007-07-01,-5.361005
gdp,BDI,2008-07-01,-5.346016
gdp,BDI,2009-07-01,-5.324637
gdp,BDI,2010-07-01,-5.339898
gdp,BDI,2011-07-01,-5.343819
gdp,BDI,2012-07-01,-5.350873
gdp,BDI,2013-07-01,-5.352118
gdp,BDI,2014-07-01,-5.361455
gdp,BDI,2015-07-01,-5.409244
gdp,BDI,2016-07-01,-5.405137
gdp,BDI,2017-07-01,-5.408389
gdp,BDI,2018-07-01,-5.409904
gdp,BDI,2019-07-01,-5.419472
gdp,BDI,2020-07-01,-5.420380
gdp,BDI,2021-07-01,-5.473894
gdp,BDI,2022-07-01,-5.497275
gdp,BDI,2023-07-01,-5.513218
gdp,BDI,2024-07-01,-5.516705
gdp,BDI,2025-07-01,-5.515406
gdp,BEL,1960-07-01,-0.483053
gdp,BEL,1961-07-01,-0.443953
gdp,BEL,1962-07-01,-0.440958
gdp,BEL,1963-07-01,-0.434506
gdp,BEL,1964-07-01,-0.419207
gdp,BEL,1965-07-01,-0.442835
gdp,BEL,1966-07-01,-0.469944
gdp,BEL,1967-07-01,-0.451362
gdp,BEL,1968-07-01,-0.451110
gdp,BEL,1969-07-01,-0.410505
gdp,BEL,1970-07-01,-0.340415
gdp,BEL,1971-07-01,-0.322906
gdp,BEL,1972-07-01,-0.315736
gdp,BEL,1973-07-01,-0.302395
gdp,BEL,1974-07-01,-0.246343
gdp,BEL,1975-07-01,-0.257170
gdp,BEL,1976-07-01,-0.246946
gdp,BEL,1977-07-01,-0.277086
gdp,BEL,1978-07-01,-0.293275
gdp,BEL,1979-07-01,-0.291166
gdp,BEL,1980-07-01,-0.236620
gdp,BEL,1981-07-01,-0.254636
gdp,BEL,1982-07-01,-0.220704
gdp,BEL,1983-07-01,-0.253186
gdp,BEL,1984-07-01,-0.290014
gdp,BEL,1985-07-01,-0.305918
gdp,BEL,1986-07-01,-0.313010
gdp,BEL,1987-07-01,-0.316082
gdp,BEL,1988-07-01,-0.304952
gdp,BEL,1989-07-01,-0.301101
gdp,BEL,1990-07-01,-0.280579
gdp,BEL,1991-07-01,-0.251684
gdp,BEL,1992-07-01,-0.261300
gdp,BEL,1993-07-01,-0.288831
gdp,BEL,1994-07-01,-0.287390
gdp,BEL,1995-07-01,-0.280499
gdp,BEL,1996-07-01,-0.294725
gdp,BEL,1997-07-01,-0.291381
gdp,BEL,1998-07-01,-0.306286
gdp,BEL,1999-07-01,-0.309054
gdp,BEL,2000-07-01,-0.303825
gdp,BEL,2001-07-01,-0.295941
gdp,BEL,2002-07-01,-0.291082
gdp,BEL,2003-07-01,-0.303920
gdp,BEL,2004-07-01,-0.301660
gdp,BEL,2005-07-01,-0.309234
gdp,BEL,2006-07-01,-0.308449
gdp,BEL,2007-07-01,-0.290012
gdp,BEL,2008-07-01,-0.285130
gdp,BEL,2009-07-01,-0.277555
gdp,BEL,2010-07-01,-0.278083
gdp,BEL,2011-07-01,-0.279564
gdp,BEL,2012-07-01,-0.298260
gdp,BEL,2013-07-01,-0.313314
gdp,BEL,2014-07-01,-0.317217
gdp,BEL,2015-07-01,-0.329428
gdp,BEL,2016-07-01,-0.332802
gdp,BEL,2017-07-01,-0.339367
gdp,BEL,2018-07-01,-0.348682
gdp,BEL,2019-07-01,-0.350311
gdp,BEL,2020-07-01,-0.378618
gdp,BEL,2021-07-01,-0.380197
gdp,BEL,2022-07-01,-0.368057
gdp,BEL,2023-07-01,-0.381763
gdp,BEL,2024-07-01,-0.395449
gdp,BEL,2025-07-01,-0.408813
gdp,BEN,1960-07-01,-3.365721
gdp,BEN,1961-07-01,-3.357476
gdp,BEN,1962-07-01,-3.453771
gdp,BEN,1963-07-01,-3.454578
gdp,BEN,1964-07-01,-3.451755
gdp,BEN,1965-07-01,-3.469453
gdp,BEN,1966-07-01,-3.505982
gdp,BEN,1967-07-01,-3.529695
gdp,BEN,1968-07-01,-3.549989
gdp,BEN,1969-07-01,-3.563943
gdp,BEN,1970-07-01,-3.555742
gdp,BEN,1971-07-01,-3.613066
gdp,BEN,1972-07-01,-3.614249
gdp,BEN,1973-07-01,-3.646637
gdp,BEN,1974-07-01,-3.623048
gdp,BEN,1975-07-01,-3.685640
gdp,BEN,1976-07-01,-3.744689
gdp,BEN,1977-07-01,-3.756640
gdp,BEN,1978-07-01,-3.813356
gdp,BEN,1979-07-01,-3.796776
gdp,BEN,1980-07-01,-3.746557
gdp,BEN,1981-07-01,-3.695305
gdp,BEN,1982-07-01,-3.674343
gdp,BEN,1983-07-01,-3.783487
gdp,BEN,1984-07-01,-3.797613
gdp,BEN,1985-07-01,-3.786545
gdp,BEN,1986-07-01,-3.819694
gdp,BEN,1987-07-01,-3.889974
gdp,BEN,1988-07-01,-3.918754
gdp,BEN,1989-07-01,-4.004924
gdp,BEN,1990-07-01,-3.957081
gdp,BEN,1991-07-01,-3.932092
gdp,BEN,1992-07-01,-3.954589
gdp,BEN,1993-07-01,-3.956194
gdp,BEN,1994-07-01,-4.000828
gdp,BEN,1995-07-01,-3.977858
gdp,BEN,1996-07-01,-3.987090
gdp,BEN,1997-07-01,-3.992319
gdp,BEN,1998-07-01,-4.016502
gdp,BEN,1999-07-01,-4.030691
gdp,BEN,2000-07-01,-4.033371
gdp,BEN,2001-07-01,-4.011569
gdp,BEN,2002-07-01,-4.004169
gdp,BEN,2003-07-01,-4.019783
gdp,BEN,2004-07-01,-4.035557
gdp,BEN,2005-07-01,-4.075802
gdp,BEN,2006-07-01,-4.086152
gdp,BEN,2007-07-01,-4.067892
gdp,BEN,2008-07-01,-4.041960
gdp,BEN,2009-07-01,-4.014153
gdp,BEN,2010-07-01,-4.041209
gdp,BEN,2011-07-01,-4.049380
gdp,BEN,2012-07-01,-4.046715
gdp,BEN,2013-07-01,-4.020149
gdp,BEN,2014-07-01,-4.005026
gdp,BEN,2015-07-01,-4.037991
gdp,BEN,2016-07-01,-4.044561
gdp,BEN,2017-07-01,-4.035557
gdp,BEN,2018-07-01,-4.022237
gdp,BEN,2019-07-01,-4.003547
gdp,BEN,2020-07-01,-3.967289
gdp,BEN,2021-07-01,-3.982230
gdp,BEN,2022-07-01,-3.966287
gdp,BEN,2023-07-01,-3.950619
gdp,BEN,2024-07-01,-3.921300
gdp,BEN,2025-07-01,-3.883841
gdp,BFA,1960-07-01,-4.353896
gdp,BFA,1961-07-01,-4.334875
gdp,BFA,1962-07-01,-4.333853
gdp,BFA,1963-07-01,-4.390202
gdp,BFA,1964-07-01,-4.425504
gdp,BFA,1965-07-01,-4.454085
gdp,BFA,1966-07-01,-4.516530
gdp,BFA,1967-07-01,-4.462517
gdp,BFA,1968-07-01,-4.486350
gdp,BFA,1969-07-01,-4.504344
gdp,BFA,1970-07-01,-4.511152
gdp,BFA,1971-07-01,-4.534134
gdp,BFA,1972-07-01,-4.569034
gdp,BFA,1973-07-01,-4.627794
gdp,BFA,1974-07-01,-4.552557
gdp,BFA,1975-07-01,-4.531251
gdp,BFA,1976-07-01,-4.513741
gdp,BFA,1977-07-01,-4.568497
gdp,BFA,1978-07-01,-4.591653
gdp,BFA,1979-07-01,-4.601693
gdp,BFA,1980-07-01,-4.608428
gdp,BFA,1981-07-01,-4.609313
gdp,BFA,1982-07-01,-4.517878
gdp,BFA,1983-07-01,-4.578430
gdp,BFA,1984-07-01,-4.686448
gdp,BFA,1985-07-01,-4.665570
gdp,BFA,1986-07-01,-4.642034
gdp,BFA,1987-07-01,-4.696786
gdp,BFA,1988-07-01,-4.699159
gdp,BFA,1989-07-01,-4.731054
gdp,BFA,1990-07-01,-4.770837
gdp,BFA,1991-07-01,-4.694934
gdp,BFA,1992-07-01,-4.738029
gdp,BFA,1993-07-01,-4.742825
gdp,BFA,1994-07-01,-4.782213
gdp,BFA,1995-07-01,-4.766846
gdp,BFA,1996-07-01,-4.713341
gdp,BFA,1997-07-01,-4.709339
gdp,BFA,1998-07-01,-4.698647
gdp,BFA,1999-07-01,-4.691895
gdp,BFA,2000-07-01,-4.731866
gdp,BFA,2001-07-01,-4.697950
gdp,BFA,2002-07-01,-4.693829
gdp,BFA,2003-07-01,-4.668857
gdp,BFA,2004-07-01,-4.684998
gdp,BFA,2005-07-01,-4.658421
gdp,BFA,2006-07-01,-4.646792
gdp,BFA,2007-07-01,-4.647159
gdp,BFA,2008-07-01,-4.611837
gdp,BFA,2009-07-01,-4.576970
gdp,BFA,2010-07-01,-4.543277
gdp,BFA,2011-07-01,-4.516316
gdp,BFA,2012-07-01,-4.498607
gdp,BFA,2013-07-01,-4.485697
gdp,BFA,2014-07-01,-4.490037
gdp,BFA,2015-07-01,-4.502244
gdp,BFA,2016-07-01,-4.483798
gdp,BFA,2017-07-01,-4.469490
gdp,BFA,2018-07-01,-4.455874
gdp,BFA,2019-07-01,-4.444309
gdp,BFA,2020-07-01,-4.423634
gdp,BFA,2021-07-01,-4.438407
gdp,BFA,2022-07-01,-4.464597
gdp,BFA,2023-07-01,-4.478428
gdp,BFA,2024-07-01,-4.471628
gdp,BFA,2025-07-01,-4.458277
gdp,BGD,1960-07-01,-3.789363
gdp,BGD,1961-07-01,-3.764895
gdp,BGD,1962-07-01,-3.784671
gdp,BGD,1963-07-01,-3.847057
gdp,BGD,1964-07-01,-3.814807
gdp,BGD,1965-07-01,-3.877611
gdp,BGD,1966-07-01,-3.932768
gdp,BGD,1967-07-01,-3.994927
gdp,BGD,1968-07-01,-3.970604
gdp,BGD,1969-07-01,-4.007651
gdp,BGD,1970-07-01,-3.969375
gdp,BGD,1971-07-01,-4.062963
gdp,BGD,1972-07-01,-4.273229
gdp,BGD,1973-07-01,-4.314520
gdp,BGD,1974-07-01,-4.236682
gdp,BGD,1975-07-01,-4.292727
gdp,BGD,1976-07-01,-4.306011
gdp,BGD,1977-07-01,-4.339662
gdp,BGD,1978-07-01,-4.338995
gdp,BGD,1979-07-01,-4.336319
gdp,BGD,1980-07-01,-4.339925
gdp,BGD,1981-07-01,-4.310977
gdp,BGD,1982-07-01,-4.289562
gdp,BGD,1983-07-01,-4.313956
gdp,BGD,1984-07-01,-4.353927
gdp,BGD,1985-07-01,-4.377670
gdp,BGD,1986-07-01,-4.385061
gdp,BGD,1987-07-01,-4.395444
gdp,BGD,1988-07-01,-4.424683
gdp,BGD,1989-07-01,-4.443806
gdp,BGD,1990-07-01,-4.416398
gdp,BGD,1991-07-01,-4.386799
gdp,BGD,1992-07-01,-4.373401
gdp,BGD,1993-07-01,-4.359948
gdp,BGD,1994-07-01,-4.367563
gdp,BGD,1995-07-01,-4.350784
gdp,BGD,1996-07-01,-4.350227
gdp,BGD,1997-07-01,-4.356313
gdp,BGD,1998-07-01,-4.356917
gdp,BGD,1999-07-01,-4.365558
gdp,BGD,2000-07-01,-4.361090
gdp,BGD,2001-07-01,-4.327846
gdp,BGD,2002-07-01,-4.313248
gdp,BGD,2003-07-01,-4.300472
gdp,BGD,2004-07-01,-4.291520
gdp,BGD,2005-07-01,-4.265840
gdp,BGD,2006-07-01,-4.230686
gdp,BGD,2007-07-01,-4.183566
gdp,BGD,2008-07-01,-4.126828
gdp,BGD,2009-07-01,-4.052058
gdp,BGD,2010-07-01,-4.024736
gdp,BGD,2011-07-01,-3.978780
gdp,BGD,2012-07-01,-3.939837
gdp,BGD,2013-07-01,-3.904215
gdp,BGD,2014-07-01,-3.871447
gdp,BGD,2015-07-01,-3.837967
gdp,BGD,2016-07-01,-3.788347
gdp,BGD,2017-07-01,-3.750385
gdp,BGD,2018-07-01,-3.711324
gdp,BGD,2019-07-01,-3.664280
gdp,BGD,2020-07-01,-3.613625
gdp,BGD,2021-07-01,-3.612819
gdp,BGD,2022-07-01,-3.573705
gdp,BGD,2023-07-01,-3.550473
gdp,BGD,2024-07-01,-3.539202
gdp,BGD,2025-07-01,-3.533223
gdp,BGR,1980-07-01,-2.204862
gdp,BGR,1981-07-01,-2.175602
gdp,BGR,1982-07-01,-2.127755
gdp,BGR,1983-07-01,-2.132197
gdp,BGR,1984-07-01,-2.162344
gdp,BGR,1985-07-01,-2.167837
gdp,BGR,1986-07-01,-2.151156
gdp,BGR,1987-07-01,-2.118869
gdp,BGR,1988-07-01,-2.047972
gdp,BGR,1989-07-01,-2.096344
gdp,BGR,1990-07-01,-2.181295
gdp,BGR,1991-07-01,-2.245179
gdp,BGR,1992-07-01,-2.330694
gdp,BGR,1993-07-01,-2.351590
gdp,BGR,1994-07-01,-2.357414
gdp,BGR,1995-07-01,-2.338932
gdp,BGR,1996-07-01,-2.308429
gdp,BGR,1997-07-01,-2.485978
gdp,BGR,1998-07-01,-2.474312
gdp,BGR,1999-07-01,-2.591691
gdp,BGR,2000-07-01,-2.570740
gdp,BGR,2001-07-01,-2.512922
gdp,BGR,2002-07-01,-2.441739
gdp,BGR,2003-07-01,-2.401749
gdp,BGR,2004-07-01,-2.359629
gdp,BGR,2005-07-01,-2.308940
gdp,BGR,2006-07-01,-2.253355
gdp,BGR,2007-07-01,-2.191909
gdp,BGR,2008-07-01,-2.117076
gdp,BGR,2009-07-01,-2.109808
gdp,BGR,2010-07-01,-2.105925
gdp,BGR,2011-07-01,-2.086426
gdp,BGR,2012-07-01,-2.087822
gdp,BGR,2013-07-01,-2.086486
gdp,BGR,2014-07-01,-2.081856
gdp,BGR,2015-07-01,-2.056785
gdp,BGR,2016-07-01,-2.024160
gdp,BGR,2017-07-01,-2.001181
gdp,BGR,2018-07-01,-1.987802
gdp,BGR,2019-07-01,-1.956812
gdp,BGR,2020-07-01,-1.953498
gdp,BGR,2021-07-01,-1.929611
gdp,BGR,2022-07-01,-1.902313
gdp,BGR,2023-07-01,-1.903468
gdp,BGR,2024-07-01,-1.887303
gdp,BGR,2025-07-01,-1.871706
gdp,BHR,1970-07-01,-0.370257
gdp,BHR,1971-07-01,-0.400077
gdp,BHR,1972-07-01,-0.383727
gdp,BHR,1973-07-01,-0.351854
gdp,BHR,1974-07-01,-0.308308
gdp,BHR,1975-07-01,-0.440340
gdp,BHR,1976-07-01,-0.267624
gdp,BHR,1977-07-01,-0.229400
gdp,BHR,1978-07-01,-0.282300
gdp,BHR,1979-07-01,-0.314237
gdp,BHR,1980-07-01,-0.320794
gdp,BHR,1981-07-01,-0.430393
gdp,BHR,1982-07-01,-0.516634
gdp,BHR,1983-07-01,-0.525345
gdp,BHR,1984-07-01,-0.573147
gdp,BHR,1985-07-01,-0.689855
gdp,BHR,1986-07-01,-0.739236
gdp,BHR,1987-07-01,-0.701781
gdp,BHR,1988-07-01,-0.702190
gdp,BHR,1989-07-01,-0.760787
gdp,BHR,1990-07-01,-0.759276
gdp,BHR,1991-07-01,-0.615320
gdp,BHR,1992-07-01,-0.597613
gdp,BHR,1993-07-01,-0.516814
gdp,BHR,1994-07-01,-0.572874
gdp,BHR,1995-07-01,-0.575220
gdp,BHR,1996-07-01,-0.586676
gdp,BHR,1997-07-01,-0.614040
gdp,BHR,1998-07-01,-0.625796
gdp,BHR,1999-07-01,-0.645331
gdp,BHR,2000-07-01,-0.648895
gdp,BHR,2001-07-01,-0.660452
gdp,BHR,2002-07-01,-0.706910
gdp,BHR,2003-07-01,-0.738027
gdp,BHR,2004-07-01,-0.773659
gdp,BHR,2005-07-01,-0.809228
gdp,BHR,2006-07-01,-0.841863
gdp,BHR,2007-07-01,-0.851437
gdp,BHR,2008-07-01,-0.842477
gdp,BHR,2009-07-01,-0.848213
gdp,BHR,2010-07-01,-0.865575
gdp,BHR,2011-07-01,-0.826410
gdp,BHR,2012-07-01,-0.815335
gdp,BHR,2013-07-01,-0.813083
gdp,BHR,2014-07-01,-0.835672
gdp,BHR,2015-07-01,-0.873496
gdp,BHR,2016-07-01,-0.884462
gdp,BHR,2017-07-01,-0.906393
gdp,BHR,2018-07-01,-0.910759
gdp,BHR,2019-07-01,-0.897850
gdp,BHR,2020-07-01,-0.925848
gdp,BHR,2021-07-01,-0.963006
gdp,BHR,2022-07-01,-0.935697
gdp,BHR,2023-07-01,-0.952113
gdp,BHR,2024-07-01,-0.948837
gdp,BHR,2025-07-01,-0.938110
gdp,BHS,1960-07-01,-0.011273
gdp,BHS,1961-07-01,0.034606
gdp,BHS,1962-07-01,0.039944
gdp,BHS,1963-07-01,0.061295
gdp,BHS,1964-07-01,0.072086
gdp,BHS,1965-07-01,0.077334
gdp,BHS,1966-07-01,0.067021
gdp,BHS,1967-07-01,0.098236
gdp,BHS,1968-07-01,0.095117
gdp,BHS,1969-07-01,0.115015
gdp,BHS,1970-07-01,0.027764
gdp,BHS,1971-07-01,-0.007121
gdp,BHS,1972-07-01,-0.110106
gdp,BHS,1973-07-01,-0.106403
gdp,BHS,1974-07-01,-0.297631
gdp,BHS,1975-07-01,-0.467806
gdp,BHS,1976-07-01,-0.481980
gdp,BHS,1977-07-01,-0.451003
gdp,BHS,1978-07-01,-0.382470
gdp,BHS,1979-07-01,-0.190162
gdp,BHS,1980-07-01,-0.133713
gdp,BHS,1981-07-01,-0.263189
gdp,BHS,1982-07-01,-0.187384
gdp,BHS,1983-07-01,-0.204551
gdp,BHS,1984-07-01,-0.150108
gdp,BHS,1985-07-01,-0.152030
gdp,BHS,1986-07-01,-0.176180
gdp,BHS,1987-07-01,-0.188733
gdp,BHS,1988-07-01,-0.214823
gdp,BHS,1989-07-01,-0.193932
gdp,BHS,1990-07-01,-0.234837
gdp,BHS,1991-07-01,-0.280303
gdp,BHS,1992-07-01,-0.358400
gdp,BHS,1993-07-01,-0.388037
gdp,BHS,1994-07-01,-0.401860
gdp,BHS,1995-07-01,-0.390150
gdp,BHS,1996-07-01,-0.390001
gdp,BHS,1997-07-01,-0.423701
gdp,BHS,1998-07-01,-0.424066
gdp,BHS,1999-07-01,-0.403725
gdp,BHS,2000-07-01,-0.405037
gdp,BHS,2001-07-01,-0.391007
gdp,BHS,2002-07-01,-0.383359
gdp,BHS,2003-07-01,-0.427068
gdp,BHS,2004-07-01,-0.459115
gdp,BHS,2005-07-01,-0.462773
gdp,BHS,2006-07-01,-0.468686
gdp,BHS,2007-07-01,-0.478793
gdp,BHS,2008-07-01,-0.507435
gdp,BHS,2009-07-01,-0.528228
gdp,BHS,2010-07-01,-0.543876
gdp,BHS,2011-07-01,-0.556864
gdp,BHS,2012-07-01,-0.537315
gdp,BHS,2013-07-01,-0.588993
gdp,BHS,2014-07-01,-0.596445
gdp,BHS,2015-07-01,-0.615512
gdp,BHS,2016-07-01,-0.644325
gdp,BHS,2017-07-01,-0.634759
gdp,BHS,2018-07-01,-0.640132
gdp,BHS,2019-07-01,-0.673885
gdp,BHS,2020-07-01,-0.876033
gdp,BHS,2021-07-01,-0.773449
gdp,BHS,2022-07-01,-0.692360
gdp,BHS,2023-07-01,-0.687801
gdp,BHS,2024-07-01,-0.677124
gdp,BIH,1990-07-01,-3.902575
gdp,BIH,1991-07-01,-3.988447
gdp,BIH,1992-07-01,-4.024246
gdp,BIH,1993-07-01,-3.979093
gdp,BIH,1994-07-01,-3.853834
gdp,BIH,1995-07-01,-3.717623
gdp,BIH,1996-07-01,-3.352025
gdp,BIH,1997-07-01,-3.107540
gdp,BIH,1998-07-01,-3.003566
gdp,BIH,1999-07-01,-2.957868
gdp,BIH,2000-07-01,-2.941087
gdp,BIH,2001-07-01,-2.921472
gdp,BIH,2002-07-01,-2.882051
gdp,BIH,2003-07-01,-2.860821
gdp,BIH,2004-07-01,-2.818965
gdp,BIH,2005-07-01,-2.794956
gdp,BIH,2006-07-01,-2.751910
gdp,BIH,2007-07-01,-2.692957
gdp,BIH,2008-07-01,-2.615093
gdp,BIH,2009-07-01,-2.593418
gdp,BIH,2010-07-01,-2.585166
gdp,BIH,2011-07-01,-2.564766
gdp,BIH,2012-07-01,-2.568324
gdp,BIH,2013-07-01,-2.542212
gdp,BIH,2014-07-01,-2.534875
gdp,BIH,2015-07-01,-2.500907
gdp,BIH,2016-07-01,-2.466147
gdp,BIH,2017-07-01,-2.438727
gdp,BIH,2018-07-01,-2.412290
gdp,BIH,2019-07-01,-2.391880
gdp,BIH,2020-07-01,-2.383475
gdp,BIH,2021-07-01,-2.353654
gdp,BIH,2022-07-01,-2.319054
gdp,BIH,2023-07-01,-2.313826
gdp,BIH,2024-07-01,-2.293458
gdp,BIH,2025-07-01,-2.280890
gdp,BLR,1990-07-01,-2.607833
gdp,BLR,1991-07-01,-2.605920
gdp,BLR,1992-07-01,-2.729793
gdp,BLR,1993-07-01,-2.825003
gdp,BLR,1994-07-01,-2.975488
gdp,BLR,1995-07-01,-3.096641
gdp,BLR,1996-07-01,-3.091059
gdp,BLR,1997-07-01,-3.010417
gdp,BLR,1998-07-01,-2.957453
gdp,BLR,1999-07-01,-2.954808
gdp,BLR,2000-07-01,-2.922555
gdp,BLR,2001-07-01,-2.870867
gdp,BLR,2002-07-01,-2.822864
gdp,BLR,2003-07-01,-2.766781
gdp,BLR,2004-07-01,-2.680057
gdp,BLR,2005-07-01,-2.608411
gdp,BLR,2006-07-01,-2.524801
gdp,BLR,2007-07-01,-2.448041
gdp,BLR,2008-07-01,-2.339136
gdp,BLR,2009-07-01,-2.299810
gdp,BLR,2010-07-01,-2.241115
gdp,BLR,2011-07-01,-2.192357
gdp,BLR,2012-07-01,-2.188506
gdp,BLR,2013-07-01,-2.191576
gdp,BLR,2014-07-01,-2.192725
gdp,BLR,2015-07-01,-2.254153
gdp,BLR,2016-07-01,-2.290794
gdp,BLR,2017-07-01,-2.282040
gdp,BLR,2018-07-01,-2.272265
gdp,BLR,2019-07-01,-2.276245
gdp,BLR,2020-07-01,-2.253641
gdp,BLR,2021-07-01,-2.279392
gdp,BLR,2022-07-01,-2.338289
gdp,BLR,2023-07-01,-2.313140
gdp,BLR,2024-07-01,-2.283519
gdp,BLR,2025-07-01,-2.281642
gdp,BLZ,1960-07-01,-2.501536
gdp,BLZ,1961-07-01,-2.484959
gdp,BLZ,1962-07-01,-2.506437
gdp,BLZ,1963-07-01,-2.514069
gdp,BLZ,1964-07-01,-2.536718
gdp,BLZ,1965-07-01,-2.567910
gdp,BLZ,1966-07-01,-2.603131
gdp,BLZ,1967-07-01,-2.599690
gdp,BLZ,1968-07-01,-2.595959
gdp,BLZ,1969-07-01,-2.595504
gdp,BLZ,1970-07-01,-2.561643
gdp,BLZ,1971-07-01,-2.559557
gdp,BLZ,1972-07-01,-2.517900
gdp,BLZ,1973-07-01,-2.525230
gdp,BLZ,1974-07-01,-2.397179
gdp,BLZ,1975-07-01,-2.366995
gdp,BLZ,1976-07-01,-2.430898
gdp,BLZ,1977-07-01,-2.423833
gdp,BLZ,1978-07-01,-2.411468
gdp,BLZ,1979-07-01,-2.380272
gdp,BLZ,1980-07-01,-2.277410
gdp,BLZ,1981-07-01,-2.306735
gdp,BLZ,1982-07-01,-2.305045
gdp,BLZ,1983-07-01,-2.386706
gdp,BLZ,1984-07-01,-2.452036
gdp,BLZ,1985-07-01,-2.497183
gdp,BLZ,1986-07-01,-2.500196
gdp,BLZ,1987-07-01,-2.445656
gdp,BLZ,1988-07-01,-2.406288
gdp,BLZ,1989-07-01,-2.332764
gdp,BLZ,1990-07-01,-2.254624
gdp,BLZ,1991-07-01,-2.150248
gdp,BLZ,1992-07-01,-2.071979
gdp,BLZ,1993-07-01,-2.046682
gdp,BLZ,1994-07-01,-2.095414
gdp,BLZ,1995-07-01,-2.127751
gdp,BLZ,1996-07-01,-2.171905
gdp,BLZ,1997-07-01,-2.195270
gdp,BLZ,1998-07-01,-2.224195
gdp,BLZ,1999-07-01,-2.203855
gdp,BLZ,2000-07-01,-2.149890
gdp,BLZ,2001-07-01,-2.131767
gdp,BLZ,2002-07-01,-2.117024
gdp,BLZ,2003-07-01,-2.073642
gdp,BLZ,2004-07-01,-2.084983
gdp,BLZ,2005-07-01,-2.117233
gdp,BLZ,2006-07-01,-2.119637
gdp,BLZ,2007-07-01,-2.125279
gdp,BLZ,2008-07-01,-2.160882
gdp,BLZ,2009-07-01,-2.157244
gdp,BLZ,2010-07-01,-2.185420
gdp,BLZ,2011-07-01,-2.216106
gdp,BLZ,2012-07-01,-2.213583
gdp,BLZ,2013-07-01,-2.208454
gdp,BLZ,2014-07-01,-2.208367
gdp,BLZ,2015-07-01,-2.223203
gdp,BLZ,2016-07-01,-2.256789
gdp,BLZ,2017-07-01,-2.315672
gdp,BLZ,2018-07-01,-2.349500
gdp,BLZ,2019-07-01,-2.342803
gdp,BLZ,2020-07-01,-2.475807
gdp,BLZ,2021-07-01,-2.380042
gdp,BLZ,2022-07-01,-2.329316
gdp,BLZ,2023-07-01,-2.365600
gdp,BLZ,2024-07-01,-2.363509
gdp,BLZ,2025-07-01,-2.366489
gdp,BMU,1960-07-01,0.742533
gdp,BMU,1961-07-01,0.760662
gdp,BMU,1962-07-01,0.735010
gdp,BMU,1963-07-01,0.692402
gdp,BMU,1964-07-01,0.731938
gdp,BMU,1965-07-01,0.706513
gdp,BMU,1966-07-01,0.766943
gdp,BMU,1967-07-01,0.857797
gdp,BMU,1968-07-01,0.823917
gdp,BMU,1969-07-01,0.819210
gdp,BMU,1970-07-01,0.874090
gdp,BMU,1971-07-01,0.878910
gdp,BMU,1972-07-01,0.852640
gdp,BMU,1973-07-01,0.819288
gdp,BMU,1974-07-01,0.840503
gdp,BMU,1975-07-01,0.888035
gdp,BMU,1976-07-01,0.929148
gdp,BMU,1977-07-01,0.949200
gdp,BMU,1978-07-01,0.918302
gdp,BMU,1979-07-01,0.917813
gdp,BMU,1980-07-01,1.003511
gdp,BMU,1981-07-01,1.005777
gdp,BMU,1982-07-01,0.972006
gdp,BMU,1983-07-01,0.949076
gdp,BMU,1984-07-01,0.885540
gdp,BMU,1985-07-01,0.826485
gdp,BMU,1986-07-01,0.860086
gdp,BMU,1987-07-01,0.865170
gdp,BMU,1988-07-01,0.865407
gdp,BMU,1989-07-01,0.835660
gdp,BMU,1990-07-01,0.820966
gdp,BMU,1991-07-01,0.792072
gdp,BMU,1992-07-01,0.763456
gdp,BMU,1993-07-01,0.772160
gdp,BMU,1994-07-01,0.744495
gdp,BMU,1995-07-01,0.767371
gdp,BMU,1996-07-01,0.762835
gdp,BMU,1997-07-01,0.770269
gdp,BMU,1998-07-01,0.768682
gdp,BMU,1999-07-01,0.758693
gdp,BMU,2000-07-01,0.811992
gdp,BMU,2001-07-01,0.876978
gdp,BMU,2002-07-01,0.850071
gdp,BMU,2003-07-01,0.860713
gdp,BMU,2004-07-01,0.852454
gdp,BMU,2005-07-01,0.841541
gdp,BMU,2006-07-01,0.875716
gdp,BMU,2007-07-01,0.895493
gdp,BMU,2008-07-01,0.880388
gdp,BMU,2009-07-01,0.853168
gdp,BMU,2010-07-01,0.807173
gdp,BMU,2011-07-01,0.761303
gdp,BMU,2012-07-01,0.693507
gdp,BMU,2013-07-01,0.678447
gdp,BMU,2014-07-01,0.624477
gdp,BMU,2015-07-01,0.612175
gdp,BMU,2016-07-01,0.595643
gdp,BMU,2017-07-01,0.611739
gdp,BMU,2018-07-01,0.580061
gdp,BMU,2019-07-01,0.558454
gdp,BMU,2020-07-01,0.507027
gdp,BMU,2021-07-01,0.491324
gdp,BMU,2022-07-01,0.531218
gdp,BMU,2023-07-01,0.553742
gdp,BMU,2024-07-01,0.555459
gdp,BOL,1960-07-01,-2.699507
gdp,BOL,1961-07-01,-2.705419
gdp,BOL,1962-07-01,-2.715592
gdp,BOL,1963-07-01,-2.699382
gdp,BOL,1964-07-01,-2.724190
gdp,BOL,1965-07-01,-2.747105
gdp,BOL,1966-07-01,-2.750883
gdp,BOL,1967-07-01,-2.725339
gdp,BOL,1968-07-01,-2.702589
gdp,BOL,1969-07-01,-2.701947
gdp,BOL,1970-07-01,-2.663896
gdp,BOL,1971-07-01,-2.656732
gdp,BOL,1972-07-01,-2.643049
gdp,BOL,1973-07-01,-2.655115
gdp,BOL,1974-07-01,-2.634194
gdp,BOL,1975-07-01,-2.574366
gdp,BOL,1976-07-01,-2.595121
gdp,BOL,1977-07-01,-2.604820
gdp,BOL,1978-07-01,-2.650744
gdp,BOL,1979-07-01,-2.692308
gdp,BOL,1980-07-01,-2.716440
gdp,BOL,1981-07-01,-2.751122
gdp,BOL,1982-07-01,-2.785413
gdp,BOL,1983-07-01,-2.883878
gdp,BOL,1984-07-01,-2.968462
gdp,BOL,1985-07-01,-3.038513
gdp,BOL,1986-07-01,-3.110408
gdp,BOL,1987-07-01,-3.132190
gdp,BOL,1988-07-01,-3.156545
gdp,BOL,1989-07-01,-3.167135
gdp,BOL,1990-07-01,-3.150237
gdp,BOL,1991-07-01,-3.105305
gdp,BOL,1992-07-01,-3.130124
gdp,BOL,1993-07-01,-3.122113
gdp,BOL,1994-07-01,-3.123089
gdp,BOL,1995-07-01,-3.110839
gdp,BOL,1996-07-01,-3.112052
gdp,BOL,1997-07-01,-3.113226
gdp,BOL,1998-07-01,-3.114011
gdp,BOL,1999-07-01,-3.162499
gdp,BOL,2000-07-01,-3.183741
gdp,BOL,2001-07-01,-3.183524
gdp,BOL,2002-07-01,-3.183281
gdp,BOL,2003-07-01,-3.192257
gdp,BOL,2004-07-01,-3.196700
gdp,BOL,2005-07-01,-3.195317
gdp,BOL,2006-07-01,-3.183330
gdp,BOL,2007-07-01,-3.166133
gdp,BOL,2008-07-01,-3.115022
gdp,BOL,2009-07-01,-3.063786
gdp,BOL,2010-07-01,-3.057926
gdp,BOL,2011-07-01,-3.031020
gdp,BOL,2012-07-01,-3.011712
gdp,BOL,2013-07-01,-2.975091
gdp,BOL,2014-07-01,-2.954334
gdp,BOL,2015-07-01,-2.943125
gdp,BOL,2016-07-01,-2.926441
gdp,BOL,2017-07-01,-2.917308
gdp,BOL,2018-07-01,-2.926733
gdp,BOL,2019-07-01,-2.946203
gdp,BOL,2020-07-01,-3.069467
gdp,BOL,2021-07-01,-3.042215
gdp,BOL,2022-07-01,-3.036304
gdp,BOL,2023-07-01,-3.045880
gdp,BOL,2024-07-01,-3.088846
gdp,BOL,2025-07-01,-3.134440
gdp,BRA,1960-07-01,-1.987130
gdp,BRA,1961-07-01,-1.940962
gdp,BRA,1962-07-01,-1.950722
gdp,BRA,1963-07-01,-2.002877
gdp,BRA,1964-07-01,-2.040871
gdp,BRA,1965-07-01,-2.094868
gdp,BRA,1966-07-01,-2.108766
gdp,BRA,1967-07-01,-2.107855
gdp,BRA,1968-07-01,-2.076882
gdp,BRA,1969-07-01,-2.031965
gdp,BRA,1970-07-01,-1.948270
gdp,BRA,1971-07-01,-1.885059
gdp,BRA,1972-07-01,-1.837112
gdp,BRA,1973-07-01,-1.775944
gdp,BRA,1974-07-01,-1.706969
gdp,BRA,1975-07-01,-1.668463
gdp,BRA,1976-07-01,-1.637610
gdp,BRA,1977-07-01,-1.648458
gdp,BRA,1978-07-01,-1.667094
gdp,BRA,1979-07-01,-1.645581
gdp,BRA,1980-07-01,-1.569000
gdp,BRA,1981-07-01,-1.650962
gdp,BRA,1982-07-01,-1.637760
gdp,BRA,1983-07-01,-1.725509
gdp,BRA,1984-07-01,-1.755987
gdp,BRA,1985-07-01,-1.733710
gdp,BRA,1986-07-01,-1.706883
gdp,BRA,1987-07-01,-1.717032
gdp,BRA,1988-07-01,-1.768576
gdp,BRA,1989-07-01,-1.782524
gdp,BRA,1990-07-01,-1.852248
gdp,BRA,1991-07-01,-1.844690
gdp,BRA,1992-07-01,-1.887568
gdp,BRA,1993-07-01,-1.869654
gdp,BRA,1994-07-01,-1.855644
gdp,BRA,1995-07-01,-1.844246
gdp,BRA,1996-07-01,-1.862938
gdp,BRA,1997-07-01,-1.875890
gdp,BRA,1998-07-01,-1.919590
gdp,BRA,1999-07-01,-1.964777
gdp,BRA,2000-07-01,-1.964423
gdp,BRA,2001-07-01,-1.963266
gdp,BRA,2002-07-01,-1.953186
gdp,BRA,2003-07-01,-1.972622
gdp,BRA,2004-07-01,-1.956421
gdp,BRA,2005-07-01,-1.960886
gdp,BRA,2006-07-01,-1.950436
gdp,BRA,2007-07-01,-1.911962
gdp,BRA,2008-07-01,-1.863532
gdp,BRA,2009-07-01,-1.838878
gdp,BRA,2010-07-01,-1.792837
gdp,BRA,2011-07-01,-1.769599
gdp,BRA,2012-07-01,-1.773335
gdp,BRA,2013-07-01,-1.765226
gdp,BRA,2014-07-01,-1.785227
gdp,BRA,2015-07-01,-1.850297
gdp,BRA,2016-07-01,-1.901399
gdp,BRA,2017-07-01,-1.912890
gdp,BRA,2018-07-01,-1.925414
gdp,BRA,2019-07-01,-1.940159
gdp,BRA,2020-07-01,-1.954150
gdp,BRA,2021-07-01,-1.970006
gdp,BRA,2022-07-01,-1.963122
gdp,BRA,2023-07-01,-1.955875
gdp,BRA,2024-07-01,-1.944256
gdp,BRA,2025-07-01,-1.941646
gdp,BRB,1960-07-01,-0.809001
gdp,BRB,1961-07-01,-0.750735
gdp,BRB,1962-07-01,-0.716697
gdp,BRB,1963-07-01,-0.807353
gdp,BRB,1964-07-01,-0.811063
gdp,BRB,1965-07-01,-0.762522
gdp,BRB,1966-07-01,-0.785277
gdp,BRB,1967-07-01,-0.706519
gdp,BRB,1968-07-01,-0.682338
gdp,BRB,1969-07-01,-0.634233
gdp,BRB,1970-07-01,-0.533678
gdp,BRB,1971-07-01,-0.514172
gdp,BRB,1972-07-01,-0.543994
gdp,BRB,1973-07-01,-0.578708
gdp,BRB,1974-07-01,-0.613592
gdp,BRB,1975-07-01,-0.622443
gdp,BRB,1976-07-01,-0.623803
gdp,BRB,1977-07-01,-0.623907
gdp,BRB,1978-07-01,-0.619270
gdp,BRB,1979-07-01,-0.562312
gdp,BRB,1980-07-01,-0.508358
gdp,BRB,1981-07-01,-0.545746
gdp,BRB,1982-07-01,-0.571534
gdp,BRB,1983-07-01,-0.605747
gdp,BRB,1984-07-01,-0.635231
gdp,BRB,1985-07-01,-0.659821
gdp,BRB,1986-07-01,-0.637953
gdp,BRB,1987-07-01,-0.639970
gdp,BRB,1988-07-01,-0.639238
gdp,BRB,1989-07-01,-0.631832
gdp,BRB,1990-07-01,-0.674686
gdp,BRB,1991-07-01,-0.703074
gdp,BRB,1992-07-01,-0.785874
gdp,BRB,1993-07-01,-0.794850
gdp,BRB,1994-07-01,-0.804447
gdp,BRB,1995-07-01,-0.800690
gdp,BRB,1996-07-01,-0.788030
gdp,BRB,1997-07-01,-0.773601
gdp,BRB,1998-07-01,-0.769360
gdp,BRB,1999-07-01,-0.801618
gdp,BRB,2000-07-01,-0.785214
gdp,BRB,2001-07-01,-0.810146
gdp,BRB,2002-07-01,-0.816431
gdp,BRB,2003-07-01,-0.820031
gdp,BRB,2004-07-01,-0.840225
gdp,BRB,2005-07-01,-0.831712
gdp,BRB,2006-07-01,-0.795411
gdp,BRB,2007-07-01,-0.789914
gdp,BRB,2008-07-01,-0.780519
gdp,BRB,2009-07-01,-0.802278
gdp,BRB,2010-07-01,-0.908749
gdp,BRB,2011-07-01,-0.920340
gdp,BRB,2012-07-01,-0.966875
gdp,BRB,2013-07-01,-0.980937
gdp,BRB,2014-07-01,-0.992317
gdp,BRB,2015-07-01,-1.023428
gdp,BRB,2016-07-01,-1.021716
gdp,BRB,2017-07-01,-1.034588
gdp,BRB,2018-07-01,-1.062407
gdp,BRB,2019-07-01,-1.082123
gdp,BRB,2020-07-01,-1.249981
gdp,BRB,2021-07-01,-1.232557
gdp,BRB,2022-07-01,-1.104450
gdp,BRB,2023-07-01,-1.107230
gdp,BRB,2024-07-01,-1.092527
gdp,BRB,2025-07-01,-1.082596
gdp,BRN,1974-07-01,0.854176
gdp,BRN,1975-07-01,0.824769
gdp,BRN,1976-07-01,0.936943
gdp,BRN,1977-07-01,0.962437
gdp,BRN,1978-07-01,0.954409
gdp,BRN,1979-07-01,1.120937
gdp,BRN,1980-07-01,0.999938
gdp,BRN,1981-07-01,0.700253
gdp,BRN,1982-07-01,0.719010
gdp,BRN,1983-07-01,0.654676
gdp,BRN,1984-07-01,0.536175
gdp,BRN,1985-07-01,0.440967
gdp,BRN,1986-07-01,0.326558
gdp,BRN,1987-07-01,0.290155
gdp,BRN,1988-07-01,0.213123
gdp,BRN,1989-07-01,0.129611
gdp,BRN,1990-07-01,0.119590
gdp,BRN,1991-07-01,0.134518
gdp,BRN,1992-07-01,0.054856
gdp,BRN,1993-07-01,0.008453
gdp,BRN,1994-07-01,-0.034287
gdp,BRN,1995-07-01,-0.060185
gdp,BRN,1996-07-01,-0.109884
gdp,BRN,1997-07-01,-0.103257
gdp,BRN,1998-07-01,-0.227153
gdp,BRN,1999-07-01,-0.242961
gdp,BRN,2000-07-01,-0.259361
gdp,BRN,2001-07-01,-0.265400
gdp,BRN,2002-07-01,-0.254193
gdp,BRN,2003-07-01,-0.257005
gdp,BRN,2004-07-01,-0.302399
gdp,BRN,2005-07-01,-0.344336
gdp,BRN,2006-07-01,-0.337877
gdp,BRN,2007-07-01,-0.403455
gdp,BRN,2008-07-01,-0.453407
gdp,BRN,2009-07-01,-0.456495
gdp,BRN,2010-07-01,-0.466574
gdp,BRN,2011-07-01,-0.455241
gdp,BRN,2012-07-01,-0.476126
gdp,BRN,2013-07-01,-0.524817
gdp,BRN,2014-07-01,-0.580582
gdp,BRN,2015-07-01,-0.618586
gdp,BRN,2016-07-01,-0.666449
gdp,BRN,2017-07-01,-0.682706
gdp,BRN,2018-07-01,-0.717125
gdp,BRN,2019-07-01,-0.710588
gdp,BRN,2020-07-01,-0.684812
gdp,BRN,2021-07-01,-0.768579
gdp,BRN,2022-07-01,-0.812277
gdp,BRN,2023-07-01,-0.829588
gdp,BRN,2024-07-01,-0.815996
gdp,BRN,2025-07-01,-0.833251
gdp,BTN,1970-07-01,-4.121142
gdp,BTN,1971-07-01,-4.148516
gdp,BTN,1972-07-01,-4.211506
gdp,BTN,1973-07-01,-4.276373
gdp,BTN,1974-07-01,-4.245563
gdp,BTN,1975-07-01,-4.301349
gdp,BTN,1976-07-01,-4.292692
gdp,BTN,1977-07-01,-4.285943
gdp,BTN,1978-07-01,-4.294528
gdp,BTN,1979-07-01,-4.301725
gdp,BTN,1980-07-01,-4.274007
gdp,BTN,1981-07-01,-4.181185
gdp,BTN,1982-07-01,-4.151825
gdp,BTN,1983-07-01,-4.120145
gdp,BTN,1984-07-01,-4.168384
gdp,BTN,1985-07-01,-4.192060
gdp,BTN,1986-07-01,-4.139829
gdp,BTN,1987-07-01,-3.940280
gdp,BTN,1988-07-01,-3.955489
gdp,BTN,1989-07-01,-3.940501
gdp,BTN,1990-07-01,-3.876107
gdp,BTN,1991-07-01,-3.883404
gdp,BTN,1992-07-01,-3.821785
gdp,BTN,1993-07-01,-3.775272
gdp,BTN,1994-07-01,-3.753863
gdp,BTN,1995-07-01,-3.688288
gdp,BTN,1996-07-01,-3.660979
gdp,BTN,1997-07-01,-3.658008
gdp,BTN,1998-07-01,-3.651786
gdp,BTN,1999-07-01,-3.633083
gdp,BTN,2000-07-01,-3.653145
gdp,BTN,2001-07-01,-3.605107
gdp,BTN,2002-07-01,-3.535400
gdp,BTN,2003-07-01,-3.500399
gdp,BTN,2004-07-01,-3.498612
gdp,BTN,2005-07-01,-3.473839
gdp,BTN,2006-07-01,-3.450194
gdp,BTN,2007-07-01,-3.322824
gdp,BTN,2008-07-01,-3.281499
gdp,BTN,2009-07-01,-3.183817
gdp,BTN,2010-07-01,-3.100185
gdp,BTN,2011-07-01,-3.037282
gdp,BTN,2012-07-01,-3.012650
gdp,BTN,2013-07-01,-3.019910
gdp,BTN,2014-07-01,-2.990516
gdp,BTN,2015-07-01,-2.957233
gdp,BTN,2016-07-01,-2.895788
gdp,BTN,2017-07-01,-2.901097
gdp,BTN,2018-07-01,-2.897212
gdp,BTN,2019-07-01,-2.868259
gdp,BTN,2020-07-01,-2.957683
gdp,BTN,2021-07-01,-2.979582
gdp,BTN,2022-07-01,-2.955025
gdp,BTN,2023-07-01,-2.937421
gdp,BTN,2024-07-01,-2.889575
gdp,BTN,2025-07-01,-2.835222
gdp,BWA,1960-07-01,-3.875749
gdp,BWA,1961-07-01,-3.842969
gdp,BWA,1962-07-01,-3.845190
gdp,BWA,1963-07-01,-3.839717
gdp,BWA,1964-07-01,-3.839884
gdp,BWA,1965-07-01,-3.847627
gdp,BWA,1966-07-01,-3.843100
gdp,BWA,1967-07-01,-3.804640
gdp,BWA,1968-07-01,-3.746295
gdp,BWA,1969-07-01,-3.631511
gdp,BWA,1970-07-01,-3.469545
gdp,BWA,1971-07-01,-3.276650
gdp,BWA,1972-07-01,-3.119049
gdp,BWA,1973-07-01,-3.018378
gdp,BWA,1974-07-01,-2.968902
gdp,BWA,1975-07-01,-2.925606
gdp,BWA,1976-07-01,-2.918979
gdp,BWA,1977-07-01,-2.893415
gdp,BWA,1978-07-01,-2.863012
gdp,BWA,1979-07-01,-2.828479
gdp,BWA,1980-07-01,-2.741973
gdp,BWA,1981-07-01,-2.704537
gdp,BWA,1982-07-01,-2.601694
gdp,BWA,1983-07-01,-2.549731
gdp,BWA,1984-07-01,-2.564181
gdp,BWA,1985-07-01,-2.562060
gdp,BWA,1986-07-01,-2.542214
gdp,BWA,1987-07-01,-2.487612
gdp,BWA,1988-07-01,-2.371555
gdp,BWA,1989-07-01,-2.303208
gdp,BWA,1990-07-01,-2.272566
gdp,BWA,1991-07-01,-2.213426
gdp,BWA,1992-07-01,-2.233551
gdp,BWA,1993-07-01,-2.257161
gdp,BWA,1994-07-01,-2.276476
gdp,BWA,1995-07-01,-2.249352
gdp,BWA,1996-07-01,-2.242526
gdp,BWA,1997-07-01,-2.217050
gdp,BWA,1998-07-01,-2.266975
gdp,BWA,1999-07-01,-2.231591
gdp,BWA,2000-07-01,-2.262069
gdp,BWA,2001-07-01,-2.279756
gdp,BWA,2002-07-01,-2.247223
gdp,BWA,2003-07-01,-2.238576
gdp,BWA,2004-07-01,-2.257912
gdp,BWA,2005-07-01,-2.256328
gdp,BWA,2006-07-01,-2.212478
gdp,BWA,2007-07-01,-2.185879
gdp,BWA,2008-07-01,-2.165635
gdp,BWA,2009-07-01,-2.303926
gdp,BWA,2010-07-01,-2.246756
gdp,BWA,2011-07-01,-2.207895
gdp,BWA,2012-07-01,-2.241032
gdp,BWA,2013-07-01,-2.164229
gdp,BWA,2014-07-01,-2.140330
gdp,BWA,2015-07-01,-2.225386
gdp,BWA,2016-07-01,-2.180190
gdp,BWA,2017-07-01,-2.171425
gdp,BWA,2018-07-01,-2.167951
gdp,BWA,2019-07-01,-2.172669
gdp,BWA,2020-07-01,-2.253280
gdp,BWA,2021-07-01,-2.213741
gdp,BWA,2022-07-01,-2.195453
gdp,BWA,2023-07-01,-2.200975
gdp,BWA,2024-07-01,-2.263469
gdp,BWA,2025-07-01,-2.303119
gdp,CAF,1960-07-01,-3.495825
gdp,CAF,1961-07-01,-3.472397
gdp,CAF,1962-07-01,-3.573223
gdp,CAF,1963-07-01,-3.628559
gdp,CAF,1964-07-01,-3.670511
gdp,CAF,1965-07-01,-3.731204
gdp,CAF,1966-07-01,-3.797399
gdp,CAF,1967-07-01,-3.787343
gdp,CAF,1968-07-01,-3.832821
gdp,CAF,1969-07-01,-3.807949
gdp,CAF,1970-07-01,-3.797572
gdp,CAF,1971-07-01,-3.826821
gdp,CAF,1972-07-01,-3.886914
gdp,CAF,1973-07-01,-3.932734
gdp,CAF,1974-07-01,-3.875994
gdp,CAF,1975-07-01,-3.879487
gdp,CAF,1976-07-01,-3.884426
gdp,CAF,1977-07-01,-3.892538
gdp,CAF,1978-07-01,-3.934290
gdp,CAF,1979-07-01,-3.990099
gdp,CAF,1980-07-01,-4.034725
gdp,CAF,1981-07-01,-4.076844
gdp,CAF,1982-07-01,-3.986412
gdp,CAF,1983-07-01,-4.118748
gdp,CAF,1984-07-01,-4.101593
gdp,CAF,1985-07-01,-4.107566
gdp,CAF,1986-07-01,-4.109942
gdp,CAF,1987-07-01,-4.198779
gdp,CAF,1988-07-01,-4.230311
gdp,CAF,1989-07-01,-4.262819
gdp,CAF,1990-07-01,-4.323015
gdp,CAF,1991-07-01,-4.345399
gdp,CAF,1992-07-01,-4.464312
gdp,CAF,1993-07-01,-4.506779
gdp,CAF,1994-07-01,-4.517391
gdp,CAF,1995-07-01,-4.489726
gdp,CAF,1996-07-01,-4.581867
gdp,CAF,1997-07-01,-4.589178
gdp,CAF,1998-07-01,-4.602576
gdp,CAF,1999-07-01,-4.629850
gdp,CAF,2000-07-01,-4.711394
gdp,CAF,2001-07-01,-4.689531
gdp,CAF,2002-07-01,-4.683440
gdp,CAF,2003-07-01,-4.781830
gdp,CAF,2004-07-01,-4.773746
gdp,CAF,2005-07-01,-4.812365
gdp,CAF,2006-07-01,-4.804066
gdp,CAF,2007-07-01,-4.788624
gdp,CAF,2008-07-01,-4.781298
gdp,CAF,2009-07-01,-4.657456
gdp,CAF,2010-07-01,-4.622330
gdp,CAF,2011-07-01,-4.604743
gdp,CAF,2012-07-01,-4.580078
gdp,CAF,2013-07-01,-5.052724
gdp,CAF,2014-07-01,-5.064726
gdp,CAF,2015-07-01,-5.044647
gdp,CAF,2016-07-01,-5.026468
gdp,CAF,2017-07-01,-5.016338
gdp,CAF,2018-07-01,-5.020120
gdp,CAF,2019-07-01,-5.023396
gdp,CAF,2020-07-01,-5.005750
gdp,CAF,2021-07-01,-5.070959
gdp,CAF,2022-07-01,-5.082911
gdp,CAF,2023-07-01,-5.107242
gdp,CAF,2024-07-01,-5.144315
gdp,CAF,2025-07-01,-5.150142
gdp,CAN,1960-07-01,-0.207519
gdp,CAN,1961-07-01,-0.202530
gdp,CAN,1962-07-01,-0.193312
gdp,CAN,1963-07-01,-0.188989
gdp,CAN,1964-07-01,-0.185898
gdp,CAN,1965-07-01,-0.192276
gdp,CAN,1966-07-01,-0.196920
gdp,CAN,1967-07-01,-0.198523
gdp,CAN,1968-07-01,-0.202688
gdp,CAN,1969-07-01,-0.187614
gdp,CAN,1970-07-01,-0.163337
gdp,CAN,1971-07-01,-0.173170
gdp,CAN,1972-07-01,-0.171567
gdp,CAN,1973-07-01,-0.164049
gdp,CAN,1974-07-01,-0.130426
gdp,CAN,1975-07-01,-0.117767
gdp,CAN,1976-07-01,-0.116678
gdp,CAN,1977-07-01,-0.128789
gdp,CAN,1978-07-01,-0.145344
gdp,CAN,1979-07-01,-0.138799
gdp,CAN,1980-07-01,-0.117990
gdp,CAN,1981-07-01,-0.111989
gdp,CAN,1982-07-01,-0.128331
gdp,CAN,1983-07-01,-0.148591
gdp,CAN,1984-07-01,-0.161928
gdp,CAN,1985-07-01,-0.156765
gdp,CAN,1986-07-01,-0.170512
gdp,CAN,1987-07-01,-0.168805
gdp,CAN,1988-07-01,-0.170449
gdp,CAN,1989-07-01,-0.191907
gdp,CAN,1990-07-01,-0.212344
gdp,CAN,1991-07-01,-0.231457
gdp,CAN,1992-07-01,-0.255178
gdp,CAN,1993-07-01,-0.253897
gdp,CAN,1994-07-01,-0.248127
gdp,CAN,1995-07-01,-0.246587
gdp,CAN,1996-07-01,-0.265691
gdp,CAN,1997-07-01,-0.265189
gdp,CAN,1998-07-01,-0.267496
gdp,CAN,1999-07-01,-0.260782
gdp,CAN,2000-07-01,-0.248825
gdp,CAN,2001-07-01,-0.240722
gdp,CAN,2002-07-01,-0.229602
gdp,CAN,2003-07-01,-0.239669
gdp,CAN,2004-07-01,-0.247037
gdp,CAN,2005-07-01,-0.249933
gdp,CAN,2006-07-01,-0.251854
gdp,CAN,2007-07-01,-0.251598
gdp,CAN,2008-07-01,-0.244209
gdp,CAN,2009-07-01,-0.250371
gdp,CAN,2010-07-01,-0.249178
gdp,CAN,2011-07-01,-0.235641
gdp,CAN,2012-07-01,-0.243724
gdp,CAN,2013-07-01,-0.244657
gdp,CAN,2014-07-01,-0.243307
gdp,CAN,2015-07-01,-0.265482
gdp,CAN,2016-07-01,-0.276640
gdp,CAN,2017-07-01,-0.276057
gdp,CAN,2018-07-01,-0.286699
gdp,CAN,2019-07-01,-0.302770
gdp,CAN,2020-07-01,-0.340191
gdp,CAN,2021-07-01,-0.346057
gdp,CAN,2022-07-01,-0.337811
gdp,CAN,2023-07-01,-0.366987
gdp,CAN,2024-07-01,-0.394523
gdp,CAN,2025-07-01,-0.402796
gdp,CEB,1990-07-01,-1.758953
gdp,CEB,1991-07-01,-1.857132
gdp,CEB,1992-07-01,-1.925249
gdp,CEB,1993-07-01,-1.936490
gdp,CEB,1994-07-01,-1.927321
gdp,CEB,1995-07-01,-1.884926
gdp,CEB,1996-07-01,-1.864272
gdp,CEB,1997-07-01,-1.871773
gdp,CEB,1998-07-01,-1.876295
gdp,CEB,1999-07-01,-1.891127
gdp,CEB,2000-07-01,-1.875625
gdp,CEB,2001-07-01,-1.838336
gdp,CEB,2002-07-01,-1.804583
gdp,CEB,2003-07-01,-1.781228
gdp,CEB,2004-07-01,-1.749902
gdp,CEB,2005-07-01,-1.724267
gdp,CEB,2006-07-01,-1.675251
gdp,CEB,2007-07-01,-1.620391
gdp,CEB,2008-07-01,-1.569627
gdp,CEB,2009-07-01,-1.569733
gdp,CEB,2010-07-01,-1.568976
gdp,CEB,2011-07-01,-1.538830
gdp,CEB,2012-07-01,-1.542784
gdp,CEB,2013-07-01,-1.546055
gdp,CEB,2014-07-01,-1.528121
gdp,CEB,2015-07-01,-1.506955
gdp,CEB,2016-07-01,-1.486281
gdp,CEB,2017-07-01,-1.450792
gdp,CEB,2018-07-01,-1.423239
gdp,CEB,2019-07-01,-1.402008
gdp,CEB,2020-07-01,-1.404070
gdp,CEB,2021-07-01,-1.388513
gdp,CEB,2022-07-01,-1.366807
gdp,CEB,2023-07-01,-1.381442
gdp,CEB,2024-07-01,-1.377437
gdp,CEB,2025-07-01,-1.367727
gdp,CHE,1960-07-01,0.665449
gdp,CHE,1961-07-01,0.694759
gdp,CHE,1962-07-01,0.667285
gdp,CHE,1963-07-01,0.669149
gdp,CHE,1964-07-01,0.676102
gdp,CHE,1965-07-01,0.652523
gdp,CHE,1966-07-01,0.611339
gdp,CHE,1967-07-01,0.618244
gdp,CHE,1968-07-01,0.604492
gdp,CHE,1969-07-01,0.621357
gdp,CHE,1970-07-01,0.686347
gdp,CHE,1971-07-01,0.670748
gdp,CHE,1972-07-01,0.645237
gdp,CHE,1973-07-01,0.631392
gdp,CHE,1974-07-01,0.672045
gdp,CHE,1975-07-01,0.709608
gdp,CHE,1976-07-01,0.682873
gdp,CHE,1977-07-01,0.635025
gdp,CHE,1978-07-01,0.609020
gdp,CHE,1979-07-01,0.624560
gdp,CHE,1980-07-01,0.649613
gdp,CHE,1981-07-01,0.633434
gdp,CHE,1982-07-01,0.667728
gdp,CHE,1983-07-01,0.646594
gdp,CHE,1984-07-01,0.623220
gdp,CHE,1985-07-01,0.608191
gdp,CHE,1986-07-01,0.604746
gdp,CHE,1987-07-01,0.606428
gdp,CHE,1988-07-01,0.592506
gdp,CHE,1989-07-01,0.584002
gdp,CHE,1990-07-01,0.573865
gdp,CHE,1991-07-01,0.564287
gdp,CHE,1992-07-01,0.520858
gdp,CHE,1993-07-01,0.476919
gdp,CHE,1994-07-01,0.481083
gdp,CHE,1995-07-01,0.499946
gdp,CHE,1996-07-01,0.475716
gdp,CHE,1997-07-01,0.462595
gdp,CHE,1998-07-01,0.454808
gdp,CHE,1999-07-01,0.431411
gdp,CHE,2000-07-01,0.432640
gdp,CHE,2001-07-01,0.442496
gdp,CHE,2002-07-01,0.431145
gdp,CHE,2003-07-01,0.401902
gdp,CHE,2004-07-01,0.392067
gdp,CHE,2005-07-01,0.389729
gdp,CHE,2006-07-01,0.406143
gdp,CHE,2007-07-01,0.425935
gdp,CHE,2008-07-01,0.446553
gdp,CHE,2009-07-01,0.449389
gdp,CHE,2010-07-01,0.452925
gdp,CHE,2011-07-01,0.448186
gdp,CHE,2012-07-01,0.434097
gdp,CHE,2013-07-01,0.427402
gdp,CHE,2014-07-01,0.423352
gdp,CHE,2015-07-01,0.405358
gdp,CHE,2016-07-01,0.403198
gdp,CHE,2017-07-01,0.390620
gdp,CHE,2018-07-01,0.392617
gdp,CHE,2019-07-01,0.376217
gdp,CHE,2020-07-01,0.371218
gdp,CHE,2021-07-01,0.365364
gdp,CHE,2022-07-01,0.372562
gdp,CHE,2023-07-01,0.347439
gdp,CHE,2024-07-01,0.330248
gdp,CHE,2025-07-01,0.317408
gdp,CHI,2009-07-01,0.265254
gdp,CHI,2010-07-01,0.203365
gdp,CHI,2011-07-01,0.200137
gdp,CHI,2012-07-01,0.119608
gdp,CHI,2013-07-01,0.104881
gdp,CHI,2014-07-01,0.106048
gdp,CHI,2015-07-01,0.084270
gdp,CHI,2016-07-01,0.083531
gdp,CHI,2017-07-01,0.081428
gdp,CHI,2018-07-01,0.065392
gdp,CHI,2019-07-01,0.056470
gdp,CHI,2020-07-01,-0.015180
gdp,CHI,2021-07-01,0.018387
gdp,CHI,2022-07-01,0.048355
gdp,CHI,2023-07-01,0.061293
gdp,CHL,1960-07-01,-1.773780
gdp,CHL,1961-07-01,-1.747025
gdp,CHL,1962-07-01,-1.772783
gdp,CHL,1963-07-01,-1.766308
gdp,CHL,1964-07-01,-1.804171
gdp,CHL,1965-07-01,-1.866108
gdp,CHL,1966-07-01,-1.827561
gdp,CHL,1967-07-01,-1.824160
gdp,CHL,1968-07-01,-1.843523
gdp,CHL,1969-07-01,-1.841319
gdp,CHL,1970-07-01,-1.831937
gdp,CHL,1971-07-01,-1.776843
gdp,CHL,1972-07-01,-1.840855
gdp,CHL,1973-07-01,-1.954075
gdp,CHL,1974-07-01,-1.942974
gdp,CHL,1975-07-01,-2.077658
gdp,CHL,1976-07-01,-2.100722
gdp,CHL,1977-07-01,-2.045480
gdp,CHL,1978-07-01,-2.026626
gdp,CHL,1979-07-01,-1.980615
gdp,CHL,1980-07-01,-1.904666
gdp,CHL,1981-07-01,-1.869565
gdp,CHL,1982-07-01,-1.978606
gdp,CHL,1983-07-01,-2.079628
gdp,CHL,1984-07-01,-2.116759
gdp,CHL,1985-07-01,-2.129086
gdp,CHL,1986-07-01,-2.116741
gdp,CHL,1987-07-01,-2.092410
gdp,CHL,1988-07-01,-2.069548
gdp,CHL,1989-07-01,-2.014054
gdp,CHL,1990-07-01,-2.002759
gdp,CHL,1991-07-01,-1.930240
gdp,CHL,1992-07-01,-1.858243
gdp,CHL,1993-07-01,-1.823044
gdp,CHL,1994-07-01,-1.815819
gdp,CHL,1995-07-01,-1.756522
gdp,CHL,1996-07-01,-1.727316
gdp,CHL,1997-07-01,-1.700849
gdp,CHL,1998-07-01,-1.705087
gdp,CHL,1999-07-01,-1.755697
gdp,CHL,2000-07-01,-1.747976
gdp,CHL,2001-07-01,-1.728093
gdp,CHL,2002-07-01,-1.715188
gdp,CHL,2003-07-01,-1.698480
gdp,CHL,2004-07-01,-1.672465
gdp,CHL,2005-07-01,-1.650685
gdp,CHL,2006-07-01,-1.619531
gdp,CHL,2007-07-01,-1.589258
gdp,CHL,2008-07-01,-1.553732
gdp,CHL,2009-07-01,-1.540195
gdp,CHL,2010-07-01,-1.511506
gdp,CHL,2011-07-01,-1.468592
gdp,CHL,2012-07-01,-1.433104
gdp,CHL,2013-07-01,-1.423483
gdp,CHL,2014-07-01,-1.432649
gdp,CHL,2015-07-01,-1.442624
gdp,CHL,2016-07-01,-1.447514
gdp,CHL,2017-07-01,-1.467218
gdp,CHL,2018-07-01,-1.469317
gdp,CHL,2019-07-01,-1.499245
gdp,CHL,2020-07-01,-1.546454
gdp,CHL,2021-07-01,-1.501603
gdp,CHL,2022-07-01,-1.505367
gdp,CHL,2023-07-01,-1.524711
gdp,CHL,2024-07-01,-1.520368
gdp,CHL,2025-07-01,-1.517035
gdp,CHN,1960-07-01,-4.365366
gdp,CHN,1961-07-01,-4.679789
gdp,CHN,1962-07-01,-4.789243
gdp,CHN,1963-07-01,-4.744453
gdp,CHN,1964-07-01,-4.643111
gdp,CHN,1965-07-01,-4.559882
gdp,CHN,1966-07-01,-4.537979
gdp,CHN,1967-07-01,-4.636922
gdp,CHN,1968-07-01,-4.741794
gdp,CHN,1969-07-01,-4.633460
gdp,CHN,1970-07-01,-4.475119
gdp,CHN,1971-07-01,-4.454123
gdp,CHN,1972-07-01,-4.481819
gdp,CHN,1973-07-01,-4.475293
gdp,CHN,1974-07-01,-4.458558
gdp,CHN,1975-07-01,-4.380699
gdp,CHN,1976-07-01,-4.454973
gdp,CHN,1977-07-01,-4.430776
gdp,CHN,1978-07-01,-4.380136
gdp,CHN,1979-07-01,-4.340406
gdp,CHN,1980-07-01,-4.265290
gdp,CHN,1981-07-01,-4.243462
gdp,CHN,1982-07-01,-4.144060
gdp,CHN,1983-07-01,-4.091882
gdp,CHN,1984-07-01,-4.024779
gdp,CHN,1985-07-01,-3.944382
gdp,CHN,1986-07-01,-3.898393
gdp,CHN,1987-07-01,-3.829208
gdp,CHN,1988-07-01,-3.770802
gdp,CHN,1989-07-01,-3.771536
gdp,CHN,1990-07-01,-3.755121
gdp,CHN,1991-07-01,-3.664701
gdp,CHN,1992-07-01,-3.564071
gdp,CHN,1993-07-01,-3.459147
gdp,CHN,1994-07-01,-3.374737
gdp,CHN,1995-07-01,-3.295686
gdp,CHN,1996-07-01,-3.236499
gdp,CHN,1997-07-01,-3.189300
gdp,CHN,1998-07-01,-3.154841
gdp,CHN,1999-07-01,-3.124227
gdp,CHN,2000-07-01,-3.078688
gdp,CHN,2001-07-01,-3.005607
gdp,CHN,2002-07-01,-2.931550
gdp,CHN,2003-07-01,-2.860412
gdp,CHN,2004-07-01,-2.798266
gdp,CHN,2005-07-01,-2.720735
gdp,CHN,2006-07-01,-2.624802
gdp,CHN,2007-07-01,-2.508004
gdp,CHN,2008-07-01,-2.412510
gdp,CHN,2009-07-01,-2.292718
gdp,CHN,2010-07-01,-2.215007
gdp,CHN,2011-07-01,-2.137663
gdp,CHN,2012-07-01,-2.083452
gdp,CHN,2013-07-01,-2.028597
gdp,CHN,2014-07-01,-1.979907
gdp,CHN,2015-07-01,-1.939285
gdp,CHN,2016-07-01,-1.889649
gdp,CHN,2017-07-01,-1.846410
gdp,CHN,2018-07-01,-1.809063
gdp,CHN,2019-07-01,-1.774066
gdp,CHN,2020-07-01,-1.728202
gdp,CHN,2021-07-01,-1.704994
gdp,CHN,2022-07-01,-1.693241
gdp,CHN,2023-07-01,-1.660155
gdp,CHN,2024-07-01,-1.628479
gdp,CHN,2025-07-01,-1.594531
gdp,CIV,1960-07-01,-2.541756
gdp,CIV,1961-07-01,-2.489700
gdp,CIV,1962-07-01,-2.559138
gdp,CIV,1963-07-01,-2.490939
gdp,CIV,1964-07-01,-2.409814
gdp,CIV,1965-07-01,-2.529588
gdp,CIV,1966-07-01,-2.510134
gdp,CIV,1967-07-01,-2.517687
gdp,CIV,1968-07-01,-2.475252
gdp,CIV,1969-07-01,-2.444618
gdp,CIV,1970-07-01,-2.377795
gdp,CIV,1971-07-01,-2.350460
gdp,CIV,1972-07-01,-2.394271
gdp,CIV,1973-07-01,-2.427472
gdp,CIV,1974-07-01,-2.416236
gdp,CIV,1975-07-01,-2.370646
gdp,CIV,1976-07-01,-2.332870
gdp,CIV,1977-07-01,-2.334145
gdp,CIV,1978-07-01,-2.311563
gdp,CIV,1979-07-01,-2.346624
gdp,CIV,1980-07-01,-2.490023
gdp,CIV,1981-07-01,-2.510908
gdp,CIV,1982-07-01,-2.521415
gdp,CIV,1983-07-01,-2.637009
gdp,CIV,1984-07-01,-2.765533
gdp,CIV,1985-07-01,-2.793107
gdp,CIV,1986-07-01,-2.824940
gdp,CIV,1987-07-01,-2.892029
gdp,CIV,1988-07-01,-2.950873
gdp,CIV,1989-07-01,-2.987112
gdp,CIV,1990-07-01,-3.044839
gdp,CIV,1991-07-01,-3.069717
gdp,CIV,1992-07-01,-3.132825
gdp,CIV,1993-07-01,-3.188487
gdp,CIV,1994-07-01,-3.246992
gdp,CIV,1995-07-01,-3.231752
gdp,CIV,1996-07-01,-3.221436
gdp,CIV,1997-07-01,-3.199216
gdp,CIV,1998-07-01,-3.227374
gdp,CIV,1999-07-01,-3.283651
gdp,CIV,2000-07-01,-3.342824
gdp,CIV,2001-07-01,-3.390966
gdp,CIV,2002-07-01,-3.452074
gdp,CIV,2003-07-01,-3.544386
gdp,CIV,2004-07-01,-3.565783
gdp,CIV,2005-07-01,-3.604772
gdp,CIV,2006-07-01,-3.618384
gdp,CIV,2007-07-01,-3.641031
gdp,CIV,2008-07-01,-3.608737
gdp,CIV,2009-07-01,-3.560693
gdp,CIV,2010-07-01,-3.534625
gdp,CIV,2011-07-01,-3.619151
gdp,CIV,2012-07-01,-3.581248
gdp,CIV,2013-07-01,-3.512384
gdp,CIV,2014-07-01,-3.464014
gdp,CIV,2015-07-01,-3.444477
gdp,CIV,2016-07-01,-3.414387
gdp,CIV,2017-07-01,-3.388471
gdp,CIV,2018-07-01,-3.391514
gdp,CIV,2019-07-01,-3.373014
gdp,CIV,2020-07-01,-3.366224
gdp,CIV,2021-07-01,-3.380850
gdp,CIV,2022-07-01,-3.363213
gdp,CIV,2023-07-01,-3.345034
gdp,CIV,2024-07-01,-3.328890
gdp,CIV,2025-07-01,-3.306124
gdp,CMR,1960-07-01,-3.010454
gdp,CMR,1961-07-01,-3.020278
gdp,CMR,1962-07-01,-3.052932
gdp,CMR,1963-07-01,-3.066721
gdp,CMR,1964-07-01,-3.096400
gdp,CMR,1965-07-01,-3.148287
gdp,CMR,1966-07-01,-3.177576
gdp,CMR,1967-07-01,-3.330631
gdp,CMR,1968-07-01,-3.330547
gdp,CMR,1969-07-01,-3.328853
gdp,CMR,1970-07-01,-3.315042
gdp,CMR,1971-07-01,-3.327303
gdp,CMR,1972-07-01,-3.368603
gdp,CMR,1973-07-01,-3.389307
gdp,CMR,1974-07-01,-3.300544
gdp,CMR,1975-07-01,-3.209961
gdp,CMR,1976-07-01,-3.336246
gdp,CMR,1977-07-01,-3.268444
gdp,CMR,1978-07-01,-3.140103
gdp,CMR,1979-07-01,-3.129662
gdp,CMR,1980-07-01,-3.169890
gdp,CMR,1981-07-01,-3.062534
gdp,CMR,1982-07-01,-2.986130
gdp,CMR,1983-07-01,-2.975861
gdp,CMR,1984-07-01,-2.992774
gdp,CMR,1985-07-01,-2.977022
gdp,CMR,1986-07-01,-2.966430
gdp,CMR,1987-07-01,-3.043543
gdp,CMR,1988-07-01,-3.186699
gdp,CMR,1989-07-01,-3.260985
gdp,CMR,1990-07-01,-3.360843
gdp,CMR,1991-07-01,-3.414391
gdp,CMR,1992-07-01,-3.495288
gdp,CMR,1993-07-01,-3.620365
gdp,CMR,1994-07-01,-3.657086
gdp,CMR,1995-07-01,-3.670592
gdp,CMR,1996-07-01,-3.681619
gdp,CMR,1997-07-01,-3.695328
gdp,CMR,1998-07-01,-3.707834
gdp,CMR,1999-07-01,-3.725528
gdp,CMR,2000-07-01,-3.743086
gdp,CMR,2001-07-01,-3.726629
gdp,CMR,2002-07-01,-3.717228
gdp,CMR,2003-07-01,-3.710384
gdp,CMR,2004-07-01,-3.698244
gdp,CMR,2005-07-01,-3.728789
gdp,CMR,2006-07-01,-3.736708
gdp,CMR,2007-07-01,-3.732735
gdp,CMR,2008-07-01,-3.724959
gdp,CMR,2009-07-01,-3.693278
gdp,CMR,2010-07-01,-3.711411
gdp,CMR,2011-07-01,-3.714060
gdp,CMR,2012-07-01,-3.711618
gdp,CMR,2013-07-01,-3.704353
gdp,CMR,2014-07-01,-3.695955
gdp,CMR,2015-07-01,-3.693277
gdp,CMR,2016-07-01,-3.688986
gdp,CMR,2017-07-01,-3.699887
gdp,CMR,2018-07-01,-3.712166
gdp,CMR,2019-07-01,-3.726181
gdp,CMR,2020-07-01,-3.725711
gdp,CMR,2021-07-01,-3.777546
gdp,CMR,2022-07-01,-3.786386
gdp,CMR,2023-07-01,-3.800578
gdp,CMR,2024-07-01,-3.810013
gdp,CMR,2025-07-01,-3.820286
gdp,COD,1960-07-01,-2.679445
gdp,COD,1961-07-01,-2.826181
gdp,COD,1962-07-01,-2.703784
gdp,COD,1963-07-01,-2.708136
gdp,COD,1964-07-01,-2.802092
gdp,COD,1965-07-01,-2.869187
gdp,COD,1966-07-01,-2.883571
gdp,COD,1967-07-01,-2.936455
gdp,COD,1968-07-01,-2.960262
gdp,COD,1969-07-01,-2.920769
gdp,COD,1970-07-01,-2.942297
gdp,COD,1971-07-01,-2.931073
gdp,COD,1972-07-01,-2.996570
gdp,COD,1973-07-01,-2.990481
gdp,COD,1974-07-01,-2.971824
gdp,COD,1975-07-01,-3.037513
gdp,COD,1976-07-01,-3.160895
gdp,COD,1977-07-01,-3.213751
gdp,COD,1978-07-01,-3.342994
gdp,COD,1979-07-01,-3.393985
gdp,COD,1980-07-01,-3.391453
gdp,COD,1981-07-01,-3.412592
gdp,COD,1982-07-01,-3.419457
gdp,COD,1983-07-01,-3.472815
gdp,COD,1984-07-01,-3.513514
gdp,COD,1985-07-01,-3.573995
gdp,COD,1986-07-01,-3.584196
gdp,COD,1987-07-01,-3.614352
gdp,COD,1988-07-01,-3.673531
gdp,COD,1989-07-01,-3.744500
gdp,COD,1990-07-01,-3.853006
gdp,COD,1991-07-01,-3.959819
gdp,COD,1992-07-01,-4.125282
gdp,COD,1993-07-01,-4.319650
gdp,COD,1994-07-01,-4.433998
gdp,COD,1995-07-01,-4.483118
gdp,COD,1996-07-01,-4.538025
gdp,COD,1997-07-01,-4.643376
gdp,COD,1998-07-01,-4.719117
gdp,COD,1999-07-01,-4.831630
gdp,COD,2000-07-01,-4.964160
gdp,COD,2001-07-01,-5.016669
gdp,COD,2002-07-01,-5.025763
gdp,COD,2003-07-01,-5.019675
gdp,COD,2004-07-01,-5.012411
gdp,COD,2005-07-01,-5.008611
gdp,COD,2006-07-01,-5.007434
gdp,COD,2007-07-01,-4.965670
gdp,COD,2008-07-01,-4.915804
gdp,COD,2009-07-01,-4.906443
gdp,COD,2010-07-01,-4.873779
gdp,COD,2011-07-01,-4.918220
gdp,COD,2012-07-01,-4.883122
gdp,COD,2013-07-01,-4.769127
gdp,COD,2014-07-01,-4.749519
gdp,COD,2015-07-01,-4.741936
gdp,COD,2016-07-01,-4.783590
gdp,COD,2017-07-01,-4.795971
gdp,COD,2018-07-01,-4.793868
gdp,COD,2019-07-01,-4.840384
gdp,COD,2020-07-01,-4.839750
gdp,COD,2021-07-01,-4.867945
gdp,COD,2022-07-01,-4.830386
gdp,COD,2023-07-01,-4.801789
gdp,COD,2024-07-01,-4.792927
gdp,COD,2025-07-01,-4.785116
gdp,COG,1960-07-01,-2.767643
gdp,COG,1961-07-01,-2.719438
gdp,COG,1962-07-01,-2.738754
gdp,COG,1963-07-01,-2.835219
gdp,COG,1964-07-01,-2.867477
gdp,COG,1965-07-01,-2.908661
gdp,COG,1966-07-01,-2.974874
gdp,COG,1967-07-01,-2.996420
gdp,COG,1968-07-01,-2.988932
gdp,COG,1969-07-01,-2.966599
gdp,COG,1970-07-01,-2.925578
gdp,COG,1971-07-01,-2.901240
gdp,COG,1972-07-01,-2.890131
gdp,COG,1973-07-01,-2.887675
gdp,COG,1974-07-01,-2.828428
gdp,COG,1975-07-01,-2.769914
gdp,COG,1976-07-01,-2.828173
gdp,COG,1977-07-01,-2.981029
gdp,COG,1978-07-01,-2.986103
gdp,COG,1979-07-01,-2.935493
gdp,COG,1980-07-01,-2.783267
gdp,COG,1981-07-01,-2.658275
gdp,COG,1982-07-01,-2.440204
gdp,COG,1983-07-01,-2.439654
gdp,COG,1984-07-01,-2.458343
gdp,COG,1985-07-01,-2.531720
gdp,COG,1986-07-01,-2.656930
gdp,COG,1987-07-01,-2.709280
gdp,COG,1988-07-01,-2.752582
gdp,COG,1989-07-01,-2.782436
gdp,COG,1990-07-01,-2.808422
gdp,COG,1991-07-01,-2.798742
gdp,COG,1992-07-01,-2.821981
gdp,COG,1993-07-01,-2.875373
gdp,COG,1994-07-01,-2.988728
gdp,COG,1995-07-01,-2.992380
gdp,COG,1996-07-01,-3.003505
gdp,COG,1997-07-01,-3.062620
gdp,COG,1998-07-01,-3.080112
gdp,COG,1999-07-01,-3.168570
gdp,COG,2000-07-01,-3.162700
gdp,COG,2001-07-01,-3.162728
gdp,COG,2002-07-01,-3.149136
gdp,COG,2003-07-01,-3.187966
gdp,COG,2004-07-01,-3.216469
gdp,COG,2005-07-01,-3.202835
gdp,COG,2006-07-01,-3.181264
gdp,COG,2007-07-01,-3.296615
gdp,COG,2008-07-01,-3.260025
gdp,COG,2009-07-01,-3.155030
gdp,COG,2010-07-01,-3.119903
gdp,COG,2011-07-01,-3.138188
gdp,COG,2012-07-01,-3.085972
gdp,COG,2013-07-01,-3.130823
gdp,COG,2014-07-01,-3.107603
gdp,COG,2015-07-01,-3.148675
gdp,COG,2016-07-01,-3.273924
gdp,COG,2017-07-01,-3.373150
gdp,COG,2018-07-01,-3.444221
gdp,COG,2019-07-01,-3.477461
gdp,COG,2020-07-01,-3.541018
gdp,COG,2021-07-01,-3.612989
gdp,COG,2022-07-01,-3.641545
gdp,COG,2023-07-01,-3.667543
gdp,COG,2024-07-01,-3.688692
gdp,COG,2025-07-01,-3.698124
gdp,COL,1960-07-01,-2.270422
gdp,COL,1961-07-01,-2.257798
gdp,COL,1962-07-01,-2.279747
gdp,COL,1963-07-01,-2.306619
gdp,COL,1964-07-01,-2.319402
gdp,COL,1965-07-01,-2.363266
gdp,COL,1966-07-01,-2.392597
gdp,COL,1967-07-01,-2.393980
gdp,COL,1968-07-01,-2.400482
gdp,COL,1969-07-01,-2.388223
gdp,COL,1970-07-01,-2.343805
gdp,COL,1971-07-01,-2.329744
gdp,COL,1972-07-01,-2.319570
gdp,COL,1973-07-01,-2.322797
gdp,COL,1974-07-01,-2.274876
gdp,COL,1975-07-01,-2.262131
gdp,COL,1976-07-01,-2.280694
gdp,COL,1977-07-01,-2.297260
gdp,COL,1978-07-01,-2.281807
gdp,COL,1979-07-01,-2.271950
gdp,COL,1980-07-01,-2.242539
gdp,COL,1981-07-01,-2.258325
gdp,COL,1982-07-01,-2.244287
gdp,COL,1983-07-01,-2.287837
gdp,COL,1984-07-01,-2.339203
gdp,COL,1985-07-01,-2.362206
gdp,COL,1986-07-01,-2.351046
gdp,COL,1987-07-01,-2.344323
gdp,COL,1988-07-01,-2.356806
gdp,COL,1989-07-01,-2.370386
gdp,COL,1990-07-01,-2.356519
gdp,COL,1991-07-01,-2.342344
gdp,COL,1992-07-01,-2.343251
gdp,COL,1993-07-01,-2.324724
gdp,COL,1994-07-01,-2.315162
gdp,COL,1995-07-01,-2.298125
gdp,COL,1996-07-01,-2.321387
gdp,COL,1997-07-01,-2.337026
gdp,COL,1998-07-01,-2.381458
gdp,COL,1999-07-01,-2.477080
gdp,COL,2000-07-01,-2.493470
gdp,COL,2001-07-01,-2.492162
gdp,COL,2002-07-01,-2.490394
gdp,COL,2003-07-01,-2.486018
gdp,COL,2004-07-01,-2.477250
gdp,COL,2005-07-01,-2.469120
gdp,COL,2006-07-01,-2.435188
gdp,COL,2007-07-01,-2.392978
gdp,COL,2008-07-01,-2.364381
gdp,COL,2009-07-01,-2.329829
gdp,COL,2010-07-01,-2.315357
gdp,COL,2011-07-01,-2.266498
gdp,COL,2012-07-01,-2.252796
gdp,COL,2013-07-01,-2.225609
gdp,COL,2014-07-01,-2.207493
gdp,COL,2015-07-01,-2.208063
gdp,COL,2016-07-01,-2.207484
gdp,COL,2017-07-01,-2.225847
gdp,COL,2018-07-01,-2.242288
gdp,COL,2019-07-01,-2.249137
gdp,COL,2020-07-01,-2.312953
gdp,COL,2021-07-01,-2.279479
gdp,COL,2022-07-01,-2.238675
gdp,COL,2023-07-01,-2.262197
gdp,COL,2024-07-01,-2.276067
gdp,COL,2025-07-01,-2.276294
gdp,COM,1980-07-01,-3.278355
gdp,COM,1981-07-01,-3.268626
gdp,COM,1982-07-01,-3.228821
gdp,COM,1983-07-01,-3.261905
gdp,COM,1984-07-01,-3.310229
gdp,COM,1985-07-01,-3.342784
gdp,COM,1986-07-01,-3.374930
gdp,COM,1987-07-01,-3.406859
gdp,COM,1988-07-01,-3.417226
gdp,COM,1989-07-01,-3.479772
gdp,COM,1990-07-01,-3.442530
gdp,COM,1991-07-01,-3.516089
gdp,COM,1992-07-01,-3.486602
gdp,COM,1993-07-01,-3.493663
gdp,COM,1994-07-01,-3.579283
gdp,COM,1995-07-01,-3.556387
gdp,COM,1996-07-01,-3.604123
gdp,COM,1997-07-01,-3.609656
gdp,COM,1998-07-01,-3.658825
gdp,COM,1999-07-01,-3.685317
gdp,COM,2000-07-01,-3.743476
gdp,COM,2001-07-01,-3.710877
gdp,COM,2002-07-01,-3.694670
gdp,COM,2003-07-01,-3.713759
gdp,COM,2004-07-01,-3.730686
gdp,COM,2005-07-01,-3.721014
gdp,COM,2006-07-01,-3.776707
gdp,COM,2007-07-01,-3.798964
gdp,COM,2008-07-01,-3.771628
gdp,COM,2009-07-01,-3.724752
gdp,COM,2010-07-01,-3.725684
gdp,COM,2011-07-01,-3.712670
gdp,COM,2012-07-01,-3.716242
gdp,COM,2013-07-01,-3.707078
gdp,COM,2014-07-01,-3.724949
gdp,COM,2015-07-01,-3.755701
gdp,COM,2016-07-01,-3.753722
gdp,COM,2017-07-01,-3.753550
gdp,COM,2018-07-01,-3.760670
gdp,COM,2019-07-01,-3.782813
gdp,COM,2020-07-01,-3.779272
gdp,COM,2021-07-01,-3.836945
gdp,COM,2022-07-01,-3.851322
gdp,COM,2023-07-01,-3.859882
gdp,COM,2024-07-01,-3.864274
gdp,COM,2025-07-01,-3.862118
gdp,CPV,1980-07-01,-3.978322
gdp,CPV,1981-07-01,-3.926395
gdp,CPV,1982-07-01,-3.885578
gdp,CPV,1983-07-01,-3.845017
gdp,CPV,1984-07-01,-3.883355
gdp,CPV,1985-07-01,-3.846545
gdp,CPV,1986-07-01,-3.857175
gdp,CPV,1987-07-01,-3.854076
gdp,CPV,1988-07-01,-3.841649
gdp,CPV,1989-07-01,-3.827849
gdp,CPV,1990-07-01,-3.848857
gdp,CPV,1991-07-01,-3.844568
gdp,CPV,1992-07-01,-3.784217
gdp,CPV,1993-07-01,-3.736179
gdp,CPV,1994-07-01,-3.608277
gdp,CPV,1995-07-01,-3.508993
gdp,CPV,1996-07-01,-3.444641
gdp,CPV,1997-07-01,-3.387501
gdp,CPV,1998-07-01,-3.317775
gdp,CPV,1999-07-01,-3.261900
gdp,CPV,2000-07-01,-3.172324
gdp,CPV,2001-07-01,-3.165137
gdp,CPV,2002-07-01,-3.136108
gdp,CPV,2003-07-01,-3.127649
gdp,CPV,2004-07-01,-3.071618
gdp,CPV,2005-07-01,-3.041716
gdp,CPV,2006-07-01,-2.994232
gdp,CPV,2007-07-01,-2.874386
gdp,CPV,2008-07-01,-2.808395
gdp,CPV,2009-07-01,-2.798176
gdp,CPV,2010-07-01,-2.805284
gdp,CPV,2011-07-01,-2.777644
gdp,CPV,2012-07-01,-2.782507
gdp,CPV,2013-07-01,-2.790125
gdp,CPV,2014-07-01,-2.800344
gdp,CPV,2015-07-01,-2.812211
gdp,CPV,2016-07-01,-2.780782
gdp,CPV,2017-07-01,-2.754285
gdp,CPV,2018-07-01,-2.742272
gdp,CPV,2019-07-01,-2.696802
gdp,CPV,2020-07-01,-2.906061
gdp,CPV,2021-07-01,-2.900038
gdp,CPV,2022-07-01,-2.778169
gdp,CPV,2023-07-01,-2.757002
gdp,CPV,2024-07-01,-2.712258
gdp,CPV,2025-07-01,-2.672005
gdp,CRI,1960-07-01,-1.658541
gdp,CRI,1961-07-01,-1.683366
gdp,CRI,1962-07-01,-1.710914
gdp,CRI,1963-07-01,-1.708708
gdp,CRI,1964-07-01,-1.749988
gdp,CRI,1965-07-01,-1.754292
gdp,CRI,1966-07-01,-1.770546
gdp,CRI,1967-07-01,-1.760287
gdp,CRI,1968-07-01,-1.745136
gdp,CRI,1969-07-01,-1.740510
gdp,CRI,1970-07-01,-1.686057
gdp,CRI,1971-07-01,-1.666833
gdp,CRI,1972-07-01,-1.654722
gdp,CRI,1973-07-01,-1.651352
gdp,CRI,1974-07-01,-1.608303
gdp,CRI,1975-07-01,-1.601291
gdp,CRI,1976-07-01,-1.616528
gdp,CRI,1977-07-01,-1.592681
gdp,CRI,1978-07-01,-1.601788
gdp,CRI,1979-07-01,-1.600713
gdp,CRI,1980-07-01,-1.608253
gdp,CRI,1981-07-01,-1.673610
gdp,CRI,1982-07-01,-1.748900
gdp,CRI,1983-07-01,-1.783828
gdp,CRI,1984-07-01,-1.795383
gdp,CRI,1985-07-01,-1.847653
gdp,CRI,1986-07-01,-1.845668
gdp,CRI,1987-07-01,-1.850588
gdp,CRI,1988-07-01,-1.874417
gdp,CRI,1989-07-01,-1.871117
gdp,CRI,1990-07-01,-1.868854
gdp,CRI,1991-07-01,-1.857455
gdp,CRI,1992-07-01,-1.815494
gdp,CRI,1993-07-01,-1.785897
gdp,CRI,1994-07-01,-1.793484
gdp,CRI,1995-07-01,-1.791430
gdp,CRI,1996-07-01,-1.826853
gdp,CRI,1997-07-01,-1.827603
gdp,CRI,1998-07-01,-1.812995
gdp,CRI,1999-07-01,-1.828381
gdp,CRI,2000-07-01,-1.839299
gdp,CRI,2001-07-01,-1.822518
gdp,CRI,2002-07-01,-1.813018
gdp,CRI,2003-07-01,-1.805088
gdp,CRI,2004-07-01,-1.804996
gdp,CRI,2005-07-01,-1.805482
gdp,CRI,2006-07-01,-1.766602
gdp,CRI,2007-07-01,-1.711521
gdp,CRI,2008-07-01,-1.670465
gdp,CRI,2009-07-01,-1.657733
gdp,CRI,2010-07-01,-1.636057
gdp,CRI,2011-07-01,-1.612321
gdp,CRI,2012-07-01,-1.590966
gdp,CRI,2013-07-01,-1.590849
gdp,CRI,2014-07-01,-1.583756
gdp,CRI,2015-07-01,-1.579562
gdp,CRI,2016-07-01,-1.558663
gdp,CRI,2017-07-01,-1.544721
gdp,CRI,2018-07-01,-1.549006
gdp,CRI,2019-07-01,-1.551026
gdp,CRI,2020-07-01,-1.575136
gdp,CRI,2021-07-01,-1.559371
gdp,CRI,2022-07-01,-1.529728
gdp,CRI,2023-07-01,-1.508282
gdp,CRI,2024-07-01,-1.490977
gdp,CRI,2025-07-01,-1.467023
gdp,CSS,1960-07-01,-1.446129
gdp,CSS,1961-07-01,-1.381740
gdp,CSS,1962-07-01,-1.394200
gdp,CSS,1963-07-01,-1.423451
gdp,CSS,1964-07-01,-1.408698
gdp,CSS,1965-07-01,-1.409028
gdp,CSS,1966-07-01,-1.413049
gdp,CSS,1967-07-01,-1.380666
gdp,CSS,1968-07-01,-1.375883
gdp,CSS,1969-07-01,-1.356393
gdp,CSS,1970-07-01,-1.341077
gdp,CSS,1971-07-01,-1.351596
gdp,CSS,1972-07-01,-1.393575
gdp,CSS,1973-07-01,-1.423889
gdp,CSS,1974-07-01,-1.447682
gdp,CSS,1975-07-01,-1.461326
gdp,CSS,1976-07-01,-1.460358
gdp,CSS,1977-07-01,-1.438621
gdp,CSS,1978-07-01,-1.413189
gdp,CSS,1979-07-01,-1.368736
gdp,CSS,1980-07-01,-1.313610
gdp,CSS,1981-07-01,-1.333025
gdp,CSS,1982-07-01,-1.308015
gdp,CSS,1983-07-01,-1.387410
gdp,CSS,1984-07-01,-1.436828
gdp,CSS,1985-07-01,-1.466056
gdp,CSS,1986-07-01,-1.485493
gdp,CSS,1987-07-01,-1.516248
gdp,CSS,1988-07-01,-1.537718
gdp,CSS,1989-07-01,-1.539541
gdp,CSS,1990-07-01,-1.555998
gdp,CSS,1991-07-01,-1.548511
gdp,CSS,1992-07-01,-1.557093
gdp,CSS,1993-07-01,-1.574114
gdp,CSS,1994-07-01,-1.576226
gdp,CSS,1995-07-01,-1.568986
gdp,CSS,1996-07-01,-1.555169
gdp,CSS,1997-07-01,-1.549973
gdp,CSS,1998-07-01,-1.542433
gdp,CSS,1999-07-01,-1.536614
gdp,CSS,2000-07-01,-1.527481
gdp,CSS,2001-07-01,-1.514227
gdp,CSS,2002-07-01,-1.490775
gdp,CSS,2003-07-01,-1.458659
gdp,CSS,2004-07-01,-1.448994
gdp,CSS,2005-07-01,-1.423370
gdp,CSS,2006-07-01,-1.371621
gdp,CSS,2007-07-01,-1.350609
gdp,CSS,2008-07-01,-1.331817
gdp,CSS,2009-07-01,-1.336819
gdp,CSS,2010-07-01,-1.349543
gdp,CSS,2011-07-01,-1.354671
gdp,CSS,2012-07-01,-1.335488
gdp,CSS,2013-07-01,-1.340205
gdp,CSS,2014-07-01,-1.338284
gdp,CSS,2015-07-01,-1.366404
gdp,CSS,2016-07-01,-1.414211
gdp,CSS,2017-07-01,-1.444794
gdp,CSS,2018-07-01,-1.464611
gdp,CSS,2019-07-01,-1.484373
gdp,CSS,2020-07-01,-1.560204
gdp,CSS,2021-07-01,-1.552913
gdp,CSS,2022-07-01,-1.438680
gdp,CSS,2023-07-01,-1.379998
gdp,CSS,2024-07-01,-1.277058
gdp,CSS,2025-07-01,-1.220334
gdp,CUB,1970-07-01,-2.264871
gdp,CUB,1971-07-01,-2.219651
gdp,CUB,1972-07-01,-2.229026
gdp,CUB,1973-07-01,-2.254937
gdp,CUB,1974-07-01,-2.243344
gdp,CUB,1975-07-01,-2.152082
gdp,CUB,1976-07-01,-2.151809
gdp,CUB,1977-07-01,-2.111480
gdp,CUB,1978-07-01,-2.097447
gdp,CUB,1979-07-01,-2.112033
gdp,CUB,1980-07-01,-2.153811
gdp,CUB,1981-07-01,-1.993867
gdp,CUB,1982-07-01,-1.887125
gdp,CUB,1983-07-01,-1.877970
gdp,CUB,1984-07-01,-1.871069
gdp,CUB,1985-07-01,-1.895515
gdp,CUB,1986-07-01,-1.927892
gdp,CUB,1987-07-01,-1.986084
gdp,CUB,1988-07-01,-1.990905
gdp,CUB,1989-07-01,-2.020349
gdp,CUB,1990-07-01,-2.066979
gdp,CUB,1991-07-01,-2.173661
gdp,CUB,1992-07-01,-2.323829
gdp,CUB,1993-07-01,-2.503983
gdp,CUB,1994-07-01,-2.528217
gdp,CUB,1995-07-01,-2.522132
gdp,CUB,1996-07-01,-2.475414
gdp,CUB,1997-07-01,-2.482703
gdp,CUB,1998-07-01,-2.516649
gdp,CUB,1999-07-01,-2.495285
gdp,CUB,2000-07-01,-2.469985
gdp,CUB,2001-07-01,-2.441391
gdp,CUB,2002-07-01,-2.437810
gdp,CUB,2003-07-01,-2.422417
gdp,CUB,2004-07-01,-2.397433
gdp,CUB,2005-07-01,-2.318399
gdp,CUB,2006-07-01,-2.223724
gdp,CUB,2007-07-01,-2.164721
gdp,CUB,2008-07-01,-2.116452
gdp,CUB,2009-07-01,-2.067436
gdp,CUB,2010-07-01,-2.062186
gdp,CUB,2011-07-01,-2.042515
gdp,CUB,2012-07-01,-2.027603
gdp,CUB,2013-07-01,-2.013446
gdp,CUB,2014-07-01,-2.018892
gdp,CUB,2015-07-01,-1.995567
gdp,CUB,2016-07-01,-1.999788
gdp,CUB,2017-07-01,-1.997622
gdp,CUB,2018-07-01,-1.996918
gdp,CUB,2019-07-01,-2.016745
gdp,CUB,2020-07-01,-2.105224
gdp,CUB,2021-07-01,-2.146026
gdp,CUB,2022-07-01,-2.142049
gdp,CUB,2023-07-01,-2.178614
gdp,CUB,2024-07-01,-2.203586
gdp,CUW,2000-07-01,-0.814806
gdp,CUW,2001-07-01,-0.784782
gdp,CUW,2002-07-01,-0.789627
gdp,CUW,2003-07-01,-0.826348
gdp,CUW,2004-07-01,-0.870017
gdp,CUW,2005-07-01,-0.913801
gdp,CUW,2006-07-01,-0.941078
gdp,CUW,2007-07-01,-0.946757
gdp,CUW,2008-07-01,-0.929371
gdp,CUW,2009-07-01,-0.906340
gdp,CUW,2010-07-01,-0.936307
gdp,CUW,2011-07-01,-0.953043
gdp,CUW,2012-07-01,-0.979487
gdp,CUW,2013-07-01,-1.010593
gdp,CUW,2014-07-01,-1.047428
gdp,CUW,2015-07-01,-1.077104
gdp,CUW,2016-07-01,-1.108617
gdp,CUW,2017-07-01,-1.142006
gdp,CUW,2018-07-01,-1.181389
gdp,CUW,2019-07-01,-1.222370
gdp,CUW,2020-07-01,-1.388543
gdp,CUW,2021-07-01,-1.395771
gdp,CUW,2022-07-01,-1.344146
gdp,CUW,2023-07-01,-1.332337
gdp,CUW,2024-07-01,-1.309693
gdp,CYM,2006-07-01,0.583562
gdp,CYM,2007-07-01,0.574648
gdp,CYM,2008-07-01,0.550352
gdp,CYM,2009-07-01,0.482216
gdp,CYM,2010-07-01,0.408793
gdp,CYM,2011-07-01,0.385341
gdp,CYM,2012-07-01,0.355771
gdp,CYM,2013-07-01,0.328854
gdp,CYM,2014-07-01,0.312753
gdp,CYM,2015-07-01,0.295304
gdp,CYM,2016-07-01,0.293638
gdp,CYM,2017-07-01,0.285145
gdp,CYM,2018-07-01,0.282010
gdp,CYM,2019-07-01,0.279259
gdp,CYM,2020-07-01,0.233605
gdp,CYM,2021-07-01,0.202502
gdp,CYM,2022-07-01,0.217398
gdp,CYM,2023-07-01,0.233113
gdp,CYM,2024-07-01,0.232799
gdp,CYP,1975-07-01,-1.487012
gdp,CYP,1976-07-01,-1.337347
gdp,CYP,1977-07-01,-1.221078
gdp,CYP,1978-07-01,-1.193169
gdp,CYP,1979-07-01,-1.126626
gdp,CYP,1980-07-01,-1.069384
gdp,CYP,1981-07-01,-1.076376
gdp,CYP,1982-07-01,-1.002008
gdp,CYP,1983-07-01,-0.991610
gdp,CYP,1984-07-01,-0.981821
gdp,CYP,1985-07-01,-0.978295
gdp,CYP,1986-07-01,-0.978193
gdp,CYP,1987-07-01,-0.945824
gdp,CYP,1988-07-01,-0.905337
gdp,CYP,1989-07-01,-0.869738
gdp,CYP,1990-07-01,-0.827003
gdp,CYP,1991-07-01,-0.831075
gdp,CYP,1992-07-01,-0.788589
gdp,CYP,1993-07-01,-0.819721
gdp,CYP,1994-07-01,-0.810315
gdp,CYP,1995-07-01,-0.762716
gdp,CYP,1996-07-01,-0.791646
gdp,CYP,1997-07-01,-0.811226
gdp,CYP,1998-07-01,-0.796371
gdp,CYP,1999-07-01,-0.794080
gdp,CYP,2000-07-01,-0.775614
gdp,CYP,2001-07-01,-0.747240
gdp,CYP,2002-07-01,-0.729730
gdp,CYP,2003-07-01,-0.734966
gdp,CYP,2004-07-01,-0.727804
gdp,CYP,2005-07-01,-0.719842
gdp,CYP,2006-07-01,-0.708287
gdp,CYP,2007-07-01,-0.690183
gdp,CYP,2008-07-01,-0.671149
gdp,CYP,2009-07-01,-0.683481
gdp,CYP,2010-07-01,-0.705198
gdp,CYP,2011-07-01,-0.734153
gdp,CYP,2012-07-01,-0.799121
gdp,CYP,2013-07-01,-0.879511
gdp,CYP,2014-07-01,-0.911476
gdp,CYP,2015-07-01,-0.901075
gdp,CYP,2016-07-01,-0.852808
gdp,CYP,2017-07-01,-0.822765
gdp,CYP,2018-07-01,-0.796858
gdp,CYP,2019-07-01,-0.773504
gdp,CYP,2020-07-01,-0.794576
gdp,CYP,2021-07-01,-0.759701
gdp,CYP,2022-07-01,-0.713752
gdp,CYP,2023-07-01,-0.718177
gdp,CYP,2024-07-01,-0.713416
gdp,CYP,2025-07-01,-0.706362
gdp,CZE,1990-07-01,-1.192091
gdp,CZE,1991-07-01,-1.298711
gdp,CZE,1992-07-01,-1.325562
gdp,CZE,1993-07-01,-1.339942
gdp,CZE,1994-07-01,-1.338862
gdp,CZE,1995-07-01,-1.292476
gdp,CZE,1996-07-01,-1.275871
gdp,CZE,1997-07-01,-1.312241
gdp,CZE,1998-07-01,-1.347431
gdp,CZE,1999-07-01,-1.368009
gdp,CZE,2000-07-01,-1.354721
gdp,CZE,2001-07-01,-1.321821
gdp,CZE,2002-07-01,-1.312454
gdp,CZE,2003-07-01,-1.298671
gdp,CZE,2004-07-01,-1.281200
gdp,CZE,2005-07-01,-1.245808
gdp,CZE,2006-07-01,-1.202207
gdp,CZE,2007-07-01,-1.164938
gdp,CZE,2008-07-01,-1.139121
gdp,CZE,2009-07-01,-1.159122
gdp,CZE,2010-07-01,-1.153385
gdp,CZE,2011-07-01,-1.145483
gdp,CZE,2012-07-01,-1.169268
gdp,CZE,2013-07-01,-1.183409
gdp,CZE,2014-07-01,-1.179223
gdp,CZE,2015-07-01,-1.153842
gdp,CZE,2016-07-01,-1.140456
gdp,CZE,2017-07-01,-1.110021
gdp,CZE,2018-07-01,-1.108825
gdp,CZE,2019-07-01,-1.098085
gdp,CZE,2020-07-01,-1.129906
gdp,CZE,2021-07-01,-1.130416
gdp,CZE,2022-07-01,-1.137288
gdp,CZE,2023-07-01,-1.175331
gdp,CZE,2024-07-01,-1.184609
gdp,CZE,2025-07-01,-1.173625
gdp,DEU,1960-07-01,-0.409746
gdp,DEU,1961-07-01,-0.381521
gdp,DEU,1962-07-01,-0.388949
gdp,DEU,1963-07-01,-0.399890
gdp,DEU,1964-07-01,-0.386148
gdp,DEU,1965-07-01,-0.393101
gdp,DEU,1966-07-01,-0.425138
gdp,DEU,1967-07-01,-0.446822
gdp,DEU,1968-07-01,-0.433029
gdp,DEU,1969-07-01,-0.390157
gdp,DEU,1970-07-01,-0.334226
gdp,DEU,1971-07-01,-0.324967
gdp,DEU,1972-07-01,-0.328163
gdp,DEU,1973-07-01,-0.330020
gdp,DEU,1974-07-01,-0.306991
gdp,DEU,1975-07-01,-0.300050
gdp,DEU,1976-07-01,-0.290432
gdp,DEU,1977-07-01,-0.290391
gdp,DEU,1978-07-01,-0.303158
gdp,DEU,1979-07-01,-0.283068
gdp,DEU,1980-07-01,-0.258985
gdp,DEU,1981-07-01,-0.270476
gdp,DEU,1982-07-01,-0.245754
gdp,DEU,1983-07-01,-0.263205
gdp,DEU,1984-07-01,-0.293118
gdp,DEU,1985-07-01,-0.299859
gdp,DEU,1986-07-01,-0.302500
gdp,DEU,1987-07-01,-0.315136
gdp,DEU,1988-07-01,-0.314483
gdp,DEU,1989-07-01,-0.310611
gdp,DEU,1990-07-01,-0.275402
gdp,DEU,1991-07-01,-0.218421
gdp,DEU,1992-07-01,-0.226838
gdp,DEU,1993-07-01,-0.257149
gdp,DEU,1994-07-01,-0.262218
gdp,DEU,1995-07-01,-0.264801
gdp,DEU,1996-07-01,-0.282770
gdp,DEU,1997-07-01,-0.297331
gdp,DEU,1998-07-01,-0.308941
gdp,DEU,1999-07-01,-0.323805
gdp,DEU,2000-07-01,-0.325639
gdp,DEU,2001-07-01,-0.310705
gdp,DEU,2002-07-01,-0.322255
gdp,DEU,2003-07-01,-0.347098
gdp,DEU,2004-07-01,-0.363828
gdp,DEU,2005-07-01,-0.379470
gdp,DEU,2006-07-01,-0.358226
gdp,DEU,2007-07-01,-0.338737
gdp,DEU,2008-07-01,-0.319673
gdp,DEU,2009-07-01,-0.339312
gdp,DEU,2010-07-01,-0.315399
gdp,DEU,2011-07-01,-0.267570
gdp,DEU,2012-07-01,-0.279472
gdp,DEU,2013-07-01,-0.291631
gdp,DEU,2014-07-01,-0.291196
gdp,DEU,2015-07-01,-0.304411
gdp,DEU,2016-07-01,-0.300679
gdp,DEU,2017-07-01,-0.294172
gdp,DEU,2018-07-01,-0.309253
gdp,DEU,2019-07-01,-0.322138
gdp,DEU,2020-07-01,-0.340033
gdp,DEU,2021-07-01,-0.360230
gdp,DEU,2022-07-01,-0.361315
gdp,DEU,2023-07-01,-0.392060
gdp,DEU,2024-07-01,-0.417728
gdp,DEU,2025-07-01,-0.431191
gdp,DJI,2013-07-01,-3.241521
gdp,DJI,2014-07-01,-3.207031
gdp,DJI,2015-07-01,-3.174936
gdp,DJI,2016-07-01,-3.133151
gdp,DJI,2017-07-01,-3.113786
gdp,DJI,2018-07-01,-3.106542
gdp,DJI,2019-07-01,-3.088510
gdp,DJI,2020-07-01,-3.066465
gdp,DJI,2021-07-01,-3.095892
gdp,DJI,2022-07-01,-3.078788
gdp,DJI,2023-07-01,-3.047468
gdp,DJI,2024-07-01,-3.011532
gdp,DJI,2025-07-01,-2.977811
gdp,DMA,1977-07-01,-2.215359
gdp,DMA,1978-07-01,-2.162851
gdp,DMA,1979-07-01,-2.389052
gdp,DMA,1980-07-01,-2.252981
gdp,DMA,1981-07-01,-2.164078
gdp,DMA,1982-07-01,-2.091811
gdp,DMA,1983-07-01,-2.097790
gdp,DMA,1984-07-01,-2.113609
gdp,DMA,1985-07-01,-2.127149
gdp,DMA,1986-07-01,-2.078881
gdp,DMA,1987-07-01,-2.037362
gdp,DMA,1988-07-01,-1.988081
gdp,DMA,1989-07-01,-2.010149
gdp,DMA,1990-07-01,-1.957247
gdp,DMA,1991-07-01,-1.924648
gdp,DMA,1992-07-01,-1.925726
gdp,DMA,1993-07-01,-1.919858
gdp,DMA,1994-07-01,-1.947383
gdp,DMA,1995-07-01,-1.931992
gdp,DMA,1996-07-01,-1.925972
gdp,DMA,1997-07-01,-1.934222
gdp,DMA,1998-07-01,-1.926844
gdp,DMA,1999-07-01,-1.954918
gdp,DMA,2000-07-01,-1.955398
gdp,DMA,2001-07-01,-1.952389
gdp,DMA,2002-07-01,-1.992489
gdp,DMA,2003-07-01,-1.957436
gdp,DMA,2004-07-01,-1.947496
gdp,DMA,2005-07-01,-1.964648
gdp,DMA,2006-07-01,-1.940450
gdp,DMA,2007-07-01,-1.899182
gdp,DMA,2008-07-01,-1.822169
gdp,DMA,2009-07-01,-1.798867
gdp,DMA,2010-07-01,-1.817985
gdp,DMA,2011-07-01,-1.827970
gdp,DMA,2012-07-01,-1.845136
gdp,DMA,2013-07-01,-1.867082
gdp,DMA,2014-07-01,-1.870358
gdp,DMA,2015-07-01,-1.926250
gdp,DMA,2016-07-01,-1.910572
gdp,DMA,2017-07-01,-1.990287
gdp,DMA,2018-07-01,-1.979735
gdp,DMA,2019-07-01,-1.957051
gdp,DMA,2020-07-01,-2.098263
gdp,DMA,2021-07-01,-2.098486
gdp,DMA,2022-07-01,-2.013199
gdp,DMA,2023-07-01,-1.993284
gdp,DMA,2024-07-01,-1.986316
gdp,DMA,2025-07-01,-1.967349
gdp,DNK,1960-07-01,-0.080608
gdp,DNK,1961-07-01,-0.031915
gdp,DNK,1962-07-01,-0.028411
gdp,DNK,1963-07-01,-0.058606
gdp,DNK,1964-07-01,-0.020437
gdp,DNK,1965-07-01,-0.033218
gdp,DNK,1966-07-01,-0.065633
gdp,DNK,1967-07-01,-0.030126
gdp,DNK,1968-07-01,-0.016232
gdp,DNK,1969-07-01,0.023260
gdp,DNK,1970-07-01,0.043622
gdp,DNK,1971-07-01,0.048204
gdp,DNK,1972-07-01,0.039241
gdp,DNK,1973-07-01,0.033935
gdp,DNK,1974-07-01,0.034147
gdp,DNK,1975-07-01,0.028983
gdp,DNK,1976-07-01,0.041699
gdp,DNK,1977-07-01,0.023098
gdp,DNK,1978-07-01,0.000596
gdp,DNK,1979-07-01,0.017739
gdp,DNK,1980-07-01,0.021147
gdp,DNK,1981-07-01,-0.001252
gdp,DNK,1982-07-01,0.065393
gdp,DNK,1983-07-01,0.056607
gdp,DNK,1984-07-01,0.038401
gdp,DNK,1985-07-01,0.046699
gdp,DNK,1986-07-01,0.066811
gdp,DNK,1987-07-01,0.045138
gdp,DNK,1988-07-01,0.015537
gdp,DNK,1989-07-01,-0.004735
gdp,DNK,1990-07-01,0.002719
gdp,DNK,1991-07-01,0.029047
gdp,DNK,1992-07-01,0.025016
gdp,DNK,1993-07-01,0.006936
gdp,DNK,1994-07-01,0.027915
gdp,DNK,1995-07-01,0.038051
gdp,DNK,1996-07-01,0.035538
gdp,DNK,1997-07-01,0.031105
gdp,DNK,1998-07-01,0.018271
gdp,DNK,1999-07-01,0.008914
gdp,DNK,2000-07-01,0.013296
gdp,DNK,2001-07-01,0.019556
gdp,DNK,2002-07-01,0.013333
gdp,DNK,2003-07-01,-0.003964
gdp,DNK,2004-07-01,-0.007664
gdp,DNK,2005-07-01,-0.012122
gdp,DNK,2006-07-01,0.004224
gdp,DNK,2007-07-01,-0.000718
gdp,DNK,2008-07-01,-0.002450
gdp,DNK,2009-07-01,-0.023957
gdp,DNK,2010-07-01,-0.030827
gdp,DNK,2011-07-01,-0.029521
gdp,DNK,2012-07-01,-0.047987
gdp,DNK,2013-07-01,-0.051717
gdp,DNK,2014-07-01,-0.061053
gdp,DNK,2015-07-01,-0.068343
gdp,DNK,2016-07-01,-0.056054
gdp,DNK,2017-07-01,-0.049730
gdp,DNK,2018-07-01,-0.059629
gdp,DNK,2019-07-01,-0.066600
gdp,DNK,2020-07-01,-0.062359
gdp,DNK,2021-07-01,-0.061844
gdp,DNK,2022-07-01,-0.084526
gdp,DNK,2023-07-01,-0.106606
gdp,DNK,2024-07-01,-0.095405
gdp,DNK,2025-07-01,-0.088070
gdp,DOM,1960-07-01,-2.625026
gdp,DOM,1961-07-01,-2.686183
gdp,DOM,1962-07-01,-2.603750
gdp,DOM,1963-07-01,-2.600077
gdp,DOM,1964-07-01,-2.607376
gdp,DOM,1965-07-01,-2.819647
gdp,DOM,1966-07-01,-2.773969
gdp,DOM,1967-07-01,-2.784456
gdp,DOM,1968-07-01,-2.847829
gdp,DOM,1969-07-01,-2.793625
gdp,DOM,1970-07-01,-2.644888
gdp,DOM,1971-07-01,-2.589445
gdp,DOM,1972-07-01,-2.558897
gdp,DOM,1973-07-01,-2.510613
gdp,DOM,1974-07-01,-2.464991
gdp,DOM,1975-07-01,-2.429065
gdp,DOM,1976-07-01,-2.433061
gdp,DOM,1977-07-01,-2.445324
gdp,DOM,1978-07-01,-2.492767
gdp,DOM,1979-07-01,-2.493546
gdp,DOM,1980-07-01,-2.429331
gdp,DOM,1981-07-01,-2.426712
gdp,DOM,1982-07-01,-2.405493
gdp,DOM,1983-07-01,-2.418988
gdp,DOM,1984-07-01,-2.490548
gdp,DOM,1985-07-01,-2.566220
gdp,DOM,1986-07-01,-2.578065
gdp,DOM,1987-07-01,-2.527989
gdp,DOM,1988-07-01,-2.559611
gdp,DOM,1989-07-01,-2.564319
gdp,DOM,1990-07-01,-2.648831
gdp,DOM,1991-07-01,-2.645567
gdp,DOM,1992-07-01,-2.579840
gdp,DOM,1993-07-01,-2.542279
gdp,DOM,1994-07-01,-2.563095
gdp,DOM,1995-07-01,-2.540980
gdp,DOM,1996-07-01,-2.526664
gdp,DOM,1997-07-01,-2.490302
gdp,DOM,1998-07-01,-2.474130
gdp,DOM,1999-07-01,-2.467776
gdp,DOM,2000-07-01,-2.467351
gdp,DOM,2001-07-01,-2.458300
gdp,DOM,2002-07-01,-2.437014
gdp,DOM,2003-07-01,-2.483976
gdp,DOM,2004-07-01,-2.500693
gdp,DOM,2005-07-01,-2.448696
gdp,DOM,2006-07-01,-2.391283
gdp,DOM,2007-07-01,-2.342232
gdp,DOM,2008-07-01,-2.314097
gdp,DOM,2009-07-01,-2.281921
gdp,DOM,2010-07-01,-2.232187
gdp,DOM,2011-07-01,-2.221059
gdp,DOM,2012-07-01,-2.220799
gdp,DOM,2013-07-01,-2.198204
gdp,DOM,2014-07-01,-2.158338
gdp,DOM,2015-07-01,-2.123344
gdp,DOM,2016-07-01,-2.079595
gdp,DOM,2017-07-01,-2.069239
gdp,DOM,2018-07-01,-2.034782
gdp,DOM,2019-07-01,-2.017694
gdp,DOM,2020-07-01,-2.085619
gdp,DOM,2021-07-01,-2.023019
gdp,DOM,2022-07-01,-2.000797
gdp,DOM,2023-07-01,-2.008718
gdp,DOM,2024-07-01,-1.986780
gdp,DOM,2025-07-01,-1.990085
gdp,DZA,1960-07-01,-2.073362
gdp,DZA,1961-07-01,-2.243464
gdp,DZA,1962-07-01,-2.521183
gdp,DZA,1963-07-01,-2.270094
gdp,DZA,1964-07-01,-2.272195
gdp,DZA,1965-07-01,-2.276679
gdp,DZA,1966-07-01,-2.395307
gdp,DZA,1967-07-01,-2.341252
gdp,DZA,1968-07-01,-2.298394
gdp,DZA,1969-07-01,-2.260953
gdp,DZA,1970-07-01,-2.189131
gdp,DZA,1971-07-01,-2.351763
gdp,DZA,1972-07-01,-2.172936
gdp,DZA,1973-07-01,-2.204459
gdp,DZA,1974-07-01,-2.141864
gdp,DZA,1975-07-01,-2.116109
gdp,DZA,1976-07-01,-2.124094
gdp,DZA,1977-07-01,-2.144304
gdp,DZA,1978-07-01,-2.127882
gdp,DZA,1979-07-01,-2.105707
gdp,DZA,1980-07-01,-2.116807
gdp,DZA,1981-07-01,-2.134935
gdp,DZA,1982-07-01,-2.078513
gdp,DZA,1983-07-01,-2.095522
gdp,DZA,1984-07-01,-2.136376
gdp,DZA,1985-07-01,-2.166073
gdp,DZA,1986-07-01,-2.219816
gdp,DZA,1987-07-01,-2.282097
gdp,DZA,1988-07-01,-2.351997
gdp,DZA,1989-07-01,-2.361957
gdp,DZA,1990-07-01,-2.386166
gdp,DZA,1991-07-01,-2.407628
gdp,DZA,1992-07-01,-2.434891
gdp,DZA,1993-07-01,-2.494135
gdp,DZA,1994-07-01,-2.552537
gdp,DZA,1995-07-01,-2.550511
gdp,DZA,1996-07-01,-2.555305
gdp,DZA,1997-07-01,-2.594477
gdp,DZA,1998-07-01,-2.592858
gdp,DZA,1999-07-01,-2.610535
gdp,DZA,2000-07-01,-2.616074
gdp,DZA,2001-07-01,-2.599861
gdp,DZA,2002-07-01,-2.568156
gdp,DZA,2003-07-01,-2.537455
gdp,DZA,2004-07-01,-2.535904
gdp,DZA,2005-07-01,-2.522970
gdp,DZA,2006-07-01,-2.527617
gdp,DZA,2007-07-01,-2.524109
gdp,DZA,2008-07-01,-2.509281
gdp,DZA,2009-07-01,-2.481642
gdp,DZA,2010-07-01,-2.472363
gdp,DZA,2011-07-01,-2.469972
gdp,DZA,2012-07-01,-2.480833
gdp,DZA,2013-07-01,-2.488752
gdp,DZA,2014-07-01,-2.485914
gdp,DZA,2015-07-01,-2.496028
gdp,DZA,2016-07-01,-2.488501
gdp,DZA,2017-07-01,-2.511283
gdp,DZA,2018-07-01,-2.540127
gdp,DZA,2019-07-01,-2.569930
gdp,DZA,2020-07-01,-2.613224
gdp,DZA,2021-07-01,-2.650251
gdp,DZA,2022-07-01,-2.649995
gdp,DZA,2023-07-01,-2.645498
gdp,DZA,2024-07-01,-2.641098
gdp,DZA,2025-07-01,-2.632990
gdp,EAP,1960-07-01,-4.066883
gdp,EAP,1961-07-01,-4.216836
gdp,EAP,1962-07-01,-4.280652
gdp,EAP,1963-07-01,-4.272086
gdp,EAP,1964-07-01,-4.236117
gdp,EAP,1965-07-01,-4.207310
gdp,EAP,1966-07-01,-4.208735
gdp,EAP,1967-07-01,-4.262921
gdp,EAP,1968-07-01,-4.308718
gdp,EAP,1969-07-01,-4.248347
gdp,EAP,1970-07-01,-4.139381
gdp,EAP,1971-07-01,-4.120311
gdp,EAP,1972-07-01,-4.137604
gdp,EAP,1973-07-01,-4.126751
gdp,EAP,1974-07-01,-4.095103
gdp,EAP,1975-07-01,-4.037061
gdp,EAP,1976-07-01,-4.070068
gdp,EAP,1977-07-01,-4.049034
gdp,EAP,1978-07-01,-4.020101
gdp,EAP,1979-07-01,-3.988144
gdp,EAP,1980-07-01,-3.919230
gdp,EAP,1981-07-01,-3.895771
gdp,EAP,1982-07-01,-3.822758
gdp,EAP,1983-07-01,-3.801116
gdp,EAP,1984-07-01,-3.782963
gdp,EAP,1985-07-01,-3.754741
gdp,EAP,1986-07-01,-3.727189
gdp,EAP,1987-07-01,-3.681668
gdp,EAP,1988-07-01,-3.637607
gdp,EAP,1989-07-01,-3.625601
gdp,EAP,1990-07-01,-3.598989
gdp,EAP,1991-07-01,-3.521974
gdp,EAP,1992-07-01,-3.450394
gdp,EAP,1993-07-01,-3.370875
gdp,EAP,1994-07-01,-3.307606
gdp,EAP,1995-07-01,-3.240668
gdp,EAP,1996-07-01,-3.191685
gdp,EAP,1997-07-01,-3.164245
gdp,EAP,1998-07-01,-3.178709
gdp,EAP,1999-07-01,-3.162276
gdp,EAP,2000-07-01,-3.126743
gdp,EAP,2001-07-01,-3.068241
gdp,EAP,2002-07-01,-3.006371
gdp,EAP,2003-07-01,-2.947447
gdp,EAP,2004-07-01,-2.896479
gdp,EAP,2005-07-01,-2.833803
gdp,EAP,2006-07-01,-2.754575
gdp,EAP,2007-07-01,-2.655447
gdp,EAP,2008-07-01,-2.571992
gdp,EAP,2009-07-01,-2.467526
gdp,EAP,2010-07-01,-2.398730
gdp,EAP,2011-07-01,-2.331788
gdp,EAP,2012-07-01,-2.282108
gdp,EAP,2013-07-01,-2.233457
gdp,EAP,2014-07-01,-2.190692
gdp,EAP,2015-07-01,-2.154881
gdp,EAP,2016-07-01,-2.109480
gdp,EAP,2017-07-01,-2.069867
gdp,EAP,2018-07-01,-2.036333
gdp,EAP,2019-07-01,-2.005012
gdp,EAP,2020-07-01,-1.971072
gdp,EAP,2021-07-01,-1.957980
gdp,EAP,2022-07-01,-1.944689
gdp,EAP,2023-07-01,-1.915978
gdp,EAP,2024-07-01,-1.887253
gdp,EAP,2025-07-01,-1.856451
gdp,EAR,1960-07-01,-2.878196
gdp,EAR,1961-07-01,-2.863752
gdp,EAR,1962-07-01,-2.892471
gdp,EAR,1963-07-01,-2.895443
gdp,EAR,1964-07-01,-2.882567
gdp,EAR,1965-07-01,-2.898084
gdp,EAR,1966-07-01,-2.932372
gdp,EAR,1967-07-01,-2.916767
gdp,EAR,1968-07-01,-2.908712
gdp,EAR,1969-07-01,-2.890602
gdp,EAR,1970-07-01,-2.825100
gdp,EAR,1971-07-01,-2.816882
gdp,EAR,1972-07-01,-2.816920
gdp,EAR,1973-07-01,-2.818857
gdp,EAR,1974-07-01,-2.763344
gdp,EAR,1975-07-01,-2.747641
gdp,EAR,1976-07-01,-2.747495
gdp,EAR,1977-07-01,-2.767633
gdp,EAR,1978-07-01,-2.813561
gdp,EAR,1979-07-01,-2.818478
gdp,EAR,1980-07-01,-2.800000
gdp,EAR,1981-07-01,-2.805705
gdp,EAR,1982-07-01,-2.798988
gdp,EAR,1983-07-01,-2.857134
gdp,EAR,1984-07-01,-2.922609
gdp,EAR,1985-07-01,-2.969332
gdp,EAR,1986-07-01,-3.003647
gdp,EAR,1987-07-01,-3.024347
gdp,EAR,1988-07-01,-3.048469
gdp,EAR,1989-07-01,-3.079246
gdp,EAR,1990-07-01,-3.061562
gdp,EAR,1991-07-01,-3.027144
gdp,EAR,1992-07-01,-3.029583
gdp,EAR,1993-07-01,-3.030163
gdp,EAR,1994-07-01,-3.044432
gdp,EAR,1995-07-01,-3.054034
gdp,EAR,1996-07-01,-3.044690
gdp,EAR,1997-07-01,-3.048026
gdp,EAR,1998-07-01,-3.076222
gdp,EAR,1999-07-01,-3.108596
gdp,EAR,2000-07-01,-3.113506
gdp,EAR,2001-07-01,-3.119573
gdp,EAR,2002-07-01,-3.127436
gdp,EAR,2003-07-01,-3.115324
gdp,EAR,2004-07-01,-3.099367
gdp,EAR,2005-07-01,-3.083219
gdp,EAR,2006-07-01,-3.058040
gdp,EAR,2007-07-01,-3.028584
gdp,EAR,2008-07-01,-3.001869
gdp,EAR,2009-07-01,-2.976200
gdp,EAR,2010-07-01,-2.947949
gdp,EAR,2011-07-01,-2.922664
gdp,EAR,2012-07-01,-2.910802
gdp,EAR,2013-07-01,-2.899145
gdp,EAR,2014-07-01,-2.890743
gdp,EAR,2015-07-01,-2.883882
gdp,EAR,2016-07-01,-2.866723
gdp,EAR,2017-07-01,-2.852761
gdp,EAR,2018-07-01,-2.852839
gdp,EAR,2019-07-01,-2.862952
gdp,EAR,2020-07-01,-2.893769
gdp,EAR,2021-07-01,-2.890051
gdp,EAR,2022-07-01,-2.861978
gdp,EAR,2023-07-01,-2.854001
gdp,EAR,2024-07-01,-2.845583
gdp,EAR,2025-07-01,-2.830270
gdp,EAS,1960-07-01,-2.799587
gdp,EAS,1961-07-01,-2.769909
gdp,EAS,1962-07-01,-2.774310
gdp,EAS,1963-07-01,-2.752273
gdp,EAS,1964-07-01,-2.718981
gdp,EAS,1965-07-01,-2.724451
gdp,EAS,1966-07-01,-2.718631
gdp,EAS,1967-07-01,-2.685467
gdp,EAS,1968-07-01,-2.657667
gdp,EAS,1969-07-01,-2.595270
gdp,EAS,1970-07-01,-2.573280
gdp,EAS,1971-07-01,-2.567718
gdp,EAS,1972-07-01,-2.562418
gdp,EAS,1973-07-01,-2.556062
gdp,EAS,1974-07-01,-2.552160
gdp,EAS,1975-07-01,-2.523694
gdp,EAS,1976-07-01,-2.542322
gdp,EAS,1977-07-01,-2.542144
gdp,EAS,1978-07-01,-2.544195
gdp,EAS,1979-07-01,-2.521978
gdp,EAS,1980-07-01,-2.487829
gdp,EAS,1981-07-01,-2.473071
gdp,EAS,1982-07-01,-2.420734
gdp,EAS,1983-07-01,-2.429726
gdp,EAS,1984-07-01,-2.445769
gdp,EAS,1985-07-01,-2.436985
gdp,EAS,1986-07-01,-2.429118
gdp,EAS,1987-07-01,-2.409040
gdp,EAS,1988-07-01,-2.383020
gdp,EAS,1989-07-01,-2.375356
gdp,EAS,1990-07-01,-2.347969
gdp,EAS,1991-07-01,-2.300760
gdp,EAS,1992-07-01,-2.293525
gdp,EAS,1993-07-01,-2.279410
gdp,EAS,1994-07-01,-2.268594
gdp,EAS,1995-07-01,-2.241387
gdp,EAS,1996-07-01,-2.224241
gdp,EAS,1997-07-01,-2.225716
gdp,EAS,1998-07-01,-2.266416
gdp,EAS,1999-07-01,-2.274626
gdp,EAS,2000-07-01,-2.259043
gdp,EAS,2001-07-01,-2.235530
gdp,EAS,2002-07-01,-2.208047
gdp,EAS,2003-07-01,-2.186914
gdp,EAS,2004-07-01,-2.166024
gdp,EAS,2005-07-01,-2.140612
gdp,EAS,2006-07-01,-2.102774
gdp,EAS,2007-07-01,-2.047982
gdp,EAS,2008-07-01,-2.003879
gdp,EAS,2009-07-01,-1.951197
gdp,EAS,2010-07-01,-1.902855
gdp,EAS,2011-07-01,-1.865326
gdp,EAS,2012-07-01,-1.836816
gdp,EAS,2013-07-01,-1.806833
gdp,EAS,2014-07-01,-1.783388
gdp,EAS,2015-07-01,-1.765127
gdp,EAS,2016-07-01,-1.737060
gdp,EAS,2017-07-01,-1.712324
gdp,EAS,2018-07-01,-1.694720
gdp,EAS,2019-07-01,-1.680642
gdp,EAS,2020-07-01,-1.660515
gdp,EAS,2021-07-01,-1.658255
gdp,EAS,2022-07-01,-1.649324
gdp,EAS,2023-07-01,-1.632139
gdp,EAS,2024-07-01,-1.615136
gdp,EAS,2025-07-01,-1.593169
gdp,ECA,1987-07-01,-2.363806
gdp,ECA,1988-07-01,-2.376833
gdp,ECA,1989-07-01,-2.404412
gdp,ECA,1990-07-01,-2.396500
gdp,ECA,1991-07-01,-2.439120
gdp,ECA,1992-07-01,-2.517205
gdp,ECA,1993-07-01,-2.558058
gdp,ECA,1994-07-01,-2.694659
gdp,ECA,1995-07-01,-2.703465
gdp,ECA,1996-07-01,-2.695570
gdp,ECA,1997-07-01,-2.676886
gdp,ECA,1998-07-01,-2.690682
gdp,ECA,1999-07-01,-2.739324
gdp,ECA,2000-07-01,-2.706570
gdp,ECA,2001-07-01,-2.709647
gdp,ECA,2002-07-01,-2.659714
gdp,ECA,2003-07-01,-2.619244
gdp,ECA,2004-07-01,-2.560669
gdp,ECA,2005-07-01,-2.508102
gdp,ECA,2006-07-01,-2.451448
gdp,ECA,2007-07-01,-2.395020
gdp,ECA,2008-07-01,-2.362654
gdp,ECA,2009-07-01,-2.370420
gdp,ECA,2010-07-01,-2.327792
gdp,ECA,2011-07-01,-2.263263
gdp,ECA,2012-07-01,-2.245922
gdp,ECA,2013-07-01,-2.204443
gdp,ECA,2014-07-01,-2.198208
gdp,ECA,2015-07-01,-2.193716
gdp,ECA,2016-07-01,-2.184589
gdp,ECA,2017-07-01,-2.152155
gdp,ECA,2018-07-01,-2.146874
gdp,ECA,2019-07-01,-2.150171
gdp,ECA,2020-07-01,-2.129262
gdp,ECA,2021-07-01,-2.104688
gdp,ECA,2022-07-01,-2.087891
gdp,ECA,2023-07-01,-2.052122
gdp,ECA,2024-07-01,-2.037016
gdp,ECA,2025-07-01,-2.023483
gdp,ECS,1960-07-01,-0.962986
gdp,ECS,1961-07-01,-0.931203
gdp,ECS,1962-07-01,-0.940870
gdp,ECS,1963-07-01,-0.933305
gdp,ECS,1964-07-01,-0.929470
gdp,ECS,1965-07-01,-0.945324
gdp,ECS,1966-07-01,-0.969138
gdp,ECS,1967-07-01,-0.958222
gdp,ECS,1968-07-01,-0.951231
gdp,ECS,1969-07-01,-0.923303
gdp,ECS,1970-07-01,-0.872786
gdp,ECS,1971-07-01,-0.867613
gdp,ECS,1972-07-01,-0.872344
gdp,ECS,1973-07-01,-0.866982
gdp,ECS,1974-07-01,-0.836197
gdp,ECS,1975-07-01,-0.833533
gdp,ECS,1976-07-01,-0.839692
gdp,ECS,1977-07-01,-0.855371
gdp,ECS,1978-07-01,-0.875596
gdp,ECS,1979-07-01,-0.866876
gdp,ECS,1980-07-01,-0.848264
gdp,ECS,1981-07-01,-0.866082
gdp,ECS,1982-07-01,-0.833515
gdp,ECS,1983-07-01,-0.856038
gdp,ECS,1984-07-01,-0.895816
gdp,ECS,1985-07-01,-0.908104
gdp,ECS,1986-07-01,-0.910414
gdp,ECS,1987-07-01,-0.911848
gdp,ECS,1988-07-01,-0.910157
gdp,ECS,1989-07-01,-0.909561
gdp,ECS,1990-07-01,-0.900470
gdp,ECS,1991-07-01,-0.889105
gdp,ECS,1992-07-01,-0.920286
gdp,ECS,1993-07-01,-0.944654
gdp,ECS,1994-07-01,-0.959578
gdp,ECS,1995-07-01,-0.952045
gdp,ECS,1996-07-01,-0.961326
gdp,ECS,1997-07-01,-0.963920
gdp,ECS,1998-07-01,-0.971893
gdp,ECS,1999-07-01,-0.979703
gdp,ECS,2000-07-01,-0.966740
gdp,ECS,2001-07-01,-0.945667
gdp,ECS,2002-07-01,-0.939479
gdp,ECS,2003-07-01,-0.943058
gdp,ECS,2004-07-01,-0.943153
gdp,ECS,2005-07-01,-0.944028
gdp,ECS,2006-07-01,-0.926600
gdp,ECS,2007-07-01,-0.903392
gdp,ECS,2008-07-01,-0.888912
gdp,ECS,2009-07-01,-0.903094
gdp,ECS,2010-07-01,-0.898840
gdp,ECS,2011-07-01,-0.885733
gdp,ECS,2012-07-01,-0.901102
gdp,ECS,2013-07-01,-0.909545
gdp,ECS,2014-07-01,-0.911312
gdp,ECS,2015-07-01,-0.916173
gdp,ECS,2016-07-01,-0.911899
gdp,ECS,2017-07-01,-0.903879
gdp,ECS,2018-07-01,-0.909313
gdp,ECS,2019-07-01,-0.915341
gdp,ECS,2020-07-01,-0.947356
gdp,ECS,2021-07-01,-0.940241
gdp,ECS,2022-07-01,-0.925652
gdp,ECS,2023-07-01,-0.936514
gdp,ECS,2024-07-01,-0.942541
gdp,ECS,2025-07-01,-0.946064
gdp,ECU,1960-07-01,-2.071998
gdp,ECU,1961-07-01,-2.056414
gdp,ECU,1962-07-01,-2.080812
gdp,ECU,1963-07-01,-2.117528
gdp,ECU,1964-07-01,-2.117760
gdp,ECU,1965-07-01,-2.164541
gdp,ECU,1966-07-01,-2.249049
gdp,ECU,1967-07-01,-2.247484
gdp,ECU,1968-07-01,-2.295330
gdp,ECU,1969-07-01,-2.300272
gdp,ECU,1970-07-01,-2.254029
gdp,ECU,1971-07-01,-2.242316
gdp,ECU,1972-07-01,-2.263246
gdp,ECU,1973-07-01,-2.207158
gdp,ECU,1974-07-01,-2.115183
gdp,ECU,1975-07-01,-2.027608
gdp,ECU,1976-07-01,-2.027294
gdp,ECU,1977-07-01,-2.074257
gdp,ECU,1978-07-01,-2.089471
gdp,ECU,1979-07-01,-2.100067
gdp,ECU,1980-07-01,-2.078419
gdp,ECU,1981-07-01,-2.065763
gdp,ECU,1982-07-01,-2.058309
gdp,ECU,1983-07-01,-2.123616
gdp,ECU,1984-07-01,-2.185076
gdp,ECU,1985-07-01,-2.204182
gdp,ECU,1986-07-01,-2.219829
gdp,ECU,1987-07-01,-2.271593
gdp,ECU,1988-07-01,-2.269597
gdp,ECU,1989-07-01,-2.309027
gdp,ECU,1990-07-01,-2.302659
gdp,ECU,1991-07-01,-2.267796
gdp,ECU,1992-07-01,-2.288680
gdp,ECU,1993-07-01,-2.303399
gdp,ECU,1994-07-01,-2.308284
gdp,ECU,1995-07-01,-2.319606
gdp,ECU,1996-07-01,-2.346676
gdp,ECU,1997-07-01,-2.354249
gdp,ECU,1998-07-01,-2.372430
gdp,ECU,1999-07-01,-2.474040
gdp,ECU,2000-07-01,-2.509382
gdp,ECU,2001-07-01,-2.485101
gdp,ECU,2002-07-01,-2.462064
gdp,ECU,2003-07-01,-2.470246
gdp,ECU,2004-07-01,-2.450180
gdp,ECU,2005-07-01,-2.439924
gdp,ECU,2006-07-01,-2.432434
gdp,ECU,2007-07-01,-2.440997
gdp,ECU,2008-07-01,-2.386141
gdp,ECU,2009-07-01,-2.357479
gdp,ECU,2010-07-01,-2.352883
gdp,ECU,2011-07-01,-2.295488
gdp,ECU,2012-07-01,-2.269837
gdp,ECU,2013-07-01,-2.228571
gdp,ECU,2014-07-01,-2.218465
gdp,ECU,2015-07-01,-2.252629
gdp,ECU,2016-07-01,-2.284288
gdp,ECU,2017-07-01,-2.258943
gdp,ECU,2018-07-01,-2.289080
gdp,ECU,2019-07-01,-2.324680
gdp,ECU,2020-07-01,-2.408382
gdp,ECU,2021-07-01,-2.384213
gdp,ECU,2022-07-01,-2.354389
gdp,ECU,2023-07-01,-2.365646
gdp,ECU,2024-07-01,-2.411832
gdp,ECU,2025-07-01,-2.399887
gdp,EGY,1960-07-01,-3.225475
gdp,EGY,1961-07-01,-3.207167
gdp,EGY,1962-07-01,-3.239295
gdp,EGY,1963-07-01,-3.194244
gdp,EGY,1964-07-01,-3.153836
gdp,EGY,1965-07-01,-3.180868
gdp,EGY,1966-07-01,-3.208125
gdp,EGY,1967-07-01,-3.238746
gdp,EGY,1968-07-01,-3.316446
gdp,EGY,1969-07-01,-3.310102
gdp,EGY,1970-07-01,-3.269884
gdp,EGY,1971-07-01,-3.272973
gdp,EGY,1972-07-01,-3.306404
gdp,EGY,1973-07-01,-3.340315
gdp,EGY,1974-07-01,-3.333405
gdp,EGY,1975-07-01,-3.259440
gdp,EGY,1976-07-01,-3.201122
gdp,EGY,1977-07-01,-3.173736
gdp,EGY,1978-07-01,-3.158794
gdp,EGY,1979-07-01,-3.159454
gdp,EGY,1980-07-01,-3.077963
gdp,EGY,1981-07-01,-3.049165
gdp,EGY,1982-07-01,-2.954506
gdp,EGY,1983-07-01,-2.969769
gdp,EGY,1984-07-01,-2.968095
gdp,EGY,1985-07-01,-2.973544
gdp,EGY,1986-07-01,-2.980576
gdp,EGY,1987-07-01,-2.995723
gdp,EGY,1988-07-01,-3.002193
gdp,EGY,1989-07-01,-3.007999
gdp,EGY,1990-07-01,-2.989560
gdp,EGY,1991-07-01,-2.991492
gdp,EGY,1992-07-01,-2.992380
gdp,EGY,1993-07-01,-3.000817
gdp,EGY,1994-07-01,-3.010631
gdp,EGY,1995-07-01,-3.000877
gdp,EGY,1996-07-01,-2.998327
gdp,EGY,1997-07-01,-2.997055
gdp,EGY,1998-07-01,-2.996845
gdp,EGY,1999-07-01,-2.995668
gdp,EGY,2000-07-01,-2.984362
gdp,EGY,2001-07-01,-2.970471
gdp,EGY,2002-07-01,-2.975471
gdp,EGY,2003-07-01,-2.983968
gdp,EGY,2004-07-01,-2.993007
gdp,EGY,2005-07-01,-2.994508
gdp,EGY,2006-07-01,-2.965661
gdp,EGY,2007-07-01,-2.926387
gdp,EGY,2008-07-01,-2.867620
gdp,EGY,2009-07-01,-2.805958
gdp,EGY,2010-07-01,-2.793079
gdp,EGY,2011-07-01,-2.804231
gdp,EGY,2012-07-01,-2.819310
gdp,EGY,2013-07-01,-2.834135
gdp,EGY,2014-07-01,-2.845122
gdp,EGY,2015-07-01,-2.844371
gdp,EGY,2016-07-01,-2.832344
gdp,EGY,2017-07-01,-2.828714
gdp,EGY,2018-07-01,-2.819116
gdp,EGY,2019-07-01,-2.802991
gdp,EGY,2020-07-01,-2.759235
gdp,EGY,2021-07-01,-2.799896
gdp,EGY,2022-07-01,-2.770193
gdp,EGY,2023-07-01,-2.770859
gdp,EGY,2024-07-01,-2.782431
gdp,EGY,2025-07-01,-2.771168
gdp,EMU,1960-07-01,-0.670152
gdp,EMU,1961-07-01,-0.629070
gdp,EMU,1962-07-01,-0.625461
gdp,EMU,1963-07-01,-0.615175
gdp,EMU,1964-07-01,-0.609315
gdp,EMU,1965-07-01,-0.618168
gdp,EMU,1966-07-01,-0.634622
gdp,EMU,1967-07-01,-0.621581
gdp,EMU,1968-07-01,-0.609902
gdp,EMU,1969-07-01,-0.568626
gdp,EMU,1970-07-01,-0.510275
gdp,EMU,1971-07-01,-0.498879
gdp,EMU,1972-07-01,-0.498393
gdp,EMU,1973-07-01,-0.490714
gdp,EMU,1974-07-01,-0.449930
gdp,EMU,1975-07-01,-0.450573
gdp,EMU,1976-07-01,-0.448794
gdp,EMU,1977-07-01,-0.457453
gdp,EMU,1978-07-01,-0.474129
gdp,EMU,1979-07-01,-0.460052
gdp,EMU,1980-07-01,-0.430707
gdp,EMU,1981-07-01,-0.444294
gdp,EMU,1982-07-01,-0.412140
gdp,EMU,1983-07-01,-0.435941
gdp,EMU,1984-07-01,-0.474981
gdp,EMU,1985-07-01,-0.485952
gdp,EMU,1986-07-01,-0.488134
gdp,EMU,1987-07-01,-0.490654
gdp,EMU,1988-07-01,-0.483156
gdp,EMU,1989-07-01,-0.473805
gdp,EMU,1990-07-01,-0.450582
gdp,EMU,1991-07-01,-0.417074
gdp,EMU,1992-07-01,-0.430824
gdp,EMU,1993-07-01,-0.455454
gdp,EMU,1994-07-01,-0.460739
gdp,EMU,1995-07-01,-0.453175
gdp,EMU,1996-07-01,-0.463333
gdp,EMU,1997-07-01,-0.470271
gdp,EMU,1998-07-01,-0.474733
gdp,EMU,1999-07-01,-0.483023
gdp,EMU,2000-07-01,-0.476470
gdp,EMU,2001-07-01,-0.457142
gdp,EMU,2002-07-01,-0.459433
gdp,EMU,2003-07-01,-0.475969
gdp,EMU,2004-07-01,-0.486773
gdp,EMU,2005-07-01,-0.499045
gdp,EMU,2006-07-01,-0.488549
gdp,EMU,2007-07-01,-0.474100
gdp,EMU,2008-07-01,-0.466209
gdp,EMU,2009-07-01,-0.480353
gdp,EMU,2010-07-01,-0.479897
gdp,EMU,2011-07-01,-0.467902
gdp,EMU,2012-07-01,-0.493717
gdp,EMU,2013-07-01,-0.509920
gdp,EMU,2014-07-01,-0.513893
gdp,EMU,2015-07-01,-0.516148
gdp,EMU,2016-07-01,-0.510876
gdp,EMU,2017-07-01,-0.504002
gdp,EMU,2018-07-01,-0.511667
gdp,EMU,2019-07-01,-0.518131
gdp,EMU,2020-07-01,-0.556552
gdp,EMU,2021-07-01,-0.552742
gdp,EMU,2022-07-01,-0.538670
gdp,EMU,2023-07-01,-0.559117
gdp,EMU,2024-07-01,-0.571627
gdp,EMU,2025-07-01,-0.576737
gdp,ERI,1992-07-01,-4.118036
gdp,ERI,1993-07-01,-4.037098
gdp,ERI,1994-07-01,-3.902610
gdp,ERI,1995-07-01,-3.945560
gdp,ERI,1996-07-01,-3.932109
gdp,ERI,1997-07-01,-3.898525
gdp,ERI,1998-07-01,-3.926209
gdp,ERI,1999-07-01,-3.976097
gdp,ERI,2000-07-01,-4.052220
gdp,ERI,2001-07-01,-3.996438
gdp,ERI,2002-07-01,-4.008802
gdp,ERI,2003-07-01,-4.096004
gdp,ERI,2004-07-01,-4.151094
gdp,ERI,2005-07-01,-4.174633
gdp,ERI,2006-07-01,-4.217959
gdp,ERI,2007-07-01,-4.228707
gdp,ERI,2008-07-01,-4.349637
gdp,ERI,2009-07-01,-4.301826
gdp,ERI,2010-07-01,-4.317902
gdp,ERI,2011-07-01,-4.260201
gdp,ESP,1960-07-01,-1.105852
gdp,ESP,1961-07-01,-1.009417
gdp,ESP,1962-07-01,-0.967562
gdp,ESP,1963-07-01,-0.913365
gdp,ESP,1964-07-01,-0.914068
gdp,ESP,1965-07-01,-0.913806
gdp,ESP,1966-07-01,-0.905516
gdp,ESP,1967-07-01,-0.889139
gdp,ESP,1968-07-01,-0.875229
gdp,ESP,1969-07-01,-0.820516
gdp,ESP,1970-07-01,-0.780563
gdp,ESP,1971-07-01,-0.766921
gdp,ESP,1972-07-01,-0.740131
gdp,ESP,1973-07-01,-0.721555
gdp,ESP,1974-07-01,-0.663259
gdp,ESP,1975-07-01,-0.656746
gdp,ESP,1976-07-01,-0.677787
gdp,ESP,1977-07-01,-0.695235
gdp,ESP,1978-07-01,-0.733619
gdp,ESP,1979-07-01,-0.762152
gdp,ESP,1980-07-01,-0.736168
gdp,ESP,1981-07-01,-0.759849
gdp,ESP,1982-07-01,-0.725737
gdp,ESP,1983-07-01,-0.748737
gdp,ESP,1984-07-01,-0.796408
gdp,ESP,1985-07-01,-0.809072
gdp,ESP,1986-07-01,-0.804843
gdp,ESP,1987-07-01,-0.778474
gdp,ESP,1988-07-01,-0.762747
gdp,ESP,1989-07-01,-0.743794
gdp,ESP,1990-07-01,-0.715083
gdp,ESP,1991-07-01,-0.678041
gdp,ESP,1992-07-01,-0.694439
gdp,ESP,1993-07-01,-0.723952
gdp,ESP,1994-07-01,-0.732398
gdp,ESP,1995-07-01,-0.724192
gdp,ESP,1996-07-01,-0.728017
gdp,ESP,1997-07-01,-0.728434
gdp,ESP,1998-07-01,-0.722651
gdp,ESP,1999-07-01,-0.718850
gdp,ESP,2000-07-01,-0.701461
gdp,ESP,2001-07-01,-0.669571
gdp,ESP,2002-07-01,-0.664099
gdp,ESP,2003-07-01,-0.672192
gdp,ESP,2004-07-01,-0.687278
gdp,ESP,2005-07-01,-0.694300
gdp,ESP,2006-07-01,-0.689388
gdp,ESP,2007-07-01,-0.683503
gdp,ESP,2008-07-01,-0.683491
gdp,ESP,2009-07-01,-0.695889
gdp,ESP,2010-07-01,-0.717686
gdp,ESP,2011-07-01,-0.735258
gdp,ESP,2012-07-01,-0.779626
gdp,ESP,2013-07-01,-0.803777
gdp,ESP,2014-07-01,-0.802568
gdp,ESP,2015-07-01,-0.782986
gdp,ESP,2016-07-01,-0.765198
gdp,ESP,2017-07-01,-0.756430
gdp,ESP,2018-07-01,-0.760643
gdp,ESP,2019-07-01,-0.768747
gdp,ESP,2020-07-01,-0.864589
gdp,ESP,2021-07-01,-0.859805
gdp,ESP,2022-07-01,-0.824473
gdp,ESP,2023-07-01,-0.832642
gdp,ESP,2024-07-01,-0.826833
gdp,ESP,2025-07-01,-0.825445
gdp,EST,1990-07-01,-1.434241
gdp,EST,1991-07-01,-1.498153
gdp,EST,1992-07-01,-1.738521
gdp,EST,1993-07-01,-1.785855
gdp,EST,1994-07-01,-1.808267
gdp,EST,1995-07-01,-1.760723
gdp,EST,1996-07-01,-1.723121
gdp,EST,1997-07-01,-1.620523
gdp,EST,1998-07-01,-1.600633
gdp,EST,1999-07-01,-1.643127
gdp,EST,2000-07-01,-1.580696
gdp,EST,2001-07-01,-1.516796
gdp,EST,2002-07-01,-1.451013
gdp,EST,2003-07-01,-1.390498
gdp,EST,2004-07-01,-1.347227
gdp,EST,2005-07-01,-1.275565
gdp,EST,2006-07-01,-1.194341
gdp,EST,2007-07-01,-1.127129
gdp,EST,2008-07-01,-1.168737
gdp,EST,2009-07-01,-1.290118
gdp,EST,2010-07-01,-1.281769
gdp,EST,2011-07-01,-1.213017
gdp,EST,2012-07-01,-1.188025
gdp,EST,2013-07-01,-1.180445
gdp,EST,2014-07-01,-1.162099
gdp,EST,2015-07-01,-1.165591
gdp,EST,2016-07-01,-1.145596
gdp,EST,2017-07-01,-1.109340
gdp,EST,2018-07-01,-1.099861
gdp,EST,2019-07-01,-1.087346
gdp,EST,2020-07-01,-1.093465
gdp,EST,2021-07-01,-1.073335
gdp,EST,2022-07-01,-1.118274
gdp,EST,2023-07-01,-1.182570
gdp,EST,2024-07-01,-1.202917
gdp,EST,2025-07-01,-1.208966
gdp,ETH,1961-07-01,-4.415406
gdp,ETH,1962-07-01,-4.442085
gdp,ETH,1963-07-01,-4.452330
gdp,ETH,1964-07-01,-4.481056
gdp,ETH,1965-07-01,-4.501325
gdp,ETH,1966-07-01,-4.508765
gdp,ETH,1967-07-01,-4.509159
gdp,ETH,1968-07-01,-4.533097
gdp,ETH,1969-07-01,-4.567574
gdp,ETH,1970-07-01,-4.551415
gdp,ETH,1971-07-01,-4.535272
gdp,ETH,1972-07-01,-4.561105
gdp,ETH,1973-07-01,-4.583256
gdp,ETH,1974-07-01,-4.562354
gdp,ETH,1975-07-01,-4.562493
gdp,ETH,1976-07-01,-4.629231
gdp,ETH,1977-07-01,-4.656751
gdp,ETH,1978-07-01,-4.689959
gdp,ETH,1979-07-01,-4.735992
gdp,ETH,1980-07-01,-4.667093
gdp,ETH,1981-07-01,-4.664568
gdp,ETH,1982-07-01,-4.666537
gdp,ETH,1983-07-01,-4.651007
gdp,ETH,1984-07-01,-4.767128
gdp,ETH,1985-07-01,-4.945437
gdp,ETH,1986-07-01,-4.907572
gdp,ETH,1987-07-01,-4.836876
gdp,ETH,1988-07-01,-4.902741
gdp,ETH,1989-07-01,-4.971389
gdp,ETH,1990-07-01,-4.988892
gdp,ETH,1991-07-01,-5.091809
gdp,ETH,1992-07-01,-5.245354
gdp,ETH,1993-07-01,-5.170983
gdp,ETH,1994-07-01,-5.201630
gdp,ETH,1995-07-01,-5.190786
gdp,ETH,1996-07-01,-5.132057
gdp,ETH,1997-07-01,-5.164721
gdp,ETH,1998-07-01,-5.263518
gdp,ETH,1999-07-01,-5.279719
gdp,ETH,2000-07-01,-5.280281
gdp,ETH,2001-07-01,-5.230481
gdp,ETH,2002-07-01,-5.253472
gdp,ETH,2003-07-01,-5.324510
gdp,ETH,2004-07-01,-5.255686
gdp,ETH,2005-07-01,-5.198663
gdp,ETH,2006-07-01,-5.142988
gdp,ETH,2007-07-01,-5.074158
gdp,ETH,2008-07-01,-4.992325
gdp,ETH,2009-07-01,-4.901488
gdp,ETH,2010-07-01,-4.829742
gdp,ETH,2011-07-01,-4.759811
gdp,ETH,2012-07-01,-4.719558
gdp,ETH,2013-07-01,-4.659545
gdp,ETH,2014-07-01,-4.605691
gdp,ETH,2015-07-01,-4.554718
gdp,ETH,2016-07-01,-4.501825
gdp,ETH,2017-07-01,-4.455087
gdp,ETH,2018-07-01,-4.439485
gdp,ETH,2019-07-01,-4.406430
gdp,ETH,2020-07-01,-4.349588
gdp,ETH,2021-07-01,-4.379561
gdp,ETH,2022-07-01,-4.373173
gdp,ETH,2023-07-01,-4.356046
gdp,ETH,2024-07-01,-4.326460
gdp,ETH,2025-07-01,-4.274898
gdp,EUU,1960-07-01,-0.792608
gdp,EUU,1961-07-01,-0.751131
gdp,EUU,1962-07-01,-0.747941
gdp,EUU,1963-07-01,-0.738486
gdp,EUU,1964-07-01,-0.731502
gdp,EUU,1965-07-01,-0.738167
gdp,EUU,1966-07-01,-0.755578
gdp,EUU,1967-07-01,-0.742073
gdp,EUU,1968-07-01,-0.731629
gdp,EUU,1969-07-01,-0.691354
gdp,EUU,1970-07-01,-0.633701
gdp,EUU,1971-07-01,-0.623136
gdp,EUU,1972-07-01,-0.623822
gdp,EUU,1973-07-01,-0.617362
gdp,EUU,1974-07-01,-0.577852
gdp,EUU,1975-07-01,-0.577475
gdp,EUU,1976-07-01,-0.578087
gdp,EUU,1977-07-01,-0.589069
gdp,EUU,1978-07-01,-0.606830
gdp,EUU,1979-07-01,-0.593247
gdp,EUU,1980-07-01,-0.565226
gdp,EUU,1981-07-01,-0.579156
gdp,EUU,1982-07-01,-0.546347
gdp,EUU,1983-07-01,-0.570298
gdp,EUU,1984-07-01,-0.608800
gdp,EUU,1985-07-01,-0.620220
gdp,EUU,1986-07-01,-0.622264
gdp,EUU,1987-07-01,-0.625079
gdp,EUU,1988-07-01,-0.619703
gdp,EUU,1989-07-01,-0.611593
gdp,EUU,1990-07-01,-0.589927
gdp,EUU,1991-07-01,-0.563871
gdp,EUU,1992-07-01,-0.578551
gdp,EUU,1993-07-01,-0.601736
gdp,EUU,1994-07-01,-0.604811
gdp,EUU,1995-07-01,-0.594403
gdp,EUU,1996-07-01,-0.602453
gdp,EUU,1997-07-01,-0.608937
gdp,EUU,1998-07-01,-0.613095
gdp,EUU,1999-07-01,-0.620437
gdp,EUU,2000-07-01,-0.611890
gdp,EUU,2001-07-01,-0.591448
gdp,EUU,2002-07-01,-0.590473
gdp,EUU,2003-07-01,-0.603804
gdp,EUU,2004-07-01,-0.610516
gdp,EUU,2005-07-01,-0.619568
gdp,EUU,2006-07-01,-0.605715
gdp,EUU,2007-07-01,-0.588608
gdp,EUU,2008-07-01,-0.577479
gdp,EUU,2009-07-01,-0.589224
gdp,EUU,2010-07-01,-0.587358
gdp,EUU,2011-07-01,-0.574015
gdp,EUU,2012-07-01,-0.597822
gdp,EUU,2013-07-01,-0.612349
gdp,EUU,2014-07-01,-0.614237
gdp,EUU,2015-07-01,-0.613813
gdp,EUU,2016-07-01,-0.606958
gdp,EUU,2017-07-01,-0.597965
gdp,EUU,2018-07-01,-0.602731
gdp,EUU,2019-07-01,-0.606420
gdp,EUU,2020-07-01,-0.638618
gdp,EUU,2021-07-01,-0.633481
gdp,EUU,2022-07-01,-0.619875
gdp,EUU,2023-07-01,-0.639981
gdp,EUU,2024-07-01,-0.650081
gdp,EUU,2025-07-01,-0.652973
gdp,FIN,1960-07-01,-0.532216
gdp,FIN,1961-07-01,-0.472141
gdp,FIN,1962-07-01,-0.493389
gdp,FIN,1963-07-01,-0.496804
gdp,FIN,1964-07-01,-0.493796
gdp,FIN,1965-07-01,-0.494993
gdp,FIN,1966-07-01,-0.526716
gdp,FIN,1967-07-01,-0.524479
gdp,FIN,1968-07-01,-0.543096
gdp,FIN,1969-07-01,-0.471666
gdp,FIN,1970-07-01,-0.386347
gdp,FIN,1971-07-01,-0.384067
gdp,FIN,1972-07-01,-0.356026
gdp,FIN,1973-07-01,-0.339573
gdp,FIN,1974-07-01,-0.298399
gdp,FIN,1975-07-01,-0.273032
gdp,FIN,1976-07-01,-0.315585
gdp,FIN,1977-07-01,-0.351137
gdp,FIN,1978-07-01,-0.368508
gdp,FIN,1979-07-01,-0.322399
gdp,FIN,1980-07-01,-0.260855
gdp,FIN,1981-07-01,-0.267555
gdp,FIN,1982-07-01,-0.215029
gdp,FIN,1983-07-01,-0.226097
gdp,FIN,1984-07-01,-0.260893
gdp,FIN,1985-07-01,-0.262264
gdp,FIN,1986-07-01,-0.263132
gdp,FIN,1987-07-01,-0.256002
gdp,FIN,1988-07-01,-0.239761
gdp,FIN,1989-07-01,-0.220403
gdp,FIN,1990-07-01,-0.225331
gdp,FIN,1991-07-01,-0.276953
gdp,FIN,1992-07-01,-0.336996
gdp,FIN,1993-07-01,-0.363623
gdp,FIN,1994-07-01,-0.356292
gdp,FIN,1995-07-01,-0.333219
gdp,FIN,1996-07-01,-0.325927
gdp,FIN,1997-07-01,-0.298358
gdp,FIN,1998-07-01,-0.280104
gdp,FIN,1999-07-01,-0.274758
gdp,FIN,2000-07-01,-0.249730
gdp,FIN,2001-07-01,-0.225559
gdp,FIN,2002-07-01,-0.218834
gdp,FIN,2003-07-01,-0.220278
gdp,FIN,2004-07-01,-0.212410
gdp,FIN,2005-07-01,-0.213464
gdp,FIN,2006-07-01,-0.195715
gdp,FIN,2007-07-01,-0.158534
gdp,FIN,2008-07-01,-0.147053
gdp,FIN,2009-07-01,-0.201174
gdp,FIN,2010-07-01,-0.192692
gdp,FIN,2011-07-01,-0.181303
gdp,FIN,2012-07-01,-0.216056
gdp,FIN,2013-07-01,-0.243901
gdp,FIN,2014-07-01,-0.269793
gdp,FIN,2015-07-01,-0.289484
gdp,FIN,2016-07-01,-0.277139
gdp,FIN,2017-07-01,-0.264336
gdp,FIN,2018-07-01,-0.277172
gdp,FIN,2019-07-01,-0.285226
gdp,FIN,2020-07-01,-0.286769
gdp,FIN,2021-07-01,-0.320559
gdp,FIN,2022-07-01,-0.334913
gdp,FIN,2023-07-01,-0.373582
gdp,FIN,2024-07-01,-0.394217
gdp,FIN,2025-07-01,-0.413352
gdp,FJI,1960-07-01,-2.185527
gdp,FJI,1961-07-01,-2.187569
gdp,FJI,1962-07-01,-2.226946
gdp,FJI,1963-07-01,-2.225381
gdp,FJI,1964-07-01,-2.251381
gdp,FJI,1965-07-01,-2.358909
gdp,FJI,1966-07-01,-2.439348
gdp,FJI,1967-07-01,-2.352967
gdp,FJI,1968-07-01,-2.335744
gdp,FJI,1969-07-01,-2.351814
gdp,FJI,1970-07-01,-2.242500
gdp,FJI,1971-07-01,-2.214160
gdp,FJI,1972-07-01,-2.199674
gdp,FJI,1973-07-01,-2.150905
gdp,FJI,1974-07-01,-2.125344
gdp,FJI,1975-07-01,-2.122861
gdp,FJI,1976-07-01,-2.155423
gdp,FJI,1977-07-01,-2.153947
gdp,FJI,1978-07-01,-2.202380
gdp,FJI,1979-07-01,-2.131025
gdp,FJI,1980-07-01,-2.158845
gdp,FJI,1981-07-01,-2.136565
gdp,FJI,1982-07-01,-2.194444
gdp,FJI,1983-07-01,-2.294617
gdp,FJI,1984-07-01,-2.299408
gdp,FJI,1985-07-01,-2.402462
gdp,FJI,1986-07-01,-2.373869
gdp,FJI,1987-07-01,-2.482414
gdp,FJI,1988-07-01,-2.515553
gdp,FJI,1989-07-01,-2.480422
gdp,FJI,1990-07-01,-2.440515
gdp,FJI,1991-07-01,-2.461605
gdp,FJI,1992-07-01,-2.430415
gdp,FJI,1993-07-01,-2.429673
gdp,FJI,1994-07-01,-2.412722
gdp,FJI,1995-07-01,-2.407601
gdp,FJI,1996-07-01,-2.392410
gdp,FJI,1997-07-01,-2.456462
gdp,FJI,1998-07-01,-2.488127
gdp,FJI,1999-07-01,-2.450647
gdp,FJI,2000-07-01,-2.507489
gdp,FJI,2001-07-01,-2.497577
gdp,FJI,2002-07-01,-2.483562
gdp,FJI,2003-07-01,-2.502143
gdp,FJI,2004-07-01,-2.488285
gdp,FJI,2005-07-01,-2.515457
gdp,FJI,2006-07-01,-2.523934
gdp,FJI,2007-07-01,-2.551158
gdp,FJI,2008-07-01,-2.538741
gdp,FJI,2009-07-01,-2.522071
gdp,FJI,2010-07-01,-2.514585
gdp,FJI,2011-07-01,-2.498311
gdp,FJI,2012-07-01,-2.501056
gdp,FJI,2013-07-01,-2.469758
gdp,FJI,2014-07-01,-2.433546
gdp,FJI,2015-07-01,-2.411651
gdp,FJI,2016-07-01,-2.398303
gdp,FJI,2017-07-01,-2.363060
gdp,FJI,2018-07-01,-2.347295
gdp,FJI,2019-07-01,-2.371000
gdp,FJI,2020-07-01,-2.534494
gdp,FJI,2021-07-01,-2.638964
gdp,FJI,2022-07-01,-2.497800
gdp,FJI,2023-07-01,-2.433391
gdp,FJI,2024-07-01,-2.421646
gdp,FJI,2025-07-01,-2.411045
gdp,FRA,1960-07-01,-0.566661
gdp,FRA,1961-07-01,-0.534888
gdp,FRA,1962-07-01,-0.522448
gdp,FRA,1963-07-01,-0.501908
gdp,FRA,1964-07-01,-0.491308
gdp,FRA,1965-07-01,-0.503182
gdp,FRA,1966-07-01,-0.512924
gdp,FRA,1967-07-01,-0.487966
gdp,FRA,1968-07-01,-0.488090
gdp,FRA,1969-07-01,-0.448556
gdp,FRA,1970-07-01,-0.388015
gdp,FRA,1971-07-01,-0.365610
gdp,FRA,1972-07-01,-0.370750
gdp,FRA,1973-07-01,-0.364106
gdp,FRA,1974-07-01,-0.312964
gdp,FRA,1975-07-01,-0.315304
gdp,FRA,1976-07-01,-0.320061
gdp,FRA,1977-07-01,-0.324958
gdp,FRA,1978-07-01,-0.334036
gdp,FRA,1979-07-01,-0.322364
gdp,FRA,1980-07-01,-0.298911
gdp,FRA,1981-07-01,-0.308281
gdp,FRA,1982-07-01,-0.260074
gdp,FRA,1983-07-01,-0.288596
gdp,FRA,1984-07-01,-0.338722
gdp,FRA,1985-07-01,-0.360140
gdp,FRA,1986-07-01,-0.366436
gdp,FRA,1987-07-01,-0.371685
gdp,FRA,1988-07-01,-0.362287
gdp,FRA,1989-07-01,-0.351768
gdp,FRA,1990-07-01,-0.336725
gdp,FRA,1991-07-01,-0.315008
gdp,FRA,1992-07-01,-0.325691
gdp,FRA,1993-07-01,-0.347597
gdp,FRA,1994-07-01,-0.355022
gdp,FRA,1995-07-01,-0.350459
gdp,FRA,1996-07-01,-0.365559
gdp,FRA,1997-07-01,-0.375641
gdp,FRA,1998-07-01,-0.377602
gdp,FRA,1999-07-01,-0.384622
gdp,FRA,2000-07-01,-0.379749
gdp,FRA,2001-07-01,-0.367835
gdp,FRA,2002-07-01,-0.372068
gdp,FRA,2003-07-01,-0.388470
gdp,FRA,2004-07-01,-0.396018
gdp,FRA,2005-07-01,-0.409853
gdp,FRA,2006-07-01,-0.407860
gdp,FRA,2007-07-01,-0.399382
gdp,FRA,2008-07-01,-0.392844
gdp,FRA,2009-07-01,-0.391761
gdp,FRA,2010-07-01,-0.395018
gdp,FRA,2011-07-01,-0.383361
gdp,FRA,2012-07-01,-0.401010
gdp,FRA,2013-07-01,-0.411784
gdp,FRA,2014-07-01,-0.423568
gdp,FRA,2015-07-01,-0.437564
gdp,FRA,2016-07-01,-0.441814
gdp,FRA,2017-07-01,-0.441444
gdp,FRA,2018-07-01,-0.452073
gdp,FRA,2019-07-01,-0.455686
gdp,FRA,2020-07-01,-0.511133
gdp,FRA,2021-07-01,-0.506272
gdp,FRA,2022-07-01,-0.503726
gdp,FRA,2023-07-01,-0.512882
gdp,FRA,2024-07-01,-0.521616
gdp,FRA,2025-07-01,-0.531858
gdp,FRO,2008-07-01,-0.185237
gdp,FRO,2009-07-01,-0.201963
gdp,FRO,2010-07-01,-0.221152
gdp,FRO,2011-07-01,-0.191362
gdp,FRO,2012-07-01,-0.132387
gdp,FRO,2013-07-01,-0.087935
gdp,FRO,2014-07-01,-0.055768
gdp,FRO,2015-07-01,-0.076964
gdp,FRO,2016-07-01,-0.084857
gdp,FRO,2017-07-01,-0.082062
gdp,FRO,2018-07-01,-0.094339
gdp,FRO,2019-07-01,-0.085743
gdp,FRO,2020-07-01,-0.091910
gdp,FRO,2021-07-01,-0.114410
gdp,FRO,2022-07-01,-0.107181
gdp,FRO,2023-07-01,-0.105919
gdp,FRO,2024-07-01,-0.119904
gdp,FSM,1970-07-01,-2.698130
gdp,FSM,1971-07-01,-2.723802
gdp,FSM,1972-07-01,-2.780424
gdp,FSM,1973-07-01,-2.560709
gdp,FSM,1974-07-01,-2.430729
gdp,FSM,1975-07-01,-2.443284
gdp,FSM,1976-07-01,-2.506460
gdp,FSM,1977-07-01,-2.542013
gdp,FSM,1978-07-01,-2.558311
gdp,FSM,1979-07-01,-2.588598
gdp,FSM,1980-07-01,-2.681985
gdp,FSM,1981-07-01,-2.634807
gdp,FSM,1982-07-01,-2.663578
gdp,FSM,1983-07-01,-2.709629
gdp,FSM,1984-07-01,-2.840214
gdp,FSM,1985-07-01,-2.747666
gdp,FSM,1986-07-01,-2.723822
gdp,FSM,1987-07-01,-2.764479
gdp,FSM,1988-07-01,-2.794627
gdp,FSM,1989-07-01,-2.806034
gdp,FSM,1990-07-01,-2.795556
gdp,FSM,1991-07-01,-2.727792
gdp,FSM,1992-07-01,-2.729017
gdp,FSM,1993-07-01,-2.686048
gdp,FSM,1994-07-01,-2.737235
gdp,FSM,1995-07-01,-2.694557
gdp,FSM,1996-07-01,-2.758262
gdp,FSM,1997-07-01,-2.857112
gdp,FSM,1998-07-01,-2.864089
gdp,FSM,1999-07-01,-2.890870
gdp,FSM,2000-07-01,-2.877755
gdp,FSM,2001-07-01,-2.862190
gdp,FSM,2002-07-01,-2.866090
gdp,FSM,2003-07-01,-2.866143
gdp,FSM,2004-07-01,-2.923857
gdp,FSM,2005-07-01,-2.917223
gdp,FSM,2006-07-01,-2.933037
gdp,FSM,2007-07-01,-2.952406
gdp,FSM,2008-07-01,-2.961097
gdp,FSM,2009-07-01,-2.904297
gdp,FSM,2010-07-01,-2.901611
gdp,FSM,2011-07-01,-2.873561
gdp,FSM,2012-07-01,-2.906318
gdp,FSM,2013-07-01,-2.959589
gdp,FSM,2014-07-01,-3.005069
gdp,FSM,2015-07-01,-2.986143
gdp,FSM,2016-07-01,-2.987088
gdp,FSM,2017-07-01,-2.987619
gdp,FSM,2018-07-01,-3.010833
gdp,FSM,2019-07-01,-2.998791
gdp,FSM,2020-07-01,-3.000189
gdp,FSM,2021-07-01,-3.034154
gdp,FSM,2022-07-01,-3.089407
gdp,FSM,2023-07-01,-3.103448
gdp,FSM,2024-07-01,-3.103338
gdp,FSM,2025-07-01,-3.113538
gdp,GAB,1960-07-01,-1.746654
gdp,GAB,1961-07-01,-1.626631
gdp,GAB,1962-07-01,-1.610855
gdp,GAB,1963-07-01,-1.593266
gdp,GAB,1964-07-01,-1.604684
gdp,GAB,1965-07-01,-1.588279
gdp,GAB,1966-07-01,-1.610429
gdp,GAB,1967-07-01,-1.599376
gdp,GAB,1968-07-01,-1.627614
gdp,GAB,1969-07-01,-1.589714
gdp,GAB,1970-07-01,-1.518318
gdp,GAB,1971-07-01,-1.461177
gdp,GAB,1972-07-01,-1.414821
gdp,GAB,1973-07-01,-1.384004
gdp,GAB,1974-07-01,-1.058018
gdp,GAB,1975-07-01,-0.892699
gdp,GAB,1976-07-01,-0.653985
gdp,GAB,1977-07-01,-0.847453
gdp,GAB,1978-07-01,-1.190384
gdp,GAB,1979-07-01,-1.230955
gdp,GAB,1980-07-01,-1.219314
gdp,GAB,1981-07-01,-1.211231
gdp,GAB,1982-07-01,-1.241806
gdp,GAB,1983-07-01,-1.250060
gdp,GAB,1984-07-01,-1.266225
gdp,GAB,1985-07-01,-1.349303
gdp,GAB,1986-07-01,-1.409775
gdp,GAB,1987-07-01,-1.650631
gdp,GAB,1988-07-01,-1.589441
gdp,GAB,1989-07-01,-1.561730
gdp,GAB,1990-07-01,-1.545906
gdp,GAB,1991-07-01,-1.499290
gdp,GAB,1992-07-01,-1.578331
gdp,GAB,1993-07-01,-1.580215
gdp,GAB,1994-07-01,-1.597202
gdp,GAB,1995-07-01,-1.588938
gdp,GAB,1996-07-01,-1.604048
gdp,GAB,1997-07-01,-1.604942
gdp,GAB,1998-07-01,-1.628274
gdp,GAB,1999-07-01,-1.782621
gdp,GAB,2000-07-01,-1.856323
gdp,GAB,2001-07-01,-1.861127
gdp,GAB,2002-07-01,-1.897985
gdp,GAB,2003-07-01,-1.922028
gdp,GAB,2004-07-01,-1.971662
gdp,GAB,2005-07-01,-1.999315
gdp,GAB,2006-07-01,-2.075785
gdp,GAB,2007-07-01,-2.059032
gdp,GAB,2008-07-01,-2.116560
gdp,GAB,2009-07-01,-2.113665
gdp,GAB,2010-07-01,-2.097800
gdp,GAB,2011-07-01,-2.072357
gdp,GAB,2012-07-01,-2.071603
gdp,GAB,2013-07-01,-2.065341
gdp,GAB,2014-07-01,-2.073645
gdp,GAB,2015-07-01,-2.087787
gdp,GAB,2016-07-01,-2.105911
gdp,GAB,2017-07-01,-2.145135
gdp,GAB,2018-07-01,-2.185529
gdp,GAB,2019-07-01,-2.192157
gdp,GAB,2020-07-01,-2.209479
gdp,GAB,2021-07-01,-2.276096
gdp,GAB,2022-07-01,-2.287884
gdp,GAB,2023-07-01,-2.306472
gdp,GAB,2024-07-01,-2.312606
gdp,GAB,2025-07-01,-2.325452
gdp,GBR,1960-07-01,-0.214598
gdp,GBR,1961-07-01,-0.201710
gdp,GBR,1962-07-01,-0.243101
gdp,GBR,1963-07-01,-0.231801
gdp,GBR,1964-07-01,-0.226355
gdp,GBR,1965-07-01,-0.261233
gdp,GBR,1966-07-01,-0.302619
gdp,GBR,1967-07-01,-0.294430
gdp,GBR,1968-07-01,-0.282914
gdp,GBR,1969-07-01,-0.288623
gdp,GBR,1970-07-01,-0.256399
gdp,GBR,1971-07-01,-0.260482
gdp,GBR,1972-07-01,-0.268766
gdp,GBR,1973-07-01,-0.245489
gdp,GBR,1974-07-01,-0.248503
gdp,GBR,1975-07-01,-0.243302
gdp,GBR,1976-07-01,-0.258372
gdp,GBR,1977-07-01,-0.269832
gdp,GBR,1978-07-01,-0.279697
gdp,GBR,1979-07-01,-0.273630
gdp,GBR,1980-07-01,-0.284690
gdp,GBR,1981-07-01,-0.313608
gdp,GBR,1982-07-01,-0.264807
gdp,GBR,1983-07-01,-0.265220
gdp,GBR,1984-07-01,-0.301652
gdp,GBR,1985-07-01,-0.300549
gdp,GBR,1986-07-01,-0.288325
gdp,GBR,1987-07-01,-0.270865
gdp,GBR,1988-07-01,-0.255831
gdp,GBR,1989-07-01,-0.262496
gdp,GBR,1990-07-01,-0.265110
gdp,GBR,1991-07-01,-0.266765
gdp,GBR,1992-07-01,-0.277355
gdp,GBR,1993-07-01,-0.259402
gdp,GBR,1994-07-01,-0.240839
gdp,GBR,1995-07-01,-0.223343
gdp,GBR,1996-07-01,-0.225475
gdp,GBR,1997-07-01,-0.211875
gdp,GBR,1998-07-01,-0.215040
gdp,GBR,1999-07-01,-0.224645
gdp,GBR,2000-07-01,-0.212806
gdp,GBR,2001-07-01,-0.192640
gdp,GBR,2002-07-01,-0.187511
gdp,GBR,2003-07-01,-0.179467
gdp,GBR,2004-07-01,-0.190663
gdp,GBR,2005-07-01,-0.195031
gdp,GBR,2006-07-01,-0.198542
gdp,GBR,2007-07-01,-0.187770
gdp,GBR,2008-07-01,-0.187811
gdp,GBR,2009-07-01,-0.207466
gdp,GBR,2010-07-01,-0.211085
gdp,GBR,2011-07-01,-0.218020
gdp,GBR,2012-07-01,-0.224625
gdp,GBR,2013-07-01,-0.227658
gdp,GBR,2014-07-01,-0.220982
gdp,GBR,2015-07-01,-0.228071
gdp,GBR,2016-07-01,-0.224362
gdp,GBR,2017-07-01,-0.217370
gdp,GBR,2018-07-01,-0.230230
gdp,GBR,2019-07-01,-0.243235
gdp,GBR,2020-07-01,-0.325689
gdp,GBR,2021-07-01,-0.305400
gdp,GBR,2022-07-01,-0.284197
gdp,GBR,2023-07-01,-0.315252
gdp,GBR,2024-07-01,-0.333413
gdp,GBR,2025-07-01,-0.338752
gdp,GEO,1960-07-01,-2.580591
gdp,GEO,1961-07-01,-2.555025
gdp,GEO,1962-07-01,-2.564184
gdp,GEO,1963-07-01,-2.566422
gdp,GEO,1964-07-01,-2.570142
gdp,GEO,1965-07-01,-2.532467
gdp,GEO,1966-07-01,-2.522676
gdp,GEO,1967-07-01,-2.485635
gdp,GEO,1968-07-01,-2.488012
gdp,GEO,1969-07-01,-2.471466
gdp,GEO,1970-07-01,-2.357845
gdp,GEO,1971-07-01,-2.363593
gdp,GEO,1972-07-01,-2.386248
gdp,GEO,1973-07-01,-2.377620
gdp,GEO,1974-07-01,-2.287316
gdp,GEO,1975-07-01,-2.211570
gdp,GEO,1976-07-01,-2.202550
gdp,GEO,1977-07-01,-2.177843
gdp,GEO,1978-07-01,-2.155295
gdp,GEO,1979-07-01,-2.111675
gdp,GEO,1980-07-01,-2.063188
gdp,GEO,1981-07-01,-2.035312
gdp,GEO,1982-07-01,-1.996224
gdp,GEO,1983-07-01,-1.998570
gdp,GEO,1984-07-01,-2.015459
gdp,GEO,1985-07-01,-2.007985
gdp,GEO,1986-07-01,-2.126959
gdp,GEO,1987-07-01,-2.147506
gdp,GEO,1988-07-01,-2.135182
gdp,GEO,1989-07-01,-2.239085
gdp,GEO,1990-07-01,-2.406239
gdp,GEO,1991-07-01,-2.635814
gdp,GEO,1992-07-01,-3.260326
gdp,GEO,1993-07-01,-3.628698
gdp,GEO,1994-07-01,-3.750335
gdp,GEO,1995-07-01,-3.701706
gdp,GEO,1996-07-01,-3.584627
gdp,GEO,1997-07-01,-3.483989
gdp,GEO,1998-07-01,-3.460902
gdp,GEO,1999-07-01,-3.447348
gdp,GEO,2000-07-01,-3.438504
gdp,GEO,2001-07-01,-3.375651
gdp,GEO,2002-07-01,-3.320967
gdp,GEO,2003-07-01,-3.228318
gdp,GEO,2004-07-01,-3.194315
gdp,GEO,2005-07-01,-3.121401
gdp,GEO,2006-07-01,-3.043501
gdp,GEO,2007-07-01,-2.930160
gdp,GEO,2008-07-01,-2.894871
gdp,GEO,2009-07-01,-2.888311
gdp,GEO,2010-07-01,-2.838559
gdp,GEO,2011-07-01,-2.761784
gdp,GEO,2012-07-01,-2.705353
gdp,GEO,2013-07-01,-2.665679
gdp,GEO,2014-07-01,-2.643023
gdp,GEO,2015-07-01,-2.632688
gdp,GEO,2016-07-01,-2.609541
gdp,GEO,2017-07-01,-2.576713
gdp,GEO,2018-07-01,-2.540838
gdp,GEO,2019-07-01,-2.507071
gdp,GEO,2020-07-01,-2.547609
gdp,GEO,2021-07-01,-2.500792
gdp,GEO,2022-07-01,-2.417090
gdp,GEO,2023-07-01,-2.363182
gdp,GEO,2024-07-01,-2.314516
gdp,GEO,2025-07-01,-2.290527
gdp,GHA,1960-07-01,-2.847990
gdp,GHA,1961-07-01,-2.848959
gdp,GHA,1962-07-01,-2.876620
gdp,GHA,1963-07-01,-2.886053
gdp,GHA,1964-07-01,-2.930494
gdp,GHA,1965-07-01,-2.990422
gdp,GHA,1966-07-01,-3.109419
gdp,GHA,1967-07-01,-3.117085
gdp,GHA,1968-07-01,-3.174643
gdp,GHA,1969-07-01,-3.162083
gdp,GHA,1970-07-01,-3.086534
gdp,GHA,1971-07-01,-3.083114
gdp,GHA,1972-07-01,-3.176964
gdp,GHA,1973-07-01,-3.222770
gdp,GHA,1974-07-01,-3.170940
gdp,GHA,1975-07-01,-3.320725
gdp,GHA,1976-07-01,-3.428425
gdp,GHA,1977-07-01,-3.470563
gdp,GHA,1978-07-01,-3.462862
gdp,GHA,1979-07-01,-3.539005
gdp,GHA,1980-07-01,-3.551379
gdp,GHA,1981-07-01,-3.630380
gdp,GHA,1982-07-01,-3.703460
gdp,GHA,1983-07-01,-3.815919
gdp,GHA,1984-07-01,-3.820003
gdp,GHA,1985-07-01,-3.823834
gdp,GHA,1986-07-01,-3.819956
gdp,GHA,1987-07-01,-3.821073
gdp,GHA,1988-07-01,-3.822185
gdp,GHA,1989-07-01,-3.824179
gdp,GHA,1990-07-01,-3.824336
gdp,GHA,1991-07-01,-3.783617
gdp,GHA,1992-07-01,-3.791164
gdp,GHA,1993-07-01,-3.782458
gdp,GHA,1994-07-01,-3.801269
gdp,GHA,1995-07-01,-3.799152
gdp,GHA,1996-07-01,-3.802911
gdp,GHA,1997-07-01,-3.817064
gdp,GHA,1998-07-01,-3.827654
gdp,GHA,1999-07-01,-3.844296
gdp,GHA,2000-07-01,-3.861927
gdp,GHA,2001-07-01,-3.848950
gdp,GHA,2002-07-01,-3.840018
gdp,GHA,2003-07-01,-3.835303
gdp,GHA,2004-07-01,-3.835801
gdp,GHA,2005-07-01,-3.829729
gdp,GHA,2006-07-01,-3.811513
gdp,GHA,2007-07-01,-3.805068
gdp,GHA,2008-07-01,-3.734571
gdp,GHA,2009-07-01,-3.677347
gdp,GHA,2010-07-01,-3.643778
gdp,GHA,2011-07-01,-3.543986
gdp,GHA,2012-07-01,-3.493974
gdp,GHA,2013-07-01,-3.460883
gdp,GHA,2014-07-01,-3.473335
gdp,GHA,2015-07-01,-3.496472
gdp,GHA,2016-07-01,-3.496231
gdp,GHA,2017-07-01,-3.457380
gdp,GHA,2018-07-01,-3.441347
gdp,GHA,2019-07-01,-3.418736
gdp,GHA,2020-07-01,-3.408409
gdp,GHA,2021-07-01,-3.436610
gdp,GHA,2022-07-01,-3.437706
gdp,GHA,2023-07-01,-3.446569
gdp,GHA,2024-07-01,-3.426439
gdp,GHA,2025-07-01,-3.403088
gdp,GIN,1970-07-01,-4.017688
gdp,GIN,1971-07-01,-4.003167
gdp,GIN,1972-07-01,-4.038115
gdp,GIN,1973-07-01,-4.084730
gdp,GIN,1974-07-01,-4.035332
gdp,GIN,1975-07-01,-4.010941
gdp,GIN,1976-07-01,-3.993261
gdp,GIN,1977-07-01,-4.078069
gdp,GIN,1978-07-01,-4.071450
gdp,GIN,1979-07-01,-4.120291
gdp,GIN,1980-07-01,-4.100058
gdp,GIN,1981-07-01,-4.128041
gdp,GIN,1982-07-01,-4.102566
gdp,GIN,1983-07-01,-4.146469
gdp,GIN,1984-07-01,-4.215967
gdp,GIN,1985-07-01,-4.222660
gdp,GIN,1986-07-01,-4.241493
gdp,GIN,1987-07-01,-4.259721
gdp,GIN,1988-07-01,-4.256549
gdp,GIN,1989-07-01,-4.269867
gdp,GIN,1990-07-01,-4.269481
gdp,GIN,1991-07-01,-4.269266
gdp,GIN,1992-07-01,-4.289747
gdp,GIN,1993-07-01,-4.284950
gdp,GIN,1994-07-01,-4.303232
gdp,GIN,1995-07-01,-4.300711
gdp,GIN,1996-07-01,-4.310758
gdp,GIN,1997-07-01,-4.312262
gdp,GIN,1998-07-01,-4.327480
gdp,GIN,1999-07-01,-4.347765
gdp,GIN,2000-07-01,-4.371495
gdp,GIN,2001-07-01,-4.348275
gdp,GIN,2002-07-01,-4.321084
gdp,GIN,2003-07-01,-4.350078
gdp,GIN,2004-07-01,-4.376854
gdp,GIN,2005-07-01,-4.392351
gdp,GIN,2006-07-01,-4.419254
gdp,GIN,2007-07-01,-4.386782
gdp,GIN,2008-07-01,-4.362151
gdp,GIN,2009-07-01,-4.362987
gdp,GIN,2010-07-01,-4.358703
gdp,GIN,2011-07-01,-4.336469
gdp,GIN,2012-07-01,-4.318190
gdp,GIN,2013-07-01,-4.317331
gdp,GIN,2014-07-01,-4.322799
gdp,GIN,2015-07-01,-4.331619
gdp,GIN,2016-07-01,-4.264720
gdp,GIN,2017-07-01,-4.209602
gdp,GIN,2018-07-01,-4.196764
gdp,GIN,2019-07-01,-4.188085
gdp,GIN,2020-07-01,-4.142507
gdp,GIN,2021-07-01,-4.171376
gdp,GIN,2022-07-01,-4.176482
gdp,GIN,2023-07-01,-4.167861
gdp,GIN,2024-07-01,-4.157650
gdp,GIN,2025-07-01,-4.125090
gdp,GMB,1966-07-01,-3.780293
gdp,GMB,1967-07-01,-3.821616
gdp,GMB,1968-07-01,-3.795077
gdp,GMB,1969-07-01,-3.819981
gdp,GMB,1970-07-01,-3.779156
gdp,GMB,1971-07-01,-3.828311
gdp,GMB,1972-07-01,-3.895612
gdp,GMB,1973-07-01,-3.882005
gdp,GMB,1974-07-01,-3.839771
gdp,GMB,1975-07-01,-3.740681
gdp,GMB,1976-07-01,-3.743306
gdp,GMB,1977-07-01,-3.776260
gdp,GMB,1978-07-01,-3.790790
gdp,GMB,1979-07-01,-3.857724
gdp,GMB,1980-07-01,-3.819131
gdp,GMB,1981-07-01,-3.836404
gdp,GMB,1982-07-01,-3.851744
gdp,GMB,1983-07-01,-3.820996
gdp,GMB,1984-07-01,-3.885865
gdp,GMB,1985-07-01,-3.965484
gdp,GMB,1986-07-01,-3.990291
gdp,GMB,1987-07-01,-4.031699
gdp,GMB,1988-07-01,-4.060849
gdp,GMB,1989-07-01,-4.071772
gdp,GMB,1990-07-01,-4.086149
gdp,GMB,1991-07-01,-4.083125
gdp,GMB,1992-07-01,-4.111286
gdp,GMB,1993-07-01,-4.132235
gdp,GMB,1994-07-01,-4.190107
gdp,GMB,1995-07-01,-4.225683
gdp,GMB,1996-07-01,-4.258009
gdp,GMB,1997-07-01,-4.270035
gdp,GMB,1998-07-01,-4.295890
gdp,GMB,1999-07-01,-4.296926
gdp,GMB,2000-07-01,-4.299608
gdp,GMB,2001-07-01,-4.269910
gdp,GMB,2002-07-01,-4.337380
gdp,GMB,2003-07-01,-4.316846
gdp,GMB,2004-07-01,-4.304545
gdp,GMB,2005-07-01,-4.381181
gdp,GMB,2006-07-01,-4.433100
gdp,GMB,2007-07-01,-4.442467
gdp,GMB,2008-07-01,-4.402530
gdp,GMB,2009-07-01,-4.332174
gdp,GMB,2010-07-01,-4.321978
gdp,GMB,2011-07-01,-4.443611
gdp,GMB,2012-07-01,-4.436632
gdp,GMB,2013-07-01,-4.450990
gdp,GMB,2014-07-01,-4.510576
gdp,GMB,2015-07-01,-4.519191
gdp,GMB,2016-07-01,-4.536400
gdp,GMB,2017-07-01,-4.531910
gdp,GMB,2018-07-01,-4.509657
gdp,GMB,2019-07-01,-4.493217
gdp,GMB,2020-07-01,-4.485887
gdp,GMB,2021-07-01,-4.516468
gdp,GMB,2022-07-01,-4.505429
gdp,GMB,2023-07-01,-4.491653
gdp,GMB,2024-07-01,-4.478347
gdp,GMB,2025-07-01,-4.459499
gdp,GNB,1970-07-01,-3.862885
gdp,GNB,1971-07-01,-3.925639
gdp,GNB,1972-07-01,-3.905036
gdp,GNB,1973-07-01,-3.949867
gdp,GNB,1974-07-01,-3.924772
gdp,GNB,1975-07-01,-3.896865
gdp,GNB,1976-07-01,-3.955880
gdp,GNB,1977-07-01,-4.131746
gdp,GNB,1978-07-01,-4.116802
gdp,GNB,1979-07-01,-4.152157
gdp,GNB,1980-07-01,-4.325224
gdp,GNB,1981-07-01,-4.189244
gdp,GNB,1982-07-01,-4.136224
gdp,GNB,1983-07-01,-4.222353
gdp,GNB,1984-07-01,-4.212270
gdp,GNB,1985-07-01,-4.219358
gdp,GNB,1986-07-01,-4.268073
gdp,GNB,1987-07-01,-4.280537
gdp,GNB,1988-07-01,-4.283670
gdp,GNB,1989-07-01,-4.267636
gdp,GNB,1990-07-01,-4.232255
gdp,GNB,1991-07-01,-4.189375
gdp,GNB,1992-07-01,-4.228625
gdp,GNB,1993-07-01,-4.254822
gdp,GNB,1994-07-01,-4.281515
gdp,GNB,1995-07-01,-4.278282
gdp,GNB,1996-07-01,-4.214771
gdp,GNB,1997-07-01,-4.202332
gdp,GNB,1998-07-01,-4.507361
gdp,GNB,1999-07-01,-4.406193
gdp,GNB,2000-07-01,-4.444159
gdp,GNB,2001-07-01,-4.418283
gdp,GNB,2002-07-01,-4.411962
gdp,GNB,2003-07-01,-4.456425
gdp,GNB,2004-07-01,-4.496329
gdp,GNB,2005-07-01,-4.481269
gdp,GNB,2006-07-01,-4.496888
gdp,GNB,2007-07-01,-4.506841
gdp,GNB,2008-07-01,-4.479492
gdp,GNB,2009-07-01,-4.445866
gdp,GNB,2010-07-01,-4.435310
gdp,GNB,2011-07-01,-4.391453
gdp,GNB,2012-07-01,-4.449974
gdp,GNB,2013-07-01,-4.457947
gdp,GNB,2014-07-01,-4.491586
gdp,GNB,2015-07-01,-4.478808
gdp,GNB,2016-07-01,-4.461196
gdp,GNB,2017-07-01,-4.457327
gdp,GNB,2018-07-01,-4.467513
gdp,GNB,2019-07-01,-4.459377
gdp,GNB,2020-07-01,-4.428643
gdp,GNB,2021-07-01,-4.460207
gdp,GNB,2022-07-01,-4.448726
gdp,GNB,2023-07-01,-4.446609
gdp,GNB,2024-07-01,-4.443461
gdp,GNB,2025-07-01,-4.424711
gdp,GNQ,1980-07-01,-4.218357
gdp,GNQ,1981-07-01,-4.226882
gdp,GNQ,1982-07-01,-4.238034
gdp,GNQ,1983-07-01,-4.288612
gdp,GNQ,1984-07-01,-4.400420
gdp,GNQ,1985-07-01,-4.366073
gdp,GNQ,1986-07-01,-4.463006
gdp,GNQ,1987-07-01,-4.487646
gdp,GNQ,1988-07-01,-4.533020
gdp,GNQ,1989-07-01,-4.610290
gdp,GNQ,1990-07-01,-4.672942
gdp,GNQ,1991-07-01,-4.705905
gdp,GNQ,1992-07-01,-4.465438
gdp,GNQ,1993-07-01,-4.411739
gdp,GNQ,1994-07-01,-4.322056
gdp,GNQ,1995-07-01,-4.213169
gdp,GNQ,1996-07-01,-3.766435
gdp,GNQ,1997-07-01,-2.920396
gdp,GNQ,1998-07-01,-2.778376
gdp,GNQ,1999-07-01,-2.624566
gdp,GNQ,2000-07-01,-2.538724
gdp,GNQ,2001-07-01,-2.111529
gdp,GNQ,2002-07-01,-2.003478
gdp,GNQ,2003-07-01,-1.952483
gdp,GNQ,2004-07-01,-1.718494
gdp,GNQ,2005-07-01,-1.640050
gdp,GNQ,2006-07-01,-1.628012
gdp,GNQ,2007-07-01,-1.541243
gdp,GNQ,2008-07-01,-1.414847
gdp,GNQ,2009-07-01,-1.412712
gdp,GNQ,2010-07-01,-1.570282
gdp,GNQ,2011-07-01,-1.558088
gdp,GNQ,2012-07-01,-1.533632
gdp,GNQ,2013-07-01,-1.629194
gdp,GNQ,2014-07-01,-1.681067
gdp,GNQ,2015-07-01,-1.835555
gdp,GNQ,2016-07-01,-1.974667
gdp,GNQ,2017-07-01,-2.085674
gdp,GNQ,2018-07-01,-2.207433
gdp,GNQ,2019-07-01,-2.316885
gdp,GNQ,2020-07-01,-2.368202
gdp,GNQ,2021-07-01,-2.442120
gdp,GNQ,2022-07-01,-2.454759
gdp,GNQ,2023-07-01,-2.576712
gdp,GNQ,2024-07-01,-2.614753
gdp,GNQ,2025-07-01,-2.715130
gdp,GRC,1960-07-01,-1.337408
gdp,GRC,1961-07-01,-1.227479
gdp,GRC,1962-07-01,-1.273627
gdp,GRC,1963-07-01,-1.194062
gdp,GRC,1964-07-01,-1.150248
gdp,GRC,1965-07-01,-1.102192
gdp,GRC,1966-07-01,-1.098073
gdp,GRC,1967-07-01,-1.064875
gdp,GRC,1968-07-01,-1.038718
gdp,GRC,1969-07-01,-0.953704
gdp,GRC,1970-07-01,-0.860959
gdp,GRC,1971-07-01,-0.809562
gdp,GRC,1972-07-01,-0.759812
gdp,GRC,1973-07-01,-0.731913
gdp,GRC,1974-07-01,-0.787587
gdp,GRC,1975-07-01,-0.723332
gdp,GRC,1976-07-01,-0.715567
gdp,GRC,1977-07-01,-0.734739
gdp,GRC,1978-07-01,-0.721021
gdp,GRC,1979-07-01,-0.721328
gdp,GRC,1980-07-01,-0.712234
gdp,GRC,1981-07-01,-0.752106
gdp,GRC,1982-07-01,-0.741934
gdp,GRC,1983-07-01,-0.794270
gdp,GRC,1984-07-01,-0.840554
gdp,GRC,1985-07-01,-0.851639
gdp,GRC,1986-07-01,-0.874582
gdp,GRC,1987-07-01,-0.925798
gdp,GRC,1988-07-01,-0.919287
gdp,GRC,1989-07-01,-0.913829
gdp,GRC,1990-07-01,-0.931795
gdp,GRC,1991-07-01,-0.898823
gdp,GRC,1992-07-01,-0.920236
gdp,GRC,1993-07-01,-0.956207
gdp,GRC,1994-07-01,-0.968649
gdp,GRC,1995-07-01,-0.967123
gdp,GRC,1996-07-01,-0.983199
gdp,GRC,1997-07-01,-0.984208
gdp,GRC,1998-07-01,-0.988157
gdp,GRC,1999-07-01,-1.001041
gdp,GRC,2000-07-01,-0.993425
gdp,GRC,2001-07-01,-0.952781
gdp,GRC,2002-07-01,-0.918262
gdp,GRC,2003-07-01,-0.883276
gdp,GRC,2004-07-01,-0.861869
gdp,GRC,2005-07-01,-0.878061
gdp,GRC,2006-07-01,-0.836443
gdp,GRC,2007-07-01,-0.814853
gdp,GRC,2008-07-01,-0.808610
gdp,GRC,2009-07-01,-0.818436
gdp,GRC,2010-07-01,-0.896481
gdp,GRC,2011-07-01,-1.006593
gdp,GRC,2012-07-01,-1.102822
gdp,GRC,2013-07-01,-1.131946
gdp,GRC,2014-07-01,-1.134358
gdp,GRC,2015-07-01,-1.151106
gdp,GRC,2016-07-01,-1.157440
gdp,GRC,2017-07-01,-1.158188
gdp,GRC,2018-07-01,-1.159092
gdp,GRC,2019-07-01,-1.155881
gdp,GRC,2020-07-01,-1.225086
gdp,GRC,2021-07-01,-1.188131
gdp,GRC,2022-07-01,-1.141020
gdp,GRC,2023-07-01,-1.137659
gdp,GRC,2024-07-01,-1.134743
gdp,GRC,2025-07-01,-1.131231
gdp,GRD,1977-07-01,-2.273501
gdp,GRD,1978-07-01,-2.257377
gdp,GRD,1979-07-01,-2.214504
gdp,GRD,1980-07-01,-2.197679
gdp,GRD,1981-07-01,-2.192546
gdp,GRD,1982-07-01,-2.127916
gdp,GRD,1983-07-01,-2.133878
gdp,GRD,1984-07-01,-2.165799
gdp,GRD,1985-07-01,-2.146109
gdp,GRD,1986-07-01,-2.108475
gdp,GRD,1987-07-01,-2.054004
gdp,GRD,1988-07-01,-2.064595
gdp,GRD,1989-07-01,-2.062466
gdp,GRD,1990-07-01,-2.038910
gdp,GRD,1991-07-01,-2.019032
gdp,GRD,1992-07-01,-2.056325
gdp,GRD,1993-07-01,-2.097714
gdp,GRD,1994-07-01,-2.115514
gdp,GRD,1995-07-01,-2.116088
gdp,GRD,1996-07-01,-2.104922
gdp,GRD,1997-07-01,-2.094212
gdp,GRD,1998-07-01,-2.022062
gdp,GRD,1999-07-01,-1.997393
gdp,GRD,2000-07-01,-1.985270
gdp,GRD,2001-07-01,-2.010305
gdp,GRD,2002-07-01,-1.987947
gdp,GRD,2003-07-01,-1.920918
gdp,GRD,2004-07-01,-1.959938
gdp,GRD,2005-07-01,-1.864057
gdp,GRD,2006-07-01,-1.926300
gdp,GRD,2007-07-01,-1.880705
gdp,GRD,2008-07-01,-1.866329
gdp,GRD,2009-07-01,-1.903104
gdp,GRD,2010-07-01,-1.929342
gdp,GRD,2011-07-01,-1.933731
gdp,GRD,2012-07-01,-1.966186
gdp,GRD,2013-07-01,-1.962633
gdp,GRD,2014-07-01,-1.914414
gdp,GRD,2015-07-01,-1.877759
gdp,GRD,2016-07-01,-1.855172
gdp,GRD,2017-07-01,-1.831763
gdp,GRD,2018-07-01,-1.814632
gdp,GRD,2019-07-01,-1.830752
gdp,GRD,2020-07-01,-1.956729
gdp,GRD,2021-07-01,-1.971929
gdp,GRD,2022-07-01,-1.922537
gdp,GRD,2023-07-01,-1.900397
gdp,GRD,2024-07-01,-1.895708
gdp,GRD,2025-07-01,-1.869511
gdp,GRL,1970-07-01,-0.495323
gdp,GRL,1971-07-01,-0.409415
gdp,GRL,1972-07-01,-0.413028
gdp,GRL,1973-07-01,-0.406949
gdp,GRL,1974-07-01,-0.347051
gdp,GRL,1975-07-01,-0.330709
gdp,GRL,1976-07-01,-0.317816
gdp,GRL,1977-07-01,-0.262362
gdp,GRL,1978-07-01,-0.243157
gdp,GRL,1979-07-01,-0.223926
gdp,GRL,1980-07-01,-0.140583
gdp,GRL,1981-07-01,-0.165009
gdp,GRL,1982-07-01,-0.192240
gdp,GRL,1983-07-01,-0.205510
gdp,GRL,1984-07-01,-0.331354
gdp,GRL,1985-07-01,-0.336874
gdp,GRL,1986-07-01,-0.298729
gdp,GRL,1987-07-01,-0.281215
gdp,GRL,1988-07-01,-0.271389
gdp,GRL,1989-07-01,-0.242620
gdp,GRL,1990-07-01,-0.380069
gdp,GRL,1991-07-01,-0.364958
gdp,GRL,1992-07-01,-0.434568
gdp,GRL,1993-07-01,-0.498305
gdp,GRL,1994-07-01,-0.473406
gdp,GRL,1995-07-01,-0.456771
gdp,GRL,1996-07-01,-0.468780
gdp,GRL,1997-07-01,-0.487457
gdp,GRL,1998-07-01,-0.446721
gdp,GRL,1999-07-01,-0.468326
gdp,GRL,2000-07-01,-0.430071
gdp,GRL,2001-07-01,-0.420520
gdp,GRL,2002-07-01,-0.441687
gdp,GRL,2003-07-01,-0.420070
gdp,GRL,2004-07-01,-0.384373
gdp,GRL,2005-07-01,-0.361377
gdp,GRL,2006-07-01,-0.322317
gdp,GRL,2007-07-01,-0.305512
gdp,GRL,2008-07-01,-0.233332
gdp,GRL,2009-07-01,-0.189752
gdp,GRL,2010-07-01,-0.194415
gdp,GRL,2011-07-01,-0.213269
gdp,GRL,2012-07-01,-0.212666
gdp,GRL,2013-07-01,-0.233352
gdp,GRL,2014-07-01,-0.200652
gdp,GRL,2015-07-01,-0.244101
gdp,GRL,2016-07-01,-0.209802
gdp,GRL,2017-07-01,-0.226375
gdp,GRL,2018-07-01,-0.240877
gdp,GRL,2019-07-01,-0.236907
gdp,GRL,2020-07-01,-0.211806
gdp,GRL,2021-07-01,-0.258787
gdp,GRL,2022-07-01,-0.258316
gdp,GRL,2023-07-01,-0.273983
gdp,GTM,1960-07-01,-2.310299
gdp,GTM,1961-07-01,-2.304085
gdp,GTM,1962-07-01,-2.342781
gdp,GTM,1963-07-01,-2.309621
gdp,GTM,1964-07-01,-2.335865
gdp,GTM,1965-07-01,-2.371568
gdp,GTM,1966-07-01,-2.397832
gdp,GTM,1967-07-01,-2.399426
gdp,GTM,1968-07-01,-2.379880
gdp,GTM,1969-07-01,-2.381146
gdp,GTM,1970-07-01,-2.342411
gdp,GTM,1971-07-01,-2.333691
gdp,GTM,1972-07-01,-2.329192
gdp,GTM,1973-07-01,-2.334788
gdp,GTM,1974-07-01,-2.283755
gdp,GTM,1975-07-01,-2.276891
gdp,GTM,1976-07-01,-2.270173
gdp,GTM,1977-07-01,-2.252097
gdp,GTM,1978-07-01,-2.271307
gdp,GTM,1979-07-01,-2.270406
gdp,GTM,1980-07-01,-2.246634
gdp,GTM,1981-07-01,-2.280539
gdp,GTM,1982-07-01,-2.311746
gdp,GTM,1983-07-01,-2.397954
gdp,GTM,1984-07-01,-2.482254
gdp,GTM,1985-07-01,-2.548651
gdp,GTM,1986-07-01,-2.599801
gdp,GTM,1987-07-01,-2.617577
gdp,GTM,1988-07-01,-2.639236
gdp,GTM,1989-07-01,-2.655321
gdp,GTM,1990-07-01,-2.660159
gdp,GTM,1991-07-01,-2.636872
gdp,GTM,1992-07-01,-2.636943
gdp,GTM,1993-07-01,-2.639065
gdp,GTM,1994-07-01,-2.653389
gdp,GTM,1995-07-01,-2.646129
gdp,GTM,1996-07-01,-2.668273
gdp,GTM,1997-07-01,-2.682610
gdp,GTM,1998-07-01,-2.691666
gdp,GTM,1999-07-01,-2.714367
gdp,GTM,2000-07-01,-2.731510
gdp,GTM,2001-07-01,-2.731037
gdp,GTM,2002-07-01,-2.723865
gdp,GTM,2003-07-01,-2.740081
gdp,GTM,2004-07-01,-2.759914
gdp,GTM,2005-07-01,-2.774349
gdp,GTM,2006-07-01,-2.761196
gdp,GTM,2007-07-01,-2.731141
gdp,GTM,2008-07-01,-2.710941
gdp,GTM,2009-07-01,-2.691238
gdp,GTM,2010-07-01,-2.700754
gdp,GTM,2011-07-01,-2.687496
gdp,GTM,2012-07-01,-2.692746
gdp,GTM,2013-07-01,-2.689392
gdp,GTM,2014-07-01,-2.681828
gdp,GTM,2015-07-01,-2.681097
gdp,GTM,2016-07-01,-2.683272
gdp,GTM,2017-07-01,-2.688475
gdp,GTM,2018-07-01,-2.695004
gdp,GTM,2019-07-01,-2.691176
gdp,GTM,2020-07-01,-2.698788
gdp,GTM,2021-07-01,-2.693377
gdp,GTM,2022-07-01,-2.685966
gdp,GTM,2023-07-01,-2.687424
gdp,GTM,2024-07-01,-2.684302
gdp,GTM,2025-07-01,-2.673731
gdp,GUM,2002-07-01,-0.504183
gdp,GUM,2003-07-01,-0.519458
gdp,GUM,2004-07-01,-0.489159
gdp,GUM,2005-07-01,-0.481791
gdp,GUM,2006-07-01,-0.539702
gdp,GUM,2007-07-01,-0.545479
gdp,GUM,2008-07-01,-0.519588
gdp,GUM,2009-07-01,-0.483234
gdp,GUM,2010-07-01,-0.481086
gdp,GUM,2011-07-01,-0.488035
gdp,GUM,2012-07-01,-0.480296
gdp,GUM,2013-07-01,-0.474728
gdp,GUM,2014-07-01,-0.471025
gdp,GUM,2015-07-01,-0.480336
gdp,GUM,2016-07-01,-0.484609
gdp,GUM,2017-07-01,-0.488563
gdp,GUM,2018-07-01,-0.515276
gdp,GUM,2019-07-01,-0.505344
gdp,GUM,2020-07-01,-0.593528
gdp,GUM,2021-07-01,-0.640931
gdp,GUM,2022-07-01,-0.619243
gdp,GUY,1960-07-01,-1.938349
gdp,GUY,1961-07-01,-1.921996
gdp,GUY,1962-07-01,-1.976729
gdp,GUY,1963-07-01,-2.158124
gdp,GUY,1964-07-01,-2.114516
gdp,GUY,1965-07-01,-2.085099
gdp,GUY,1966-07-01,-2.106577
gdp,GUY,1967-07-01,-2.098997
gdp,GUY,1968-07-01,-2.146394
gdp,GUY,1969-07-01,-2.120130
gdp,GUY,1970-07-01,-2.086892
gdp,GUY,1971-07-01,-2.090061
gdp,GUY,1972-07-01,-2.176804
gdp,GUY,1973-07-01,-2.221548
gdp,GUY,1974-07-01,-2.143573
gdp,GUY,1975-07-01,-2.060122
gdp,GUY,1976-07-01,-2.097008
gdp,GUY,1977-07-01,-2.167369
gdp,GUY,1978-07-01,-2.236663
gdp,GUY,1979-07-01,-2.282460
gdp,GUY,1980-07-01,-2.258678
gdp,GUY,1981-07-01,-2.261764
gdp,GUY,1982-07-01,-2.375819
gdp,GUY,1983-07-01,-2.480777
gdp,GUY,1984-07-01,-2.591284
gdp,GUY,1985-07-01,-2.596151
gdp,GUY,1986-07-01,-2.625607
gdp,GUY,1987-07-01,-2.636485
gdp,GUY,1988-07-01,-2.700111
gdp,GUY,1989-07-01,-2.770812
gdp,GUY,1990-07-01,-2.802748
gdp,GUY,1991-07-01,-2.726772
gdp,GUY,1992-07-01,-2.675542
gdp,GUY,1993-07-01,-2.614985
gdp,GUY,1994-07-01,-2.564130
gdp,GUY,1995-07-01,-2.533012
gdp,GUY,1996-07-01,-2.484678
gdp,GUY,1997-07-01,-2.458435
gdp,GUY,1998-07-01,-2.509324
gdp,GUY,1999-07-01,-2.516616
gdp,GUY,2000-07-01,-2.559643
gdp,GUY,2001-07-01,-2.536252
gdp,GUY,2002-07-01,-2.531494
gdp,GUY,2003-07-01,-2.556092
gdp,GUY,2004-07-01,-2.568185
gdp,GUY,2005-07-01,-2.610938
gdp,GUY,2006-07-01,-2.576173
gdp,GUY,2007-07-01,-2.514281
gdp,GUY,2008-07-01,-2.485574
gdp,GUY,2009-07-01,-2.411892
gdp,GUY,2010-07-01,-2.385694
gdp,GUY,2011-07-01,-2.338486
gdp,GUY,2012-07-01,-2.301897
gdp,GUY,2013-07-01,-2.284396
gdp,GUY,2014-07-01,-2.290232
gdp,GUY,2015-07-01,-2.310449
gdp,GUY,2016-07-01,-2.289519
gdp,GUY,2017-07-01,-2.276642
gdp,GUY,2018-07-01,-2.286147
gdp,GUY,2019-07-01,-2.274508
gdp,GUY,2020-07-01,-1.888138
gdp,GUY,2021-07-01,-1.773305
gdp,GUY,2022-07-01,-1.309429
gdp,GUY,2023-07-01,-1.044710
gdp,GUY,2024-07-01,-0.704983
gdp,GUY,2025-07-01,-0.550246
gdp,HIC,1960-07-01,-0.612394
gdp,HIC,1961-07-01,-0.587617
gdp,HIC,1962-07-01,-0.589289
gdp,HIC,1963-07-01,-0.580676
gdp,HIC,1964-07-01,-0.572952
gdp,HIC,1965-07-01,-0.579789
gdp,HIC,1966-07-01,-0.587599
gdp,HIC,1967-07-01,-0.573387
gdp,HIC,1968-07-01,-0.562188
gdp,HIC,1969-07-01,-0.537820
gdp,HIC,1970-07-01,-0.507767
gdp,HIC,1971-07-01,-0.501609
gdp,HIC,1972-07-01,-0.498654
gdp,HIC,1973-07-01,-0.491302
gdp,HIC,1974-07-01,-0.473256
gdp,HIC,1975-07-01,-0.468502
gdp,HIC,1976-07-01,-0.470734
gdp,HIC,1977-07-01,-0.476534
gdp,HIC,1978-07-01,-0.486255
gdp,HIC,1979-07-01,-0.474729
gdp,HIC,1980-07-01,-0.458197
gdp,HIC,1981-07-01,-0.462515
gdp,HIC,1982-07-01,-0.443233
gdp,HIC,1983-07-01,-0.457748
gdp,HIC,1984-07-01,-0.479166
gdp,HIC,1985-07-01,-0.483385
gdp,HIC,1986-07-01,-0.483228
gdp,HIC,1987-07-01,-0.480184
gdp,HIC,1988-07-01,-0.473674
gdp,HIC,1989-07-01,-0.469719
gdp,HIC,1990-07-01,-0.457691
gdp,HIC,1991-07-01,-0.442061
gdp,HIC,1992-07-01,-0.454654
gdp,HIC,1993-07-01,-0.464221
gdp,HIC,1994-07-01,-0.468076
gdp,HIC,1995-07-01,-0.460806
gdp,HIC,1996-07-01,-0.463311
gdp,HIC,1997-07-01,-0.465564
gdp,HIC,1998-07-01,-0.477142
gdp,HIC,1999-07-01,-0.482514
gdp,HIC,2000-07-01,-0.474335
gdp,HIC,2001-07-01,-0.463407
gdp,HIC,2002-07-01,-0.459748
gdp,HIC,2003-07-01,-0.461428
gdp,HIC,2004-07-01,-0.460895
gdp,HIC,2005-07-01,-0.461664
gdp,HIC,2006-07-01,-0.453398
gdp,HIC,2007-07-01,-0.441661
gdp,HIC,2008-07-01,-0.433380
gdp,HIC,2009-07-01,-0.438844
gdp,HIC,2010-07-01,-0.431418
gdp,HIC,2011-07-01,-0.423568
gdp,HIC,2012-07-01,-0.429117
gdp,HIC,2013-07-01,-0.432230
gdp,HIC,2014-07-01,-0.432751
gdp,HIC,2015-07-01,-0.436687
gdp,HIC,2016-07-01,-0.434669
gdp,HIC,2017-07-01,-0.431786
gdp,HIC,2018-07-01,-0.434658
gdp,HIC,2019-07-01,-0.439750
gdp,HIC,2020-07-01,-0.456721
gdp,HIC,2021-07-01,-0.455662
gdp,HIC,2022-07-01,-0.448769
gdp,HIC,2023-07-01,-0.458876
gdp,HIC,2024-07-01,-0.464247
gdp,HIC,2025-07-01,-0.465604
gdp,HKG,1961-07-01,-1.574923
gdp,HKG,1962-07-01,-1.527543
gdp,HKG,1963-07-01,-1.444240
gdp,HKG,1964-07-01,-1.428144
gdp,HKG,1965-07-01,-1.367304
gdp,HKG,1966-07-01,-1.409797
gdp,HKG,1967-07-01,-1.432963
gdp,HKG,1968-07-01,-1.457687
gdp,HKG,1969-07-01,-1.386960
gdp,HKG,1970-07-01,-1.313717
gdp,HKG,1971-07-01,-1.284643
gdp,HKG,1972-07-01,-1.243470
gdp,HKG,1973-07-01,-1.201238
gdp,HKG,1974-07-01,-1.194421
gdp,HKG,1975-07-01,-1.196555
gdp,HKG,1976-07-01,-1.102259
gdp,HKG,1977-07-01,-1.040965
gdp,HKG,1978-07-01,-1.022987
gdp,HKG,1979-07-01,-0.988411
gdp,HKG,1980-07-01,-0.906652
gdp,HKG,1981-07-01,-0.856812
gdp,HKG,1982-07-01,-0.815537
gdp,HKG,1983-07-01,-0.808353
gdp,HKG,1984-07-01,-0.784318
gdp,HKG,1985-07-01,-0.819507
gdp,HKG,1986-07-01,-0.751899
gdp,HKG,1987-07-01,-0.661254
gdp,HKG,1988-07-01,-0.619813
gdp,HKG,1989-07-01,-0.634277
gdp,HKG,1990-07-01,-0.607288
gdp,HKG,1991-07-01,-0.545681
gdp,HKG,1992-07-01,-0.514343
gdp,HKG,1993-07-01,-0.485315
gdp,HKG,1994-07-01,-0.476464
gdp,HKG,1995-07-01,-0.487386
gdp,HKG,1996-07-01,-0.515469
gdp,HKG,1997-07-01,-0.505526
gdp,HKG,1998-07-01,-0.606700
gdp,HKG,1999-07-01,-0.626783
gdp,HKG,2000-07-01,-0.590598
gdp,HKG,2001-07-01,-0.591987
gdp,HKG,2002-07-01,-0.587568
gdp,HKG,2003-07-01,-0.574465
gdp,HKG,2004-07-01,-0.527343
gdp,HKG,2005-07-01,-0.485458
gdp,HKG,2006-07-01,-0.441739
gdp,HKG,2007-07-01,-0.398021
gdp,HKG,2008-07-01,-0.374624
gdp,HKG,2009-07-01,-0.366806
gdp,HKG,2010-07-01,-0.326799
gdp,HKG,2011-07-01,-0.294100
gdp,HKG,2012-07-01,-0.302929
gdp,HKG,2013-07-01,-0.289796
gdp,HKG,2014-07-01,-0.286535
gdp,HKG,2015-07-01,-0.292500
gdp,HKG,2016-07-01,-0.287347
gdp,HKG,2017-07-01,-0.275124
gdp,HKG,2018-07-01,-0.278424
gdp,HKG,2019-07-01,-0.323042
gdp,HKG,2020-07-01,-0.362022
gdp,HKG,2021-07-01,-0.348486
gdp,HKG,2022-07-01,-0.396191
gdp,HKG,2023-07-01,-0.411405
gdp,HKG,2024-07-01,-0.401805
gdp,HKG,2025-07-01,-0.380327
gdp,HND,1960-07-01,-4.515100
gdp,HND,1961-07-01,-4.533059
gdp,HND,1962-07-01,-4.583544
gdp,HND,1963-07-01,-4.627988
gdp,HND,1964-07-01,-4.683659
gdp,HND,1965-07-01,-4.736408
gdp,HND,1966-07-01,-4.827946
gdp,HND,1967-07-01,-4.833758
gdp,HND,1968-07-01,-4.911624
gdp,HND,1969-07-01,-4.952955
gdp,HND,1970-07-01,-4.924906
gdp,HND,1971-07-01,-4.929207
gdp,HND,1972-07-01,-4.961795
gdp,HND,1973-07-01,-4.993851
gdp,HND,1974-07-01,-4.918276
gdp,HND,1975-07-01,-4.884209
gdp,HND,1976-07-01,-4.809111
gdp,HND,1977-07-01,-4.792175
gdp,HND,1978-07-01,-4.744725
gdp,HND,1979-07-01,-4.686496
gdp,HND,1980-07-01,-4.582266
gdp,HND,1981-07-01,-4.557765
gdp,HND,1982-07-01,-4.517049
gdp,HND,1983-07-01,-4.514830
gdp,HND,1984-07-01,-4.582126
gdp,HND,1985-07-01,-4.597469
gdp,HND,1986-07-01,-4.597018
gdp,HND,1987-07-01,-4.633159
gdp,HND,1988-07-01,-4.620157
gdp,HND,1989-07-01,-4.606021
gdp,HND,1990-07-01,-4.449606
gdp,HND,1991-07-01,-4.232043
gdp,HND,1992-07-01,-4.194699
gdp,HND,1993-07-01,-4.109211
gdp,HND,1994-07-01,-3.910016
gdp,HND,1995-07-01,-3.732405
gdp,HND,1996-07-01,-3.579363
gdp,HND,1997-07-01,-3.436460
gdp,HND,1998-07-01,-3.385610
gdp,HND,1999-07-01,-3.337648
gdp,HND,2000-07-01,-3.302034
gdp,HND,2001-07-01,-3.301809
gdp,HND,2002-07-01,-3.298948
gdp,HND,2003-07-01,-3.299118
gdp,HND,2004-07-01,-3.292101
gdp,HND,2005-07-01,-3.282656
gdp,HND,2006-07-01,-3.260458
gdp,HND,2007-07-01,-3.233721
gdp,HND,2008-07-01,-3.206391
gdp,HND,2009-07-01,-3.218026
gdp,HND,2010-07-01,-3.220787
gdp,HND,2011-07-01,-3.211415
gdp,HND,2012-07-01,-3.205832
gdp,HND,2013-07-01,-3.211482
gdp,HND,2014-07-01,-3.217692
gdp,HND,2015-07-01,-3.220097
gdp,HND,2016-07-01,-3.210857
gdp,HND,2017-07-01,-3.199415
gdp,HND,2018-07-01,-3.203354
gdp,HND,2019-07-01,-3.216545
gdp,HND,2020-07-01,-3.302899
gdp,HND,2021-07-01,-3.259347
gdp,HND,2022-07-01,-3.254750
gdp,HND,2023-07-01,-3.257460
gdp,HND,2024-07-01,-3.256575
gdp,HND,2025-07-01,-3.252409
gdp,HPC,1960-07-01,-3.248798
gdp,HPC,1961-07-01,-3.281327
gdp,HPC,1962-07-01,-3.278983
gdp,HPC,1963-07-01,-3.299352
gdp,HPC,1964-07-01,-3.334427
gdp,HPC,1965-07-01,-3.372215
gdp,HPC,1966-07-01,-3.411858
gdp,HPC,1967-07-01,-3.429194
gdp,HPC,1968-07-01,-3.449180
gdp,HPC,1969-07-01,-3.451412
gdp,HPC,1970-07-01,-3.468870
gdp,HPC,1971-07-01,-3.471328
gdp,HPC,1972-07-01,-3.518037
gdp,HPC,1973-07-01,-3.560419
gdp,HPC,1974-07-01,-3.521578
gdp,HPC,1975-07-01,-3.516429
gdp,HPC,1976-07-01,-3.549908
gdp,HPC,1977-07-01,-3.578013
gdp,HPC,1978-07-01,-3.625711
gdp,HPC,1979-07-01,-3.669041
gdp,HPC,1980-07-01,-3.674393
gdp,HPC,1981-07-01,-3.681976
gdp,HPC,1982-07-01,-3.673271
gdp,HPC,1983-07-01,-3.733389
gdp,HPC,1984-07-01,-3.811208
gdp,HPC,1985-07-01,-3.856394
gdp,HPC,1986-07-01,-3.879017
gdp,HPC,1987-07-01,-3.900728
gdp,HPC,1988-07-01,-3.946274
gdp,HPC,1989-07-01,-3.985870
gdp,HPC,1990-07-01,-4.031422
gdp,HPC,1991-07-01,-4.034583
gdp,HPC,1992-07-01,-4.098940
gdp,HPC,1993-07-01,-4.141467
gdp,HPC,1994-07-01,-4.195304
gdp,HPC,1995-07-01,-4.188040
gdp,HPC,1996-07-01,-4.187791
gdp,HPC,1997-07-01,-4.189279
gdp,HPC,1998-07-01,-4.212972
gdp,HPC,1999-07-01,-4.242509
gdp,HPC,2000-07-01,-4.270118
gdp,HPC,2001-07-01,-4.260729
gdp,HPC,2002-07-01,-4.258766
gdp,HPC,2003-07-01,-4.267468
gdp,HPC,2004-07-01,-4.268129
gdp,HPC,2005-07-01,-4.267720
gdp,HPC,2006-07-01,-4.258452
gdp,HPC,2007-07-01,-4.243028
gdp,HPC,2008-07-01,-4.207867
gdp,HPC,2009-07-01,-4.167185
gdp,HPC,2010-07-01,-4.152846
gdp,HPC,2011-07-01,-4.147520
gdp,HPC,2012-07-01,-4.150454
gdp,HPC,2013-07-01,-4.132056
gdp,HPC,2014-07-01,-4.124457
gdp,HPC,2015-07-01,-4.126047
gdp,HPC,2016-07-01,-4.122826
gdp,HPC,2017-07-01,-4.119994
gdp,HPC,2018-07-01,-4.130951
gdp,HPC,2019-07-01,-4.137932
gdp,HPC,2020-07-01,-4.140385
gdp,HPC,2021-07-01,-4.182810
gdp,HPC,2022-07-01,-4.180190
gdp,HPC,2023-07-01,-4.192457
gdp,HPC,2024-07-01,-4.186406
gdp,HPC,2025-07-01,-4.172019
gdp,HRV,1990-07-01,-1.390923
gdp,HRV,1991-07-01,-1.594656
gdp,HRV,1992-07-01,-1.715548
gdp,HRV,1993-07-01,-1.818539
gdp,HRV,1994-07-01,-1.799875
gdp,HRV,1995-07-01,-1.742239
gdp,HRV,1996-07-01,-1.694603
gdp,HRV,1997-07-01,-1.661369
gdp,HRV,1998-07-01,-1.670668
gdp,HRV,1999-07-01,-1.710179
gdp,HRV,2000-07-01,-1.700103
gdp,HRV,2001-07-01,-1.630604
gdp,HRV,2002-07-01,-1.582382
gdp,HRV,2003-07-01,-1.547455
gdp,HRV,2004-07-01,-1.535377
gdp,HRV,2005-07-01,-1.519318
gdp,HRV,2006-07-01,-1.487920
gdp,HRV,2007-07-01,-1.448776
gdp,HRV,2008-07-01,-1.420808
gdp,HRV,2009-07-01,-1.455437
gdp,HRV,2010-07-01,-1.484754
gdp,HRV,2011-07-01,-1.490016
gdp,HRV,2012-07-01,-1.522547
gdp,HRV,2013-07-01,-1.531038
gdp,HRV,2014-07-01,-1.545950
gdp,HRV,2015-07-01,-1.532119
gdp,HRV,2016-07-01,-1.497357
gdp,HRV,2017-07-01,-1.466326
gdp,HRV,2018-07-01,-1.447892
gdp,HRV,2019-07-01,-1.427774
gdp,HRV,2020-07-01,-1.480469
gdp,HRV,2021-07-01,-1.410608
gdp,HRV,2022-07-01,-1.353399
gdp,HRV,2023-07-01,-1.338213
gdp,HRV,2024-07-01,-1.320303
gdp,HRV,2025-07-01,-1.305580
gdp,HTI,1960-07-01,-2.392971
gdp,HTI,1961-07-01,-2.447020
gdp,HTI,1962-07-01,-2.433228
gdp,HTI,1963-07-01,-2.498714
gdp,HTI,1964-07-01,-2.575621
gdp,HTI,1965-07-01,-2.622304
gdp,HTI,1966-07-01,-2.697993
gdp,HTI,1967-07-01,-2.751706
gdp,HTI,1968-07-01,-2.775894
gdp,HTI,1969-07-01,-2.777878
gdp,HTI,1970-07-01,-2.780583
gdp,HTI,1971-07-01,-2.756379
gdp,HTI,1972-07-01,-2.806176
gdp,HTI,1973-07-01,-2.824204
gdp,HTI,1974-07-01,-2.772643
gdp,HTI,1975-07-01,-2.768825
gdp,HTI,1976-07-01,-2.750067
gdp,HTI,1977-07-01,-2.768068
gdp,HTI,1978-07-01,-2.770378
gdp,HTI,1979-07-01,-2.736879
gdp,HTI,1980-07-01,-2.672782
gdp,HTI,1981-07-01,-2.736239
gdp,HTI,1982-07-01,-2.764214
gdp,HTI,1983-07-01,-2.810388
gdp,HTI,1984-07-01,-2.888248
gdp,HTI,1985-07-01,-2.934061
gdp,HTI,1986-07-01,-2.983879
gdp,HTI,1987-07-01,-3.037090
gdp,HTI,1988-07-01,-3.087357
gdp,HTI,1989-07-01,-3.164096
gdp,HTI,1990-07-01,-3.181748
gdp,HTI,1991-07-01,-3.169034
gdp,HTI,1992-07-01,-3.264318
gdp,HTI,1993-07-01,-3.353717
gdp,HTI,1994-07-01,-3.527493
gdp,HTI,1995-07-01,-3.466755
gdp,HTI,1996-07-01,-3.470575
gdp,HTI,1997-07-01,-3.494218
gdp,HTI,1998-07-01,-3.523481
gdp,HTI,1999-07-01,-3.550496
gdp,HTI,2000-07-01,-3.589130
gdp,HTI,2001-07-01,-3.610408
gdp,HTI,2002-07-01,-3.625312
gdp,HTI,2003-07-01,-3.627609
gdp,HTI,2004-07-01,-3.686394
gdp,HTI,2005-07-01,-3.697966
gdp,HTI,2006-07-01,-3.715248
gdp,HTI,2007-07-01,-3.696449
gdp,HTI,2008-07-01,-3.678554
gdp,HTI,2009-07-01,-3.602976
gdp,HTI,2010-07-01,-3.690952
gdp,HTI,2011-07-01,-3.660146
gdp,HTI,2012-07-01,-3.685283
gdp,HTI,2013-07-01,-3.671375
gdp,HTI,2014-07-01,-3.674513
gdp,HTI,2015-07-01,-3.696018
gdp,HTI,2016-07-01,-3.702217
gdp,HTI,2017-07-01,-3.708390
gdp,HTI,2018-07-01,-3.728498
gdp,HTI,2019-07-01,-3.779180
gdp,HTI,2020-07-01,-3.800086
gdp,HTI,2021-07-01,-3.887922
gdp,HTI,2022-07-01,-3.935399
gdp,HTI,2023-07-01,-3.986473
gdp,HTI,2024-07-01,-4.058718
gdp,HTI,2025-07-01,-4.113660
gdp,HUN,1960-07-01,-2.209832
gdp,HUN,1961-07-01,-2.174507
gdp,HUN,1962-07-01,-2.162400
gdp,HUN,1963-07-01,-2.138325
gdp,HUN,1964-07-01,-2.138042
gdp,HUN,1965-07-01,-1.836806
gdp,HUN,1966-07-01,-1.819864
gdp,HUN,1967-07-01,-1.765069
gdp,HUN,1968-07-01,-1.757961
gdp,HUN,1969-07-01,-1.716169
gdp,HUN,1970-07-01,-1.664552
gdp,HUN,1971-07-01,-1.627013
gdp,HUN,1972-07-01,-1.611297
gdp,HUN,1973-07-01,-1.593172
gdp,HUN,1974-07-01,-1.525754
gdp,HUN,1975-07-01,-1.459562
gdp,HUN,1976-07-01,-1.472674
gdp,HUN,1977-07-01,-1.439216
gdp,HUN,1978-07-01,-1.442885
gdp,HUN,1979-07-01,-1.438183
gdp,HUN,1980-07-01,-1.424669
gdp,HUN,1981-07-01,-1.411719
gdp,HUN,1982-07-01,-1.355387
gdp,HUN,1983-07-01,-1.382355
gdp,HUN,1984-07-01,-1.415329
gdp,HUN,1985-07-01,-1.448033
gdp,HUN,1986-07-01,-1.455893
gdp,HUN,1987-07-01,-1.439527
gdp,HUN,1988-07-01,-1.470488
gdp,HUN,1989-07-01,-1.478881
gdp,HUN,1990-07-01,-1.511530
gdp,HUN,1991-07-01,-1.623634
gdp,HUN,1992-07-01,-1.675114
gdp,HUN,1993-07-01,-1.693711
gdp,HUN,1994-07-01,-1.690533
gdp,HUN,1995-07-01,-1.688938
gdp,HUN,1996-07-01,-1.711608
gdp,HUN,1997-07-01,-1.711720
gdp,HUN,1998-07-01,-1.703832
gdp,HUN,1999-07-01,-1.705896
gdp,HUN,2000-07-01,-1.688987
gdp,HUN,2001-07-01,-1.646489
gdp,HUN,2002-07-01,-1.605009
gdp,HUN,2003-07-01,-1.582491
gdp,HUN,2004-07-01,-1.560338
gdp,HUN,2005-07-01,-1.541271
gdp,HUN,2006-07-01,-1.518951
gdp,HUN,2007-07-01,-1.524414
gdp,HUN,2008-07-01,-1.504454
gdp,HUN,2009-07-01,-1.537816
gdp,HUN,2010-07-01,-1.543067
gdp,HUN,2011-07-01,-1.528847
gdp,HUN,2012-07-01,-1.551817
gdp,HUN,2013-07-01,-1.540278
gdp,HUN,2014-07-01,-1.510783
gdp,HUN,2015-07-01,-1.492295
gdp,HUN,2016-07-01,-1.474490
gdp,HUN,2017-07-01,-1.448039
gdp,HUN,2018-07-01,-1.414825
gdp,HUN,2019-07-01,-1.384408
gdp,HUN,2020-07-01,-1.401125
gdp,HUN,2021-07-01,-1.385423
gdp,HUN,2022-07-01,-1.361285
gdp,HUN,2023-07-01,-1.388842
gdp,HUN,2024-07-01,-1.396579
gdp,HUN,2025-07-01,-1.402643
gdp,IBD,1960-07-01,-2.949723
gdp,IBD,1961-07-01,-2.955567
gdp,IBD,1962-07-01,-2.985445
gdp,IBD,1963-07-01,-2.991631
gdp,IBD,1964-07-01,-2.977551
gdp,IBD,1965-07-01,-2.989986
gdp,IBD,1966-07-01,-3.011041
gdp,IBD,1967-07-01,-3.007663
gdp,IBD,1968-07-01,-3.005713
gdp,IBD,1969-07-01,-2.975116
gdp,IBD,1970-07-01,-2.914527
gdp,IBD,1971-07-01,-2.899070
gdp,IBD,1972-07-01,-2.898264
gdp,IBD,1973-07-01,-2.897150
gdp,IBD,1974-07-01,-2.848355
gdp,IBD,1975-07-01,-2.811078
gdp,IBD,1976-07-01,-2.812250
gdp,IBD,1977-07-01,-2.820190
gdp,IBD,1978-07-01,-2.842091
gdp,IBD,1979-07-01,-2.834255
gdp,IBD,1980-07-01,-2.792824
gdp,IBD,1981-07-01,-2.805662
gdp,IBD,1982-07-01,-2.768877
gdp,IBD,1983-07-01,-2.808378
gdp,IBD,1984-07-01,-2.840066
gdp,IBD,1985-07-01,-2.847561
gdp,IBD,1986-07-01,-2.852895
gdp,IBD,1987-07-01,-2.849079
gdp,IBD,1988-07-01,-2.859484
gdp,IBD,1989-07-01,-2.875267
gdp,IBD,1990-07-01,-2.880287
gdp,IBD,1991-07-01,-2.870014
gdp,IBD,1992-07-01,-2.890121
gdp,IBD,1993-07-01,-2.882873
gdp,IBD,1994-07-01,-2.889417
gdp,IBD,1995-07-01,-2.878467
gdp,IBD,1996-07-01,-2.864748
gdp,IBD,1997-07-01,-2.857382
gdp,IBD,1998-07-01,-2.876655
gdp,IBD,1999-07-01,-2.888547
gdp,IBD,2000-07-01,-2.872293
gdp,IBD,2001-07-01,-2.847950
gdp,IBD,2002-07-01,-2.822771
gdp,IBD,2003-07-01,-2.795617
gdp,IBD,2004-07-01,-2.760717
gdp,IBD,2005-07-01,-2.726577
gdp,IBD,2006-07-01,-2.674941
gdp,IBD,2007-07-01,-2.609585
gdp,IBD,2008-07-01,-2.553788
gdp,IBD,2009-07-01,-2.501741
gdp,IBD,2010-07-01,-2.455365
gdp,IBD,2011-07-01,-2.411830
gdp,IBD,2012-07-01,-2.384154
gdp,IBD,2013-07-01,-2.357656
gdp,IBD,2014-07-01,-2.338490
gdp,IBD,2015-07-01,-2.327182
gdp,IBD,2016-07-01,-2.303379
gdp,IBD,2017-07-01,-2.279719
gdp,IBD,2018-07-01,-2.264226
gdp,IBD,2019-07-01,-2.253373
gdp,IBD,2020-07-01,-2.248041
gdp,IBD,2021-07-01,-2.238194
gdp,IBD,2022-07-01,-2.225102
gdp,IBD,2023-07-01,-2.205311
gdp,IBD,2024-07-01,-2.185484
gdp,IBD,2025-07-01,-2.164949
gdp,IBT,1960-07-01,-2.989117
gdp,IBT,1961-07-01,-2.997324
gdp,IBT,1962-07-01,-3.024472
gdp,IBT,1963-07-01,-3.030782
gdp,IBT,1964-07-01,-3.022151
gdp,IBT,1965-07-01,-3.037650
gdp,IBT,1966-07-01,-3.064598
gdp,IBT,1967-07-01,-3.070701
gdp,IBT,1968-07-01,-3.072503
gdp,IBT,1969-07-01,-3.040954
gdp,IBT,1970-07-01,-2.980282
gdp,IBT,1971-07-01,-2.964680
gdp,IBT,1972-07-01,-2.970577
gdp,IBT,1973-07-01,-2.974053
gdp,IBT,1974-07-01,-2.924263
gdp,IBT,1975-07-01,-2.894520
gdp,IBT,1976-07-01,-2.897941
gdp,IBT,1977-07-01,-2.908082
gdp,IBT,1978-07-01,-2.934976
gdp,IBT,1979-07-01,-2.930368
gdp,IBT,1980-07-01,-2.892224
gdp,IBT,1981-07-01,-2.909598
gdp,IBT,1982-07-01,-2.877783
gdp,IBT,1983-07-01,-2.921679
gdp,IBT,1984-07-01,-2.958581
gdp,IBT,1985-07-01,-2.968072
gdp,IBT,1986-07-01,-2.976066
gdp,IBT,1987-07-01,-2.975215
gdp,IBT,1988-07-01,-2.986490
gdp,IBT,1989-07-01,-3.004676
gdp,IBT,1990-07-01,-3.009836
gdp,IBT,1991-07-01,-3.000753
gdp,IBT,1992-07-01,-3.022779
gdp,IBT,1993-07-01,-3.020501
gdp,IBT,1994-07-01,-3.031696
gdp,IBT,1995-07-01,-3.023651
gdp,IBT,1996-07-01,-3.012928
gdp,IBT,1997-07-01,-3.009346
gdp,IBT,1998-07-01,-3.030460
gdp,IBT,1999-07-01,-3.045467
gdp,IBT,2000-07-01,-3.033453
gdp,IBT,2001-07-01,-3.011497
gdp,IBT,2002-07-01,-2.988404
gdp,IBT,2003-07-01,-2.965076
gdp,IBT,2004-07-01,-2.933888
gdp,IBT,2005-07-01,-2.903561
gdp,IBT,2006-07-01,-2.856810
gdp,IBT,2007-07-01,-2.797032
gdp,IBT,2008-07-01,-2.745165
gdp,IBT,2009-07-01,-2.694577
gdp,IBT,2010-07-01,-2.652589
gdp,IBT,2011-07-01,-2.613854
gdp,IBT,2012-07-01,-2.590524
gdp,IBT,2013-07-01,-2.566328
gdp,IBT,2014-07-01,-2.549295
gdp,IBT,2015-07-01,-2.541399
gdp,IBT,2016-07-01,-2.521468
gdp,IBT,2017-07-01,-2.501797
gdp,IBT,2018-07-01,-2.490085
gdp,IBT,2019-07-01,-2.482981
gdp,IBT,2020-07-01,-2.482077
gdp,IBT,2021-07-01,-2.479138
gdp,IBT,2022-07-01,-2.469983
gdp,IBT,2023-07-01,-2.455752
gdp,IBT,2024-07-01,-2.440303
gdp,IBT,2025-07-01,-2.423851
gdp,IDA,1960-07-01,-3.257059
gdp,IDA,1961-07-01,-3.276545
gdp,IDA,1962-07-01,-3.287803
gdp,IDA,1963-07-01,-3.294538
gdp,IDA,1964-07-01,-3.315336
gdp,IDA,1965-07-01,-3.347436
gdp,IDA,1966-07-01,-3.407895
gdp,IDA,1967-07-01,-3.471225
gdp,IDA,1968-07-01,-3.495636
gdp,IDA,1969-07-01,-3.456873
gdp,IDA,1970-07-01,-3.394737
gdp,IDA,1971-07-01,-3.377739
gdp,IDA,1972-07-01,-3.425412
gdp,IDA,1973-07-01,-3.457311
gdp,IDA,1974-07-01,-3.398528
gdp,IDA,1975-07-01,-3.417091
gdp,IDA,1976-07-01,-3.433062
gdp,IDA,1977-07-01,-3.455216
gdp,IDA,1978-07-01,-3.513361
gdp,IDA,1979-07-01,-3.527118
gdp,IDA,1980-07-01,-3.507927
gdp,IDA,1981-07-01,-3.554327
gdp,IDA,1982-07-01,-3.555329
gdp,IDA,1983-07-01,-3.627629
gdp,IDA,1984-07-01,-3.700251
gdp,IDA,1985-07-01,-3.719264
gdp,IDA,1986-07-01,-3.742248
gdp,IDA,1987-07-01,-3.759004
gdp,IDA,1988-07-01,-3.770707
gdp,IDA,1989-07-01,-3.801458
gdp,IDA,1990-07-01,-3.797662
gdp,IDA,1991-07-01,-3.788883
gdp,IDA,1992-07-01,-3.816415
gdp,IDA,1993-07-01,-3.848698
gdp,IDA,1994-07-01,-3.891622
gdp,IDA,1995-07-01,-3.896870
gdp,IDA,1996-07-01,-3.899929
gdp,IDA,1997-07-01,-3.918809
gdp,IDA,1998-07-01,-3.941572
gdp,IDA,1999-07-01,-3.971665
gdp,IDA,2000-07-01,-3.986292
gdp,IDA,2001-07-01,-3.969976
gdp,IDA,2002-07-01,-3.947974
gdp,IDA,2003-07-01,-3.943987
gdp,IDA,2004-07-01,-3.931239
gdp,IDA,2005-07-01,-3.919972
gdp,IDA,2006-07-01,-3.903052
gdp,IDA,2007-07-01,-3.879823
gdp,IDA,2008-07-01,-3.846122
gdp,IDA,2009-07-01,-3.785751
gdp,IDA,2010-07-01,-3.767121
gdp,IDA,2011-07-01,-3.757373
gdp,IDA,2012-07-01,-3.760357
gdp,IDA,2013-07-01,-3.741657
gdp,IDA,2014-07-01,-3.726762
gdp,IDA,2015-07-01,-3.734464
gdp,IDA,2016-07-01,-3.733780
gdp,IDA,2017-07-01,-3.733330
gdp,IDA,2018-07-01,-3.735622
gdp,IDA,2019-07-01,-3.739281
gdp,IDA,2020-07-01,-3.754066
gdp,IDA,2021-07-01,-3.794737
gdp,IDA,2022-07-01,-3.790502
gdp,IDA,2023-07-01,-3.801787
gdp,IDA,2024-07-01,-3.798165
gdp,IDA,2025-07-01,-3.789089
gdp,IDB,1960-07-01,-2.955965
gdp,IDB,1961-07-01,-2.969603
gdp,IDB,1962-07-01,-2.998351
gdp,IDB,1963-07-01,-2.973959
gdp,IDB,1964-07-01,-2.985809
gdp,IDB,1965-07-01,-3.011071
gdp,IDB,1966-07-01,-3.083224
gdp,IDB,1967-07-01,-3.194602
gdp,IDB,1968-07-01,-3.227936
gdp,IDB,1969-07-01,-3.135407
gdp,IDB,1970-07-01,-2.994876
gdp,IDB,1971-07-01,-2.942465
gdp,IDB,1972-07-01,-2.970805
gdp,IDB,1973-07-01,-2.989478
gdp,IDB,1974-07-01,-2.925079
gdp,IDB,1975-07-01,-2.955560
gdp,IDB,1976-07-01,-2.962282
gdp,IDB,1977-07-01,-2.974752
gdp,IDB,1978-07-01,-3.043903
gdp,IDB,1979-07-01,-3.041399
gdp,IDB,1980-07-01,-3.024534
gdp,IDB,1981-07-01,-3.110970
gdp,IDB,1982-07-01,-3.125962
gdp,IDB,1983-07-01,-3.222283
gdp,IDB,1984-07-01,-3.299669
gdp,IDB,1985-07-01,-3.304248
gdp,IDB,1986-07-01,-3.330931
gdp,IDB,1987-07-01,-3.352339
gdp,IDB,1988-07-01,-3.355442
gdp,IDB,1989-07-01,-3.381303
gdp,IDB,1990-07-01,-3.361373
gdp,IDB,1991-07-01,-3.357962
gdp,IDB,1992-07-01,-3.379445
gdp,IDB,1993-07-01,-3.422972
gdp,IDB,1994-07-01,-3.468370
gdp,IDB,1995-07-01,-3.487503
gdp,IDB,1996-07-01,-3.493693
gdp,IDB,1997-07-01,-3.527449
gdp,IDB,1998-07-01,-3.558474
gdp,IDB,1999-07-01,-3.599269
gdp,IDB,2000-07-01,-3.619448
gdp,IDB,2001-07-01,-3.606482
gdp,IDB,2002-07-01,-3.577275
gdp,IDB,2003-07-01,-3.576701
gdp,IDB,2004-07-01,-3.559145
gdp,IDB,2005-07-01,-3.551028
gdp,IDB,2006-07-01,-3.537949
gdp,IDB,2007-07-01,-3.521259
gdp,IDB,2008-07-01,-3.497940
gdp,IDB,2009-07-01,-3.431604
gdp,IDB,2010-07-01,-3.417419
gdp,IDB,2011-07-01,-3.407656
gdp,IDB,2012-07-01,-3.400665
gdp,IDB,2013-07-01,-3.379559
gdp,IDB,2014-07-01,-3.360678
gdp,IDB,2015-07-01,-3.363443
gdp,IDB,2016-07-01,-3.369758
gdp,IDB,2017-07-01,-3.379041
gdp,IDB,2018-07-01,-3.384181
gdp,IDB,2019-07-01,-3.394160
gdp,IDB,2020-07-01,-3.421859
gdp,IDB,2021-07-01,-3.457469
gdp,IDB,2022-07-01,-3.449279
gdp,IDB,2023-07-01,-3.460622
gdp,IDB,2024-07-01,-3.456969
gdp,IDB,2025-07-01,-3.447145
gdp,IDN,1960-07-01,-3.458602
gdp,IDN,1961-07-01,-3.436813
gdp,IDN,1962-07-01,-3.490462
gdp,IDN,1963-07-01,-3.570005
gdp,IDN,1964-07-01,-3.606362
gdp,IDN,1965-07-01,-3.670428
gdp,IDN,1966-07-01,-3.717990
gdp,IDN,1967-07-01,-3.744081
gdp,IDN,1968-07-01,-3.704459
gdp,IDN,1969-07-01,-3.686862
gdp,IDN,1970-07-01,-3.632070
gdp,IDN,1971-07-01,-3.611032
gdp,IDN,1972-07-01,-3.610160
gdp,IDN,1973-07-01,-3.603884
gdp,IDN,1974-07-01,-3.541493
gdp,IDN,1975-07-01,-3.506262
gdp,IDN,1976-07-01,-3.507582
gdp,IDN,1977-07-01,-3.483296
gdp,IDN,1978-07-01,-3.485480
gdp,IDN,1979-07-01,-3.459159
gdp,IDN,1980-07-01,-3.376659
gdp,IDN,1981-07-01,-3.339071
gdp,IDN,1982-07-01,-3.312251
gdp,IDN,1983-07-01,-3.329653
gdp,IDN,1984-07-01,-3.345729
gdp,IDN,1985-07-01,-3.374757
gdp,IDN,1986-07-01,-3.362641
gdp,IDN,1987-07-01,-3.358996
gdp,IDN,1988-07-01,-3.353730
gdp,IDN,1989-07-01,-3.327179
gdp,IDN,1990-07-01,-3.282792
gdp,IDN,1991-07-01,-3.219211
gdp,IDN,1992-07-01,-3.194342
gdp,IDN,1993-07-01,-3.162376
gdp,IDN,1994-07-01,-3.133780
gdp,IDN,1995-07-01,-3.085994
gdp,IDN,1996-07-01,-3.052572
gdp,IDN,1997-07-01,-3.054378
gdp,IDN,1998-07-01,-3.243103
gdp,IDN,1999-07-01,-3.285545
gdp,IDN,2000-07-01,-3.280679
gdp,IDN,2001-07-01,-3.258385
gdp,IDN,2002-07-01,-3.235514
gdp,IDN,2003-07-01,-3.221034
gdp,IDN,2004-07-01,-3.213161
gdp,IDN,2005-07-01,-3.195660
gdp,IDN,2006-07-01,-3.173185
gdp,IDN,2007-07-01,-3.135205
gdp,IDN,2008-07-01,-3.081456
gdp,IDN,2009-07-01,-3.014008
gdp,IDN,2010-07-01,-2.984368
gdp,IDN,2011-07-01,-2.944865
gdp,IDN,2012-07-01,-2.913820
gdp,IDN,2013-07-01,-2.885532
gdp,IDN,2014-07-01,-2.865397
gdp,IDN,2015-07-01,-2.850060
gdp,IDN,2016-07-01,-2.821874
gdp,IDN,2017-07-01,-2.799993
gdp,IDN,2018-07-01,-2.782611
gdp,IDN,2019-07-01,-2.763352
gdp,IDN,2020-07-01,-2.767603
gdp,IDN,2021-07-01,-2.796418
gdp,IDN,2022-07-01,-2.771402
gdp,IDN,2023-07-01,-2.751269
gdp,IDN,2024-07-01,-2.728256
gdp,IDN,2025-07-01,-2.702442
gdp,IDX,1961-07-01,-3.432857
gdp,IDX,1962-07-01,-3.429478
gdp,IDX,1963-07-01,-3.463521
gdp,IDX,1964-07-01,-3.492767
gdp,IDX,1965-07-01,-3.531530
gdp,IDX,1966-07-01,-3.581749
gdp,IDX,1967-07-01,-3.603912
gdp,IDX,1968-07-01,-3.621362
gdp,IDX,1969-07-01,-3.628041
gdp,IDX,1970-07-01,-3.641424
gdp,IDX,1971-07-01,-3.663290
gdp,IDX,1972-07-01,-3.734275
gdp,IDX,1973-07-01,-3.782720
gdp,IDX,1974-07-01,-3.731997
gdp,IDX,1975-07-01,-3.738532
gdp,IDX,1976-07-01,-3.767961
gdp,IDX,1977-07-01,-3.804950
gdp,IDX,1978-07-01,-3.852501
gdp,IDX,1979-07-01,-3.889318
gdp,IDX,1980-07-01,-3.873583
gdp,IDX,1981-07-01,-3.877906
gdp,IDX,1982-07-01,-3.866286
gdp,IDX,1983-07-01,-3.913704
gdp,IDX,1984-07-01,-3.982583
gdp,IDX,1985-07-01,-4.019341
gdp,IDX,1986-07-01,-4.040541
gdp,IDX,1987-07-01,-4.054448
gdp,IDX,1988-07-01,-4.078983
gdp,IDX,1989-07-01,-4.118222
gdp,IDX,1990-07-01,-4.137672
gdp,IDX,1991-07-01,-4.125124
gdp,IDX,1992-07-01,-4.160969
gdp,IDX,1993-07-01,-4.179914
gdp,IDX,1994-07-01,-4.220211
gdp,IDX,1995-07-01,-4.209909
gdp,IDX,1996-07-01,-4.210055
gdp,IDX,1997-07-01,-4.212984
gdp,IDX,1998-07-01,-4.227434
gdp,IDX,1999-07-01,-4.246602
gdp,IDX,2000-07-01,-4.256210
gdp,IDX,2001-07-01,-4.237463
gdp,IDX,2002-07-01,-4.223378
gdp,IDX,2003-07-01,-4.216052
gdp,IDX,2004-07-01,-4.209092
gdp,IDX,2005-07-01,-4.195095
gdp,IDX,2006-07-01,-4.174584
gdp,IDX,2007-07-01,-4.145434
gdp,IDX,2008-07-01,-4.102144
gdp,IDX,2009-07-01,-4.048780
gdp,IDX,2010-07-01,-4.026636
gdp,IDX,2011-07-01,-4.017509
gdp,IDX,2012-07-01,-4.030871
gdp,IDX,2013-07-01,-4.014910
gdp,IDX,2014-07-01,-4.004099
gdp,IDX,2015-07-01,-4.016652
gdp,IDX,2016-07-01,-4.007889
gdp,IDX,2017-07-01,-3.996684
gdp,IDX,2018-07-01,-3.995319
gdp,IDX,2019-07-01,-3.991742
gdp,IDX,2020-07-01,-3.993135
gdp,IDX,2021-07-01,-4.038013
gdp,IDX,2022-07-01,-4.036969
gdp,IDX,2023-07-01,-4.047309
gdp,IDX,2024-07-01,-4.042744
gdp,IDX,2025-07-01,-4.033461
gdp,IMN,1984-07-01,-0.613929
gdp,IMN,1985-07-01,-0.639767
gdp,IMN,1986-07-01,-0.494281
gdp,IMN,1987-07-01,-0.438784
gdp,IMN,1988-07-01,-0.375196
gdp,IMN,1989-07-01,-0.352115
gdp,IMN,1990-07-01,-0.334959
gdp,IMN,1991-07-01,-0.317451
gdp,IMN,1992-07-01,-0.338009
gdp,IMN,1993-07-01,-0.332239
gdp,IMN,1994-07-01,-0.325835
gdp,IMN,1995-07-01,-0.303152
gdp,IMN,1996-07-01,-0.261811
gdp,IMN,1997-07-01,-0.222675
gdp,IMN,1998-07-01,-0.141213
gdp,IMN,1999-07-01,-0.060609
gdp,IMN,2000-07-01,-0.049357
gdp,IMN,2001-07-01,-0.007117
gdp,IMN,2002-07-01,0.035059
gdp,IMN,2003-07-01,0.064384
gdp,IMN,2004-07-01,0.077102
gdp,IMN,2005-07-01,0.100255
gdp,IMN,2006-07-01,0.146875
gdp,IMN,2007-07-01,0.198299
gdp,IMN,2008-07-01,0.243649
gdp,IMN,2009-07-01,0.288268
gdp,IMN,2010-07-01,0.292371
gdp,IMN,2011-07-01,0.298524
gdp,IMN,2012-07-01,0.354927
gdp,IMN,2013-07-01,0.384422
gdp,IMN,2014-07-01,0.420687
gdp,IMN,2015-07-01,0.399340
gdp,IMN,2016-07-01,0.457899
gdp,IMN,2017-07-01,0.466819
gdp,IMN,2018-07-01,0.463001
gdp,IMN,2019-07-01,0.443376
gdp,IMN,2020-07-01,0.374702
gdp,IMN,2021-07-01,0.353734
gdp,IMN,2022-07-01,0.291611
gdp,IMN,2023-07-01,0.249961
gdp,IND,1960-07-01,-4.106256
gdp,IND,1961-07-01,-4.099831
gdp,IND,1962-07-01,-4.138491
gdp,IND,1963-07-01,-4.132405
gdp,IND,1964-07-01,-4.126428
gdp,IND,1965-07-01,-4.225184
gdp,IND,1966-07-01,-4.298560
gdp,IND,1967-07-01,-4.258483
gdp,IND,1968-07-01,-4.283549
gdp,IND,1969-07-01,-4.262090
gdp,IND,1970-07-01,-4.224516
gdp,IND,1971-07-01,-4.250135
gdp,IND,1972-07-01,-4.318148
gdp,IND,1973-07-01,-4.353604
gdp,IND,1974-07-01,-4.350265
gdp,IND,1975-07-01,-4.274411
gdp,IND,1976-07-01,-4.324420
gdp,IND,1977-07-01,-4.313120
gdp,IND,1978-07-01,-4.323872
gdp,IND,1979-07-01,-4.421064
gdp,IND,1980-07-01,-4.367559
gdp,IND,1981-07-01,-4.347975
gdp,IND,1982-07-01,-4.309420
gdp,IND,1983-07-01,-4.298146
gdp,IND,1984-07-01,-4.345318
gdp,IND,1985-07-01,-4.349368
gdp,IND,1986-07-01,-4.350590
gdp,IND,1987-07-01,-4.359535
gdp,IND,1988-07-01,-4.321960
gdp,IND,1989-07-01,-4.313155
gdp,IND,1990-07-01,-4.288816
gdp,IND,1991-07-01,-4.285535
gdp,IND,1992-07-01,-4.274211
gdp,IND,1993-07-01,-4.262755
gdp,IND,1994-07-01,-4.245969
gdp,IND,1995-07-01,-4.207668
gdp,IND,1996-07-01,-4.180264
gdp,IND,1997-07-01,-4.191700
gdp,IND,1998-07-01,-4.183250
gdp,IND,1999-07-01,-4.152799
gdp,IND,2000-07-01,-4.162741
gdp,IND,2001-07-01,-4.133947
gdp,IND,2002-07-01,-4.122310
gdp,IND,2003-07-01,-4.082964
gdp,IND,2004-07-01,-4.052253
gdp,IND,2005-07-01,-4.017341
gdp,IND,2006-07-01,-3.973281
gdp,IND,2007-07-01,-3.924856
gdp,IND,2008-07-01,-3.900520
gdp,IND,2009-07-01,-3.804429
gdp,IND,2010-07-01,-3.755551
gdp,IND,2011-07-01,-3.726233
gdp,IND,2012-07-01,-3.701495
gdp,IND,2013-07-01,-3.666309
gdp,IND,2014-07-01,-3.624402
gdp,IND,2015-07-01,-3.580455
gdp,IND,2016-07-01,-3.523214
gdp,IND,2017-07-01,-3.486444
gdp,IND,2018-07-01,-3.458245
gdp,IND,2019-07-01,-3.451020
gdp,IND,2020-07-01,-3.495149
gdp,IND,2021-07-01,-3.469020
gdp,IND,2022-07-01,-3.422820
gdp,IND,2023-07-01,-3.382727
gdp,IND,2024-07-01,-3.340996
gdp,IND,2025-07-01,-3.293086
gdp,IRL,1960-07-01,-0.801136
gdp,IRL,1961-07-01,-0.756868
gdp,IRL,1962-07-01,-0.773158
gdp,IRL,1963-07-01,-0.761307
gdp,IRL,1964-07-01,-0.771497
gdp,IRL,1965-07-01,-0.805624
gdp,IRL,1966-07-01,-0.852148
gdp,IRL,1967-07-01,-0.814420
gdp,IRL,1968-07-01,-0.776605
gdp,IRL,1969-07-01,-0.746226
gdp,IRL,1970-07-01,-0.718836
gdp,IRL,1971-07-01,-0.716178
gdp,IRL,1972-07-01,-0.708676
gdp,IRL,1973-07-01,-0.723957
gdp,IRL,1974-07-01,-0.684247
gdp,IRL,1975-07-01,-0.633758
gdp,IRL,1976-07-01,-0.677975
gdp,IRL,1977-07-01,-0.647749
gdp,IRL,1978-07-01,-0.635813
gdp,IRL,1979-07-01,-0.639002
gdp,IRL,1980-07-01,-0.608014
gdp,IRL,1981-07-01,-0.602259
gdp,IRL,1982-07-01,-0.561408
gdp,IRL,1983-07-01,-0.606618
gdp,IRL,1984-07-01,-0.631401
gdp,IRL,1985-07-01,-0.634600
gdp,IRL,1986-07-01,-0.664146
gdp,IRL,1987-07-01,-0.643698
gdp,IRL,1988-07-01,-0.620404
gdp,IRL,1989-07-01,-0.586549
gdp,IRL,1990-07-01,-0.513509
gdp,IRL,1991-07-01,-0.485700
gdp,IRL,1992-07-01,-0.480386
gdp,IRL,1993-07-01,-0.472774
gdp,IRL,1994-07-01,-0.447990
gdp,IRL,1995-07-01,-0.375718
gdp,IRL,1996-07-01,-0.337830
gdp,IRL,1997-07-01,-0.274773
gdp,IRL,1998-07-01,-0.233373
gdp,IRL,1999-07-01,-0.179820
gdp,IRL,2000-07-01,-0.132116
gdp,IRL,2001-07-01,-0.095951
gdp,IRL,2002-07-01,-0.063067
gdp,IRL,2003-07-01,-0.068641
gdp,IRL,2004-07-01,-0.049749
gdp,IRL,2005-07-01,-0.040750
gdp,IRL,2006-07-01,-0.036858
gdp,IRL,2007-07-01,-0.024358
gdp,IRL,2008-07-01,-0.082299
gdp,IRL,2009-07-01,-0.109889
gdp,IRL,2010-07-01,-0.116782
gdp,IRL,2011-07-01,-0.112781
gdp,IRL,2012-07-01,-0.135726
gdp,IRL,2013-07-01,-0.132691
gdp,IRL,2014-07-01,-0.067254
gdp,IRL,2015-07-01,0.122377
gdp,IRL,2016-07-01,0.111515
gdp,IRL,2017-07-01,0.176966
gdp,IRL,2018-07-01,0.213157
gdp,IRL,2019-07-01,0.225443
gdp,IRL,2020-07-01,0.307018
gdp,IRL,2021-07-01,0.385575
gdp,IRL,2022-07-01,0.418953
gdp,IRL,2023-07-01,0.353809
gdp,IRL,2024-07-01,0.345786
gdp,IRL,2025-07-01,0.429683
gdp,IRN,1960-07-01,-2.091661
gdp,IRN,1961-07-01,-2.029030
gdp,IRN,1962-07-01,-2.027107
gdp,IRN,1963-07-01,-2.018425
gdp,IRN,1964-07-01,-2.010701
gdp,IRN,1965-07-01,-1.934333
gdp,IRN,1966-07-01,-1.908037
gdp,IRN,1967-07-01,-1.845677
gdp,IRN,1968-07-01,-1.777936
gdp,IRN,1969-07-01,-1.684466
gdp,IRN,1970-07-01,-1.601635
gdp,IRN,1971-07-01,-1.522860
gdp,IRN,1972-07-01,-1.457255
gdp,IRN,1973-07-01,-1.460129
gdp,IRN,1974-07-01,-1.418785
gdp,IRN,1975-07-01,-1.440362
gdp,IRN,1976-07-01,-1.345759
gdp,IRN,1977-07-01,-1.440007
gdp,IRN,1978-07-01,-1.653391
gdp,IRN,1979-07-01,-1.835968
gdp,IRN,1980-07-01,-2.103366
gdp,IRN,1981-07-01,-2.229753
gdp,IRN,1982-07-01,-2.046560
gdp,IRN,1983-07-01,-2.016021
gdp,IRN,1984-07-01,-2.188921
gdp,IRN,1985-07-01,-2.239139
gdp,IRN,1986-07-01,-2.403812
gdp,IRN,1987-07-01,-2.466402
gdp,IRN,1988-07-01,-2.593268
gdp,IRN,1989-07-01,-2.589581
gdp,IRN,1990-07-01,-2.498614
gdp,IRN,1991-07-01,-2.391617
gdp,IRN,1992-07-01,-2.399694
gdp,IRN,1993-07-01,-2.432038
gdp,IRN,1994-07-01,-2.478309
gdp,IRN,1995-07-01,-2.480237
gdp,IRN,1996-07-01,-2.454870
gdp,IRN,1997-07-01,-2.484915
gdp,IRN,1998-07-01,-2.510263
gdp,IRN,1999-07-01,-2.539967
gdp,IRN,2000-07-01,-2.526757
gdp,IRN,2001-07-01,-2.518168
gdp,IRN,2002-07-01,-2.456319
gdp,IRN,2003-07-01,-2.403517
gdp,IRN,2004-07-01,-2.410958
gdp,IRN,2005-07-01,-2.426714
gdp,IRN,2006-07-01,-2.417292
gdp,IRN,2007-07-01,-2.365571
gdp,IRN,2008-07-01,-2.366887
gdp,IRN,2009-07-01,-2.334412
gdp,IRN,2010-07-01,-2.308702
gdp,IRN,2011-07-01,-2.302547
gdp,IRN,2012-07-01,-2.367901
gdp,IRN,2013-07-01,-2.409698
gdp,IRN,2014-07-01,-2.391449
gdp,IRN,2015-07-01,-2.440467
gdp,IRN,2016-07-01,-2.380497
gdp,IRN,2017-07-01,-2.382415
gdp,IRN,2018-07-01,-2.456736
gdp,IRN,2019-07-01,-2.511776
gdp,IRN,2020-07-01,-2.450885
gdp,IRN,2021-07-01,-2.476846
gdp,IRN,2022-07-01,-2.465484
gdp,IRN,2023-07-01,-2.446270
gdp,IRN,2024-07-01,-2.438770
gdp,IRN,2025-07-01,-2.492835
gdp,IRQ,1960-07-01,-2.946070
gdp,IRQ,1961-07-01,-2.905803
gdp,IRQ,1962-07-01,-2.934658
gdp,IRQ,1963-07-01,-2.972837
gdp,IRQ,1964-07-01,-2.910627
gdp,IRQ,1965-07-01,-2.891727
gdp,IRQ,1966-07-01,-2.928633
gdp,IRQ,1967-07-01,-3.069211
gdp,IRQ,1968-07-01,-2.962141
gdp,IRQ,1969-07-01,-2.985411
gdp,IRQ,1970-07-01,-2.966207
gdp,IRQ,1971-07-01,-2.968155
gdp,IRQ,1972-07-01,-3.006364
gdp,IRQ,1973-07-01,-3.042963
gdp,IRQ,1974-07-01,-2.912877
gdp,IRQ,1975-07-01,-2.816362
gdp,IRQ,1976-07-01,-2.733564
gdp,IRQ,1977-07-01,-2.783151
gdp,IRQ,1978-07-01,-2.702613
gdp,IRQ,1979-07-01,-2.565382
gdp,IRQ,1980-07-01,-2.363555
gdp,IRQ,1981-07-01,-2.416147
gdp,IRQ,1982-07-01,-2.382794
gdp,IRQ,1983-07-01,-2.588287
gdp,IRQ,1984-07-01,-2.695649
gdp,IRQ,1985-07-01,-2.737254
gdp,IRQ,1986-07-01,-2.741232
gdp,IRQ,1987-07-01,-2.704705
gdp,IRQ,1988-07-01,-2.759937
gdp,IRQ,1989-07-01,-2.844834
gdp,IRQ,1990-07-01,-2.408350
gdp,IRQ,1991-07-01,-3.427391
gdp,IRQ,1992-07-01,-3.195623
gdp,IRQ,1993-07-01,-2.993016
gdp,IRQ,1994-07-01,-3.030158
gdp,IRQ,1995-07-01,-3.057259
gdp,IRQ,1996-07-01,-3.010030
gdp,IRQ,1997-07-01,-2.879839
gdp,IRQ,1998-07-01,-2.643344
gdp,IRQ,1999-07-01,-2.549021
gdp,IRQ,2000-07-01,-2.455375
gdp,IRQ,2001-07-01,-2.468666
gdp,IRQ,2002-07-01,-2.593438
gdp,IRQ,2003-07-01,-3.099170
gdp,IRQ,2004-07-01,-2.728400
gdp,IRQ,2005-07-01,-2.766449
gdp,IRQ,2006-07-01,-2.736753
gdp,IRQ,2007-07-01,-2.720483
gdp,IRQ,2008-07-01,-2.653292
gdp,IRQ,2009-07-01,-2.622027
gdp,IRQ,2010-07-01,-2.610415
gdp,IRQ,2011-07-01,-2.580580
gdp,IRQ,2012-07-01,-2.510148
gdp,IRQ,2013-07-01,-2.497242
gdp,IRQ,2014-07-01,-2.527132
gdp,IRQ,2015-07-01,-2.549721
gdp,IRQ,2016-07-01,-2.454649
gdp,IRQ,2017-07-01,-2.512670
gdp,IRQ,2018-07-01,-2.533365
gdp,IRQ,2019-07-01,-2.522802
gdp,IRQ,2020-07-01,-2.648129
gdp,IRQ,2021-07-01,-2.713761
gdp,IRQ,2022-07-01,-2.679351
gdp,IRQ,2023-07-01,-2.717398
gdp,IRQ,2024-07-01,-2.772167
gdp,IRQ,2025-07-01,-2.831154
gdp,ISL,1960-07-01,-0.289264
gdp,ISL,1961-07-01,-0.315655
gdp,ISL,1962-07-01,-0.298150
gdp,ISL,1963-07-01,-0.246754
gdp,ISL,1964-07-01,-0.212785
gdp,ISL,1965-07-01,-0.209221
gdp,ISL,1966-07-01,-0.193694
gdp,ISL,1967-07-01,-0.236315
gdp,ISL,1968-07-01,-0.343443
gdp,ISL,1969-07-01,-0.349877
gdp,ISL,1970-07-01,-0.273702
gdp,ISL,1971-07-01,-0.178787
gdp,ISL,1972-07-01,-0.174000
gdp,ISL,1973-07-01,-0.168622
gdp,ISL,1974-07-01,-0.112101
gdp,ISL,1975-07-01,-0.106531
gdp,ISL,1976-07-01,-0.101551
gdp,ISL,1977-07-01,-0.059596
gdp,ISL,1978-07-01,-0.052253
gdp,ISL,1979-07-01,-0.034710
gdp,ISL,1980-07-01,0.022756
gdp,ISL,1981-07-01,0.037870
gdp,ISL,1982-07-01,0.073548
gdp,ISL,1983-07-01,0.002887
gdp,ISL,1984-07-01,-0.028496
gdp,ISL,1985-07-01,-0.035963
gdp,ISL,1986-07-01,-0.007270
gdp,ISL,1987-07-01,0.038752
gdp,ISL,1988-07-01,-0.009649
gdp,ISL,1989-07-01,-0.046072
gdp,ISL,1990-07-01,-0.049610
gdp,ISL,1991-07-01,-0.048993
gdp,ISL,1992-07-01,-0.116630
gdp,ISL,1993-07-01,-0.127709
gdp,ISL,1994-07-01,-0.128161
gdp,ISL,1995-07-01,-0.147003
gdp,ISL,1996-07-01,-0.133807
gdp,ISL,1997-07-01,-0.132896
gdp,ISL,1998-07-01,-0.108046
gdp,ISL,1999-07-01,-0.117189
gdp,ISL,2000-07-01,-0.111833
gdp,ISL,2001-07-01,-0.087049
gdp,ISL,2002-07-01,-0.098150
gdp,ISL,2003-07-01,-0.101495
gdp,ISL,2004-07-01,-0.065315
gdp,ISL,2005-07-01,-0.038236
gdp,ISL,2006-07-01,-0.024367
gdp,ISL,2007-07-01,0.023804
gdp,ISL,2008-07-01,0.030385
gdp,ISL,2009-07-01,-0.025040
gdp,ISL,2010-07-01,-0.064203
gdp,ISL,2011-07-01,-0.061151
gdp,ISL,2012-07-01,-0.069496
gdp,ISL,2013-07-01,-0.057009
gdp,ISL,2014-07-01,-0.066142
gdp,ISL,2015-07-01,-0.060619
gdp,ISL,2016-07-01,-0.024350
gdp,ISL,2017-07-01,-0.030899
gdp,ISL,2018-07-01,-0.035495
gdp,ISL,2019-07-01,-0.066526
gdp,ISL,2020-07-01,-0.126408
gdp,ISL,2021-07-01,-0.150421
gdp,ISL,2022-07-01,-0.109927
gdp,ISL,2023-07-01,-0.091061
gdp,ISL,2024-07-01,-0.124104
gdp,ISL,2025-07-01,-0.142694
gdp,ISR,1960-07-01,-0.770236
gdp,ISR,1961-07-01,-0.703227
gdp,ISR,1962-07-01,-0.698576
gdp,ISR,1963-07-01,-0.662448
gdp,ISR,1964-07-01,-0.668119
gdp,ISR,1965-07-01,-0.666432
gdp,ISR,1966-07-01,-0.744080
gdp,ISR,1967-07-01,-0.771550
gdp,ISR,1968-07-01,-0.678855
gdp,ISR,1969-07-01,-0.598458
gdp,ISR,1970-07-01,-0.551605
gdp,ISR,1971-07-01,-0.498883
gdp,ISR,1972-07-01,-0.450178
gdp,ISR,1973-07-01,-0.481650
gdp,ISR,1974-07-01,-0.434097
gdp,ISR,1975-07-01,-0.413100
gdp,ISR,1976-07-01,-0.475182
gdp,ISR,1977-07-01,-0.522420
gdp,ISR,1978-07-01,-0.532724
gdp,ISR,1979-07-01,-0.518313
gdp,ISR,1980-07-01,-0.513589
gdp,ISR,1981-07-01,-0.496727
gdp,ISR,1982-07-01,-0.467169
gdp,ISR,1983-07-01,-0.487996
gdp,ISR,1984-07-01,-0.552984
gdp,ISR,1985-07-01,-0.563033
gdp,ISR,1986-07-01,-0.562256
gdp,ISR,1987-07-01,-0.534469
gdp,ISR,1988-07-01,-0.554195
gdp,ISR,1989-07-01,-0.592049
gdp,ISR,1990-07-01,-0.559783
gdp,ISR,1991-07-01,-0.531084
gdp,ISR,1992-07-01,-0.511660
gdp,ISR,1993-07-01,-0.511857
gdp,ISR,1994-07-01,-0.493337
gdp,ISR,1995-07-01,-0.470662
gdp,ISR,1996-07-01,-0.465478
gdp,ISR,1997-07-01,-0.486467
gdp,ISR,1998-07-01,-0.501334
gdp,ISR,1999-07-01,-0.529733
gdp,ISR,2000-07-01,-0.502572
gdp,ISR,2001-07-01,-0.523055
gdp,ISR,2002-07-01,-0.552309
gdp,ISR,2003-07-01,-0.575098
gdp,ISR,2004-07-01,-0.575829
gdp,ISR,2005-07-01,-0.575879
gdp,ISR,2006-07-01,-0.556975
gdp,ISR,2007-07-01,-0.523848
gdp,ISR,2008-07-01,-0.501639
gdp,ISR,2009-07-01,-0.478544
gdp,ISR,2010-07-01,-0.460981
gdp,ISR,2011-07-01,-0.433392
gdp,ISR,2012-07-01,-0.442690
gdp,ISR,2013-07-01,-0.434655
gdp,ISR,2014-07-01,-0.434308
gdp,ISR,2015-07-01,-0.453058
gdp,ISR,2016-07-01,-0.438475
gdp,ISR,2017-07-01,-0.432690
gdp,ISR,2018-07-01,-0.435590
gdp,ISR,2019-07-01,-0.439875
gdp,ISR,2020-07-01,-0.450578
gdp,ISR,2021-07-01,-0.436276
gdp,ISR,2022-07-01,-0.413478
gdp,ISR,2023-07-01,-0.443799
gdp,ISR,2024-07-01,-0.467691
gdp,ISR,2025-07-01,-0.466945
gdp,ITA,1960-07-01,-0.668657
gdp,ITA,1961-07-01,-0.602625
gdp,ITA,1962-07-01,-0.593035
gdp,ITA,1963-07-01,-0.574418
gdp,ITA,1964-07-01,-0.597541
gdp,ITA,1965-07-01,-0.623338
gdp,ITA,1966-07-01,-0.624412
gdp,ITA,1967-07-01,-0.576127
gdp,ITA,1968-07-01,-0.555950
gdp,ITA,1969-07-01,-0.523174
gdp,ITA,1970-07-01,-0.467233
gdp,ITA,1971-07-01,-0.473633
gdp,ITA,1972-07-01,-0.483586
gdp,ITA,1973-07-01,-0.466909
gdp,ITA,1974-07-01,-0.405354
gdp,ITA,1975-07-01,-0.420532
gdp,ITA,1976-07-01,-0.399667
gdp,ITA,1977-07-01,-0.413779
gdp,ITA,1978-07-01,-0.428733
gdp,ITA,1979-07-01,-0.393874
gdp,ITA,1980-07-01,-0.350042
gdp,ITA,1981-07-01,-0.358082
gdp,ITA,1982-07-01,-0.326968
gdp,ITA,1983-07-01,-0.351381
gdp,ITA,1984-07-01,-0.381063
gdp,ITA,1985-07-01,-0.385744
gdp,ITA,1986-07-01,-0.382399
gdp,ITA,1987-07-01,-0.376105
gdp,ITA,1988-07-01,-0.367342
gdp,ITA,1989-07-01,-0.361389
gdp,ITA,1990-07-01,-0.349951
gdp,ITA,1991-07-01,-0.320929
gdp,ITA,1992-07-01,-0.334050
gdp,ITA,1993-07-01,-0.357186
gdp,ITA,1994-07-01,-0.363344
gdp,ITA,1995-07-01,-0.349483
gdp,ITA,1996-07-01,-0.361797
gdp,ITA,1997-07-01,-0.374723
gdp,ITA,1998-07-01,-0.389326
gdp,ITA,1999-07-01,-0.408144
gdp,ITA,2000-07-01,-0.399349
gdp,ITA,2001-07-01,-0.379708
gdp,ITA,2002-07-01,-0.386575
gdp,ITA,2003-07-01,-0.410291
gdp,ITA,2004-07-01,-0.431606
gdp,ITA,2005-07-01,-0.454872
gdp,ITA,2006-07-01,-0.458861
gdp,ITA,2007-07-01,-0.460757
gdp,ITA,2008-07-01,-0.470431
gdp,ITA,2009-07-01,-0.495870
gdp,ITA,2010-07-01,-0.503251
gdp,ITA,2011-07-01,-0.507381
gdp,ITA,2012-07-01,-0.556516
gdp,ITA,2013-07-01,-0.590253
gdp,ITA,2014-07-01,-0.607383
gdp,ITA,2015-07-01,-0.618104
gdp,ITA,2016-07-01,-0.614092
gdp,ITA,2017-07-01,-0.613651
gdp,ITA,2018-07-01,-0.626702
gdp,ITA,2019-07-01,-0.640301
gdp,ITA,2020-07-01,-0.703175
gdp,ITA,2021-07-01,-0.670603
gdp,ITA,2022-07-01,-0.640730
gdp,ITA,2023-07-01,-0.651740
gdp,ITA,2024-07-01,-0.661354
gdp,ITA,2025-07-01,-0.671503
gdp,JAM,1966-07-01,-1.746599
gdp,JAM,1967-07-01,-1.754347
gdp,JAM,1968-07-01,-1.746857
gdp,JAM,1969-07-01,-1.724947
gdp,JAM,1970-07-01,-1.613916
gdp,JAM,1971-07-01,-1.622888
gdp,JAM,1972-07-01,-1.512321
gdp,JAM,1973-07-01,-1.629361
gdp,JAM,1974-07-01,-1.673041
gdp,JAM,1975-07-01,-1.677690
gdp,JAM,1976-07-01,-1.803043
gdp,JAM,1977-07-01,-1.876694
gdp,JAM,1978-07-01,-1.932119
gdp,JAM,1979-07-01,-1.974608
gdp,JAM,1980-07-01,-2.033553
gdp,JAM,1981-07-01,-2.035786
gdp,JAM,1982-07-01,-2.001315
gdp,JAM,1983-07-01,-2.032021
gdp,JAM,1984-07-01,-2.121988
gdp,JAM,1985-07-01,-2.195312
gdp,JAM,1986-07-01,-2.210789
gdp,JAM,1987-07-01,-2.167860
gdp,JAM,1988-07-01,-2.167556
gdp,JAM,1989-07-01,-2.131756
gdp,JAM,1990-07-01,-2.105572
gdp,JAM,1991-07-01,-2.052659
gdp,JAM,1992-07-01,-2.063920
gdp,JAM,1993-07-01,-1.998227
gdp,JAM,1994-07-01,-2.022001
gdp,JAM,1995-07-01,-2.023377
gdp,JAM,1996-07-01,-2.059592
gdp,JAM,1997-07-01,-2.111754
gdp,JAM,1998-07-01,-2.176129
gdp,JAM,1999-07-01,-2.208772
gdp,JAM,2000-07-01,-2.235800
gdp,JAM,2001-07-01,-2.228389
gdp,JAM,2002-07-01,-2.222339
gdp,JAM,2003-07-01,-2.211370
gdp,JAM,2004-07-01,-2.232576
gdp,JAM,2005-07-01,-2.254242
gdp,JAM,2006-07-01,-2.248645
gdp,JAM,2007-07-01,-2.249497
gdp,JAM,2008-07-01,-2.253675
gdp,JAM,2009-07-01,-2.267391
gdp,JAM,2010-07-01,-2.304423
gdp,JAM,2011-07-01,-2.299196
gdp,JAM,2012-07-01,-2.324315
gdp,JAM,2013-07-01,-2.336595
gdp,JAM,2014-07-01,-2.350293
gdp,JAM,2015-07-01,-2.365311
gdp,JAM,2016-07-01,-2.350886
gdp,JAM,2017-07-01,-2.347644
gdp,JAM,2018-07-01,-2.347703
gdp,JAM,2019-07-01,-2.351255
gdp,JAM,2020-07-01,-2.415474
gdp,JAM,2021-07-01,-2.420573
gdp,JAM,2022-07-01,-2.377919
gdp,JAM,2023-07-01,-2.371747
gdp,JAM,2024-07-01,-2.394845
gdp,JAM,2025-07-01,-2.409448
gdp,JOR,1976-07-01,-2.188556
gdp,JOR,1977-07-01,-2.174572
gdp,JOR,1978-07-01,-2.112370
gdp,JOR,1979-07-01,-1.976690
gdp,JOR,1980-07-01,-1.895104
gdp,JOR,1981-07-01,-1.791886
gdp,JOR,1982-07-01,-1.738941
gdp,JOR,1983-07-01,-1.841540
gdp,JOR,1984-07-01,-1.905950
gdp,JOR,1985-07-01,-2.011077
gdp,JOR,1986-07-01,-2.028383
gdp,JOR,1987-07-01,-2.076692
gdp,JOR,1988-07-01,-2.140625
gdp,JOR,1989-07-01,-2.328617
gdp,JOR,1990-07-01,-2.416919
gdp,JOR,1991-07-01,-2.464368
gdp,JOR,1992-07-01,-2.403891
gdp,JOR,1993-07-01,-2.425960
gdp,JOR,1994-07-01,-2.452589
gdp,JOR,1995-07-01,-2.447964
gdp,JOR,1996-07-01,-2.485908
gdp,JOR,1997-07-01,-2.511696
gdp,JOR,1998-07-01,-2.537332
gdp,JOR,1999-07-01,-2.560774
gdp,JOR,2000-07-01,-2.568758
gdp,JOR,2001-07-01,-2.537581
gdp,JOR,2002-07-01,-2.510022
gdp,JOR,2003-07-01,-2.510372
gdp,JOR,2004-07-01,-2.480803
gdp,JOR,2005-07-01,-2.452282
gdp,JOR,2006-07-01,-2.456170
gdp,JOR,2007-07-01,-2.448262
gdp,JOR,2008-07-01,-2.393765
gdp,JOR,2009-07-01,-2.330492
gdp,JOR,2010-07-01,-2.344102
gdp,JOR,2011-07-01,-2.347863
gdp,JOR,2012-07-01,-2.352913
gdp,JOR,2013-07-01,-2.391402
gdp,JOR,2014-07-01,-2.471070
gdp,JOR,2015-07-01,-2.549388
gdp,JOR,2016-07-01,-2.585898
gdp,JOR,2017-07-01,-2.600997
gdp,JOR,2018-07-01,-2.628039
gdp,JOR,2019-07-01,-2.649839
gdp,JOR,2020-07-01,-2.654267
gdp,JOR,2021-07-01,-2.693904
gdp,JOR,2022-07-01,-2.703057
gdp,JOR,2023-07-01,-2.709064
gdp,JOR,2024-07-01,-2.711660
gdp,JOR,2025-07-01,-2.697155
gdp,JPN,1960-07-01,-1.075061
gdp,JPN,1961-07-01,-0.976466
gdp,JPN,1962-07-01,-0.944248
gdp,JPN,1963-07-01,-0.901713
gdp,JPN,1964-07-01,-0.844170
gdp,JPN,1965-07-01,-0.847904
gdp,JPN,1966-07-01,-0.807367
gdp,JPN,1967-07-01,-0.726417
gdp,JPN,1968-07-01,-0.653409
gdp,JPN,1969-07-01,-0.568467
gdp,JPN,1970-07-01,-0.566515
gdp,JPN,1971-07-01,-0.562292
gdp,JPN,1972-07-01,-0.536032
gdp,JPN,1973-07-01,-0.518217
gdp,JPN,1974-07-01,-0.529284
gdp,JPN,1975-07-01,-0.499645
gdp,JPN,1976-07-01,-0.514357
gdp,JPN,1977-07-01,-0.516218
gdp,JPN,1978-07-01,-0.517220
gdp,JPN,1979-07-01,-0.492430
gdp,JPN,1980-07-01,-0.460358
gdp,JPN,1981-07-01,-0.441657
gdp,JPN,1982-07-01,-0.388278
gdp,JPN,1983-07-01,-0.396285
gdp,JPN,1984-07-01,-0.419940
gdp,JPN,1985-07-01,-0.407178
gdp,JPN,1986-07-01,-0.404576
gdp,JPN,1987-07-01,-0.388199
gdp,JPN,1988-07-01,-0.358554
gdp,JPN,1989-07-01,-0.341734
gdp,JPN,1990-07-01,-0.304672
gdp,JPN,1991-07-01,-0.260550
gdp,JPN,1992-07-01,-0.276567
gdp,JPN,1993-07-01,-0.298960
gdp,JPN,1994-07-01,-0.319107
gdp,JPN,1995-07-01,-0.312885
gdp,JPN,1996-07-01,-0.310262
gdp,JPN,1997-07-01,-0.330578
gdp,JPN,1998-07-01,-0.383380
gdp,JPN,1999-07-01,-0.423977
gdp,JPN,2000-07-01,-0.425140
gdp,JPN,2001-07-01,-0.424320
gdp,JPN,2002-07-01,-0.433380
gdp,JPN,2003-07-01,-0.440790
gdp,JPN,2004-07-01,-0.448719
gdp,JPN,2005-07-01,-0.455524
gdp,JPN,2006-07-01,-0.458635
gdp,JPN,2007-07-01,-0.452978
gdp,JPN,2008-07-01,-0.456874
gdp,JPN,2009-07-01,-0.483074
gdp,JPN,2010-07-01,-0.460855
gdp,JPN,2011-07-01,-0.468607
gdp,JPN,2012-07-01,-0.465305
gdp,JPN,2013-07-01,-0.457478
gdp,JPN,2014-07-01,-0.464097
gdp,JPN,2015-07-01,-0.466247
gdp,JPN,2016-07-01,-0.468885
gdp,JPN,2017-07-01,-0.469312
gdp,JPN,2018-07-01,-0.483106
gdp,JPN,2019-07-01,-0.505150
gdp,JPN,2020-07-01,-0.520866
gdp,JPN,2021-07-01,-0.539374
gdp,JPN,2022-07-01,-0.540943
gdp,JPN,2023-07-01,-0.549582
gdp,JPN,2024-07-01,-0.565578
gdp,JPN,2025-07-01,-0.564954
gdp,KAZ,1990-07-01,-1.953605
gdp,KAZ,1991-07-01,-2.062927
gdp,KAZ,1992-07-01,-2.141255
gdp,KAZ,1993-07-01,-2.248365
gdp,KAZ,1994-07-01,-2.396831
gdp,KAZ,1995-07-01,-2.478422
gdp,KAZ,1996-07-01,-2.479856
gdp,KAZ,1997-07-01,-2.471501
gdp,KAZ,1998-07-01,-2.497923
gdp,KAZ,1999-07-01,-2.494231
gdp,KAZ,2000-07-01,-2.432501
gdp,KAZ,2001-07-01,-2.310272
gdp,KAZ,2002-07-01,-2.229560
gdp,KAZ,2003-07-01,-2.165388
gdp,KAZ,2004-07-01,-2.108728
gdp,KAZ,2005-07-01,-2.048588
gdp,KAZ,2006-07-01,-1.973213
gdp,KAZ,2007-07-01,-1.907770
gdp,KAZ,2008-07-01,-1.877340
gdp,KAZ,2009-07-01,-1.842242
gdp,KAZ,2010-07-01,-1.802888
gdp,KAZ,2011-07-01,-1.752617
gdp,KAZ,2012-07-01,-1.734354
gdp,KAZ,2013-07-01,-1.703842
gdp,KAZ,2014-07-01,-1.694353
gdp,KAZ,2015-07-01,-1.718399
gdp,KAZ,2016-07-01,-1.732968
gdp,KAZ,2017-07-01,-1.725715
gdp,KAZ,2018-07-01,-1.723845
gdp,KAZ,2019-07-01,-1.714703
gdp,KAZ,2020-07-01,-1.728991
gdp,KAZ,2021-07-01,-1.758351
gdp,KAZ,2022-07-01,-1.760720
gdp,KAZ,2023-07-01,-1.746315
gdp,KAZ,2024-07-01,-1.728300
gdp,KAZ,2025-07-01,-1.693608
gdp,KEN,1960-07-01,-3.175979
gdp,KEN,1961-07-01,-3.300377
gdp,KEN,1962-07-01,-3.292105
gdp,KEN,1963-07-01,-3.275468
gdp,KEN,1964-07-01,-3.308776
gdp,KEN,1965-07-01,-3.378239
gdp,KEN,1966-07-01,-3.332126
gdp,KEN,1967-07-01,-3.352539
gdp,KEN,1968-07-01,-3.352174
gdp,KEN,1969-07-01,-3.335579
gdp,KEN,1970-07-01,-3.412240
gdp,KEN,1971-07-01,-3.268004
gdp,KEN,1972-07-01,-3.185586
gdp,KEN,1973-07-01,-3.208194
gdp,KEN,1974-07-01,-3.187653
gdp,KEN,1975-07-01,-3.200180
gdp,KEN,1976-07-01,-3.254318
gdp,KEN,1977-07-01,-3.232334
gdp,KEN,1978-07-01,-3.243194
gdp,KEN,1979-07-01,-3.224585
gdp,KEN,1980-07-01,-3.193449
gdp,KEN,1981-07-01,-3.207406
gdp,KEN,1982-07-01,-3.200500
gdp,KEN,1983-07-01,-3.259702
gdp,KEN,1984-07-01,-3.340285
gdp,KEN,1985-07-01,-3.366594
gdp,KEN,1986-07-01,-3.357876
gdp,KEN,1987-07-01,-3.360495
gdp,KEN,1988-07-01,-3.367423
gdp,KEN,1989-07-01,-3.383275
gdp,KEN,1990-07-01,-3.384001
gdp,KEN,1991-07-01,-3.387673
gdp,KEN,1992-07-01,-3.447099
gdp,KEN,1993-07-01,-3.487221
gdp,KEN,1994-07-01,-3.517504
gdp,KEN,1995-07-01,-3.517358
gdp,KEN,1996-07-01,-3.529654
gdp,KEN,1997-07-01,-3.583715
gdp,KEN,1998-07-01,-3.611137
gdp,KEN,1999-07-01,-3.652477
gdp,KEN,2000-07-01,-3.705466
gdp,KEN,2001-07-01,-3.699340
gdp,KEN,2002-07-01,-3.732932
gdp,KEN,2003-07-01,-3.753860
gdp,KEN,2004-07-01,-3.763626
gdp,KEN,2005-07-01,-3.761985
gdp,KEN,2006-07-01,-3.747562
gdp,KEN,2007-07-01,-3.721851
gdp,KEN,2008-07-01,-3.741504
gdp,KEN,2009-07-01,-3.704311
gdp,KEN,2010-07-01,-3.673959
gdp,KEN,2011-07-01,-3.659116
gdp,KEN,2012-07-01,-3.655172
gdp,KEN,2013-07-01,-3.656010
gdp,KEN,2014-07-01,-3.647383
gdp,KEN,2015-07-01,-3.642222
gdp,KEN,2016-07-01,-3.633202
gdp,KEN,2017-07-01,-3.634632
gdp,KEN,2018-07-01,-3.623368
gdp,KEN,2019-07-01,-3.613488
gdp,KEN,2020-07-01,-3.610720
gdp,KEN,2021-07-01,-3.614691
gdp,KEN,2022-07-01,-3.605701
gdp,KEN,2023-07-01,-3.590602
gdp,KEN,2024-07-01,-3.582576
gdp,KEN,2025-07-01,-3.572747
gdp,KGZ,1986-07-01,-3.555196
gdp,KGZ,1987-07-01,-3.566777
gdp,KGZ,1988-07-01,-3.492282
gdp,KGZ,1989-07-01,-3.512288
gdp,KGZ,1990-07-01,-3.483468
gdp,KGZ,1991-07-01,-3.568146
gdp,KGZ,1992-07-01,-3.749366
gdp,KGZ,1993-07-01,-3.931567
gdp,KGZ,1994-07-01,-4.182634
gdp,KGZ,1995-07-01,-4.262983
gdp,KGZ,1996-07-01,-4.234732
gdp,KGZ,1997-07-01,-4.186245
gdp,KGZ,1998-07-01,-4.212786
gdp,KGZ,1999-07-01,-4.227032
gdp,KGZ,2000-07-01,-4.214766
gdp,KGZ,2001-07-01,-4.172021
gdp,KGZ,2002-07-01,-4.188963
gdp,KGZ,2003-07-01,-4.150484
gdp,KGZ,2004-07-01,-4.123178
gdp,KGZ,2005-07-01,-4.161244
gdp,KGZ,2006-07-01,-4.159247
gdp,KGZ,2007-07-01,-4.097140
gdp,KGZ,2008-07-01,-4.017654
gdp,KGZ,2009-07-01,-3.967575
gdp,KGZ,2010-07-01,-4.004698
gdp,KGZ,2011-07-01,-3.968882
gdp,KGZ,2012-07-01,-4.003253
gdp,KGZ,2013-07-01,-3.934934
gdp,KGZ,2014-07-01,-3.934480
gdp,KGZ,2015-07-01,-3.939972
gdp,KGZ,2016-07-01,-3.929855
gdp,KGZ,2017-07-01,-3.921943
gdp,KGZ,2018-07-01,-3.929972
gdp,KGZ,2019-07-01,-3.927775
gdp,KGZ,2020-07-01,-3.997314
gdp,KGZ,2021-07-01,-4.020194
gdp,KGZ,2022-07-01,-3.971486
gdp,KGZ,2023-07-01,-3.923578
gdp,KGZ,2024-07-01,-3.849370
gdp,KGZ,2025-07-01,-3.776946
gdp,KHM,1975-07-01,-3.561350
gdp,KHM,1976-07-01,-3.534092
gdp,KHM,1977-07-01,-3.648883
gdp,KHM,1978-07-01,-3.608125
gdp,KHM,1979-07-01,-3.741698
gdp,KHM,1980-07-01,-3.809476
gdp,KHM,1981-07-01,-3.840454
gdp,KHM,1982-07-01,-3.841072
gdp,KHM,1983-07-01,-3.869455
gdp,KHM,1984-07-01,-3.918916
gdp,KHM,1985-07-01,-3.938684
gdp,KHM,1986-07-01,-3.965425
gdp,KHM,1987-07-01,-3.837851
gdp,KHM,1988-07-01,-3.794577
gdp,KHM,1989-07-01,-3.824658
gdp,KHM,1990-07-01,-3.862200
gdp,KHM,1991-07-01,-3.816033
gdp,KHM,1992-07-01,-3.822928
gdp,KHM,1993-07-01,-3.856908
gdp,KHM,1994-07-01,-4.381774
gdp,KHM,1995-07-01,-4.382906
gdp,KHM,1996-07-01,-4.426235
gdp,KHM,1997-07-01,-4.487258
gdp,KHM,1998-07-01,-4.514945
gdp,KHM,1999-07-01,-4.447695
gdp,KHM,2000-07-01,-4.397183
gdp,KHM,2001-07-01,-4.341118
gdp,KHM,2002-07-01,-4.303359
gdp,KHM,2003-07-01,-4.239562
gdp,KHM,2004-07-01,-4.192433
gdp,KHM,2005-07-01,-4.107136
gdp,KHM,2006-07-01,-4.035868
gdp,KHM,2007-07-01,-3.962027
gdp,KHM,2008-07-01,-3.896782
gdp,KHM,2009-07-01,-3.837740
gdp,KHM,2010-07-01,-3.821913
gdp,KHM,2011-07-01,-3.774362
gdp,KHM,2012-07-01,-3.730294
gdp,KHM,2013-07-01,-3.682996
gdp,KHM,2014-07-01,-3.637821
gdp,KHM,2015-07-01,-3.603882
gdp,KHM,2016-07-01,-3.552558
gdp,KHM,2017-07-01,-3.506070
gdp,KHM,2018-07-01,-3.457753
gdp,KHM,2019-07-01,-3.414361
gdp,KHM,2020-07-01,-3.440153
gdp,KHM,2021-07-01,-3.482619
gdp,KHM,2022-07-01,-3.465137
gdp,KHM,2023-07-01,-3.449804
gdp,KHM,2024-07-01,-3.421594
gdp,KHM,2025-07-01,-3.397430
gdp,KIR,1970-07-01,-2.840372
gdp,KIR,1971-07-01,-2.902955
gdp,KIR,1972-07-01,-2.848451
gdp,KIR,1973-07-01,-2.721298
gdp,KIR,1974-07-01,-2.339565
gdp,KIR,1975-07-01,-2.271785
gdp,KIR,1976-07-01,-2.620943
gdp,KIR,1977-07-01,-2.696797
gdp,KIR,1978-07-01,-2.722827
gdp,KIR,1979-07-01,-2.871220
gdp,KIR,1980-07-01,-2.885995
gdp,KIR,1981-07-01,-2.857608
gdp,KIR,1982-07-01,-2.857016
gdp,KIR,1983-07-01,-3.011848
gdp,KIR,1984-07-01,-2.959112
gdp,KIR,1985-07-01,-3.152379
gdp,KIR,1986-07-01,-3.225378
gdp,KIR,1987-07-01,-3.261856
gdp,KIR,1988-07-01,-3.118477
gdp,KIR,1989-07-01,-3.244612
gdp,KIR,1990-07-01,-3.341065
gdp,KIR,1991-07-01,-3.404761
gdp,KIR,1992-07-01,-3.227273
gdp,KIR,1993-07-01,-3.257611
gdp,KIR,1994-07-01,-3.279457
gdp,KIR,1995-07-01,-3.281934
gdp,KIR,1996-07-01,-3.324808
gdp,KIR,1997-07-01,-3.362854
gdp,KIR,1998-07-01,-3.369374
gdp,KIR,1999-07-01,-3.461597
gdp,KIR,2000-07-01,-3.442108
gdp,KIR,2001-07-01,-3.492913
gdp,KIR,2002-07-01,-3.507258
gdp,KIR,2003-07-01,-3.562617
gdp,KIR,2004-07-01,-3.617304
gdp,KIR,2005-07-01,-3.649580
gdp,KIR,2006-07-01,-3.631255
gdp,KIR,2007-07-01,-3.631791
gdp,KIR,2008-07-01,-3.674653
gdp,KIR,2009-07-01,-3.655742
gdp,KIR,2010-07-01,-3.682484
gdp,KIR,2011-07-01,-3.675684
gdp,KIR,2012-07-01,-3.648604
gdp,KIR,2013-07-01,-3.601275
gdp,KIR,2014-07-01,-3.618668
gdp,KIR,2015-07-01,-3.545800
gdp,KIR,2016-07-01,-3.501630
gdp,KIR,2017-07-01,-3.497586
gdp,KIR,2018-07-01,-3.502210
gdp,KIR,2019-07-01,-3.504928
gdp,KIR,2020-07-01,-3.510136
gdp,KIR,2021-07-01,-3.505127
gdp,KIR,2022-07-01,-3.490882
gdp,KIR,2023-07-01,-3.496393
gdp,KIR,2024-07-01,-3.483338
gdp,KIR,2025-07-01,-3.472686
gdp,KNA,1977-07-01,-1.886990
gdp,KNA,1978-07-01,-1.888657
gdp,KNA,1979-07-01,-1.831295
gdp,KNA,1980-07-01,-1.733839
gdp,KNA,1981-07-01,-1.730181
gdp,KNA,1982-07-01,-1.693095
gdp,KNA,1983-07-01,-1.712306
gdp,KNA,1984-07-01,-1.683334
gdp,KNA,1985-07-01,-1.627590
gdp,KNA,1986-07-01,-1.543186
gdp,KNA,1987-07-01,-1.498254
gdp,KNA,1988-07-01,-1.434911
gdp,KNA,1989-07-01,-1.400751
gdp,KNA,1990-07-01,-1.352488
gdp,KNA,1991-07-01,-1.355032
gdp,KNA,1992-07-01,-1.342786
gdp,KNA,1993-07-01,-1.303799
gdp,KNA,1994-07-01,-1.292242
gdp,KNA,1995-07-01,-1.267471
gdp,KNA,1996-07-01,-1.249019
gdp,KNA,1997-07-01,-1.227247
gdp,KNA,1998-07-01,-1.277365
gdp,KNA,1999-07-01,-1.294575
gdp,KNA,2000-07-01,-1.242117
gdp,KNA,2001-07-01,-1.201802
gdp,KNA,2002-07-01,-1.201445
gdp,KNA,2003-07-01,-1.263935
gdp,KNA,2004-07-01,-1.256256
gdp,KNA,2005-07-01,-1.191034
gdp,KNA,2006-07-01,-1.180677
gdp,KNA,2007-07-01,-1.187956
gdp,KNA,2008-07-01,-1.075179
gdp,KNA,2009-07-01,-1.076678
gdp,KNA,2010-07-01,-1.093861
gdp,KNA,2011-07-01,-1.086277
gdp,KNA,2012-07-01,-1.111460
gdp,KNA,2013-07-01,-1.069924
gdp,KNA,2014-07-01,-1.014277
gdp,KNA,2015-07-01,-1.028368
gdp,KNA,2016-07-01,-0.999715
gdp,KNA,2017-07-01,-1.014327
gdp,KNA,2018-07-01,-1.016966
gdp,KNA,2019-07-01,-1.007173
gdp,KNA,2020-07-01,-1.146383
gdp,KNA,2021-07-01,-1.198557
gdp,KNA,2022-07-01,-1.116969
gdp,KNA,2023-07-01,-1.108947
gdp,KNA,2024-07-01,-1.125594
gdp,KNA,2025-07-01,-1.116907
gdp,KOR,1960-07-01,-2.906959
gdp,KOR,1961-07-01,-2.875879
gdp,KOR,1962-07-01,-2.909836
gdp,KOR,1963-07-01,-2.880085
gdp,KOR,1964-07-01,-2.858644
gdp,KOR,1965-07-01,-2.863013
gdp,KOR,1966-07-01,-2.826183
gdp,KOR,1967-07-01,-2.775771
gdp,KOR,1968-07-01,-2.711685
gdp,KOR,1969-07-01,-2.618880
gdp,KOR,1970-07-01,-2.534408
gdp,KOR,1971-07-01,-2.472660
gdp,KOR,1972-07-01,-2.461134
gdp,KOR,1973-07-01,-2.384651
gdp,KOR,1974-07-01,-2.295108
gdp,KOR,1975-07-01,-2.223683
gdp,KOR,1976-07-01,-2.158081
gdp,KOR,1977-07-01,-2.092127
gdp,KOR,1978-07-01,-2.045612
gdp,KOR,1979-07-01,-1.997153
gdp,KOR,1980-07-01,-2.015930
gdp,KOR,1981-07-01,-1.975353
gdp,KOR,1982-07-01,-1.881792
gdp,KOR,1983-07-01,-1.805869
gdp,KOR,1984-07-01,-1.778336
gdp,KOR,1985-07-01,-1.743776
gdp,KOR,1986-07-01,-1.669641
gdp,KOR,1987-07-01,-1.583254
gdp,KOR,1988-07-01,-1.510370
gdp,KOR,1989-07-01,-1.477681
gdp,KOR,1990-07-01,-1.399384
gdp,KOR,1991-07-01,-1.291602
gdp,KOR,1992-07-01,-1.261163
gdp,KOR,1993-07-01,-1.217672
gdp,KOR,1994-07-01,-1.165387
gdp,KOR,1995-07-01,-1.097125
gdp,KOR,1996-07-01,-1.055179
gdp,KOR,1997-07-01,-1.035100
gdp,KOR,1998-07-01,-1.125168
gdp,KOR,1999-07-01,-1.057660
gdp,KOR,2000-07-01,-1.006833
gdp,KOR,2001-07-01,-0.967941
gdp,KOR,2002-07-01,-0.906716
gdp,KOR,2003-07-01,-0.900593
gdp,KOR,2004-07-01,-0.882520
gdp,KOR,2005-07-01,-0.867006
gdp,KOR,2006-07-01,-0.838959
gdp,KOR,2007-07-01,-0.797565
gdp,KOR,2008-07-01,-0.767233
gdp,KOR,2009-07-01,-0.729345
gdp,KOR,2010-07-01,-0.684974
gdp,KOR,2011-07-01,-0.664046
gdp,KOR,2012-07-01,-0.658795
gdp,KOR,2013-07-01,-0.644355
gdp,KOR,2014-07-01,-0.635960
gdp,KOR,2015-07-01,-0.633499
gdp,KOR,2016-07-01,-0.616420
gdp,KOR,2017-07-01,-0.602824
gdp,KOR,2018-07-01,-0.599261
gdp,KOR,2019-07-01,-0.600225
gdp,KOR,2020-07-01,-0.583511
gdp,KOR,2021-07-01,-0.595255
gdp,KOR,2022-07-01,-0.585706
gdp,KOR,2023-07-01,-0.591470
gdp,KOR,2024-07-01,-0.590323
gdp,KOR,2025-07-01,-0.595176
gdp,KWT,1970-07-01,1.000093
gdp,KWT,1971-07-01,0.981529
gdp,KWT,1972-07-01,0.917341
gdp,KWT,1973-07-01,0.743607
gdp,KWT,1974-07-01,0.558773
gdp,KWT,1975-07-01,0.377642
gdp,KWT,1976-07-01,0.333937
gdp,KWT,1977-07-01,0.194435
gdp,KWT,1978-07-01,0.158759
gdp,KWT,1979-07-01,0.208549
gdp,KWT,1980-07-01,-0.050609
gdp,KWT,1981-07-01,-0.326590
gdp,KWT,1982-07-01,-0.472568
gdp,KWT,1983-07-01,-0.479892
gdp,KWT,1984-07-01,-0.532875
gdp,KWT,1985-07-01,-0.648050
gdp,KWT,1986-07-01,-0.631138
gdp,KWT,1987-07-01,-0.617837
gdp,KWT,1988-07-01,-0.794653
gdp,KWT,1989-07-01,-0.629049
gdp,KWT,1990-07-01,-0.665932
gdp,KWT,1991-07-01,-0.958732
gdp,KWT,1992-07-01,-0.566687
gdp,KWT,1993-07-01,-0.310540
gdp,KWT,1994-07-01,-0.252116
gdp,KWT,1995-07-01,-0.229511
gdp,KWT,1996-07-01,-0.277447
gdp,KWT,1997-07-01,-0.317143
gdp,KWT,1998-07-01,-0.344556
gdp,KWT,1999-07-01,-0.427666
gdp,KWT,2000-07-01,-0.439000
gdp,KWT,2001-07-01,-0.463439
gdp,KWT,2002-07-01,-0.466819
gdp,KWT,2003-07-01,-0.349949
gdp,KWT,2004-07-01,-0.303193
gdp,KWT,2005-07-01,-0.263560
gdp,KWT,2006-07-01,-0.264549
gdp,KWT,2007-07-01,-0.275465
gdp,KWT,2008-07-01,-0.298301
gdp,KWT,2009-07-01,-0.389730
gdp,KWT,2010-07-01,-0.483406
gdp,KWT,2011-07-01,-0.461452
gdp,KWT,2012-07-01,-0.475119
gdp,KWT,2013-07-01,-0.526978
gdp,KWT,2014-07-01,-0.583012
gdp,KWT,2015-07-01,-0.643143
gdp,KWT,2016-07-01,-0.667737
gdp,KWT,2017-07-01,-0.770305
gdp,KWT,2018-07-01,-0.806412
gdp,KWT,2019-07-01,-0.831492
gdp,KWT,2020-07-01,-0.846235
gdp,KWT,2021-07-01,-0.878786
gdp,KWT,2022-07-01,-0.883753
gdp,KWT,2023-07-01,-0.976874
gdp,KWT,2024-07-01,-1.018665
gdp,KWT,2025-07-01,-1.001324
gdp,LAC,1960-07-01,-1.769131
gdp,LAC,1961-07-01,-1.744676
gdp,LAC,1962-07-01,-1.772268
gdp,LAC,1963-07-01,-1.810950
gdp,LAC,1964-07-01,-1.805921
gdp,LAC,1965-07-01,-1.827225
gdp,LAC,1966-07-01,-1.862398
gdp,LAC,1967-07-01,-1.860409
gdp,LAC,1968-07-01,-1.851923
gdp,LAC,1969-07-01,-1.834548
gdp,LAC,1970-07-01,-1.784082
gdp,LAC,1971-07-01,-1.763840
gdp,LAC,1972-07-01,-1.757447
gdp,LAC,1973-07-01,-1.744611
gdp,LAC,1974-07-01,-1.691515
gdp,LAC,1975-07-01,-1.662324
gdp,LAC,1976-07-01,-1.674581
gdp,LAC,1977-07-01,-1.686544
gdp,LAC,1978-07-01,-1.711971
gdp,LAC,1979-07-01,-1.686464
gdp,LAC,1980-07-01,-1.636229
gdp,LAC,1981-07-01,-1.663767
gdp,LAC,1982-07-01,-1.653984
gdp,LAC,1983-07-01,-1.735559
gdp,LAC,1984-07-01,-1.779902
gdp,LAC,1985-07-01,-1.802737
gdp,LAC,1986-07-01,-1.814341
gdp,LAC,1987-07-01,-1.828065
gdp,LAC,1988-07-01,-1.874370
gdp,LAC,1989-07-01,-1.912261
gdp,LAC,1990-07-01,-1.941544
gdp,LAC,1991-07-01,-1.915463
gdp,LAC,1992-07-01,-1.932540
gdp,LAC,1993-07-01,-1.923181
gdp,LAC,1994-07-01,-1.918259
gdp,LAC,1995-07-01,-1.944613
gdp,LAC,1996-07-01,-1.949173
gdp,LAC,1997-07-01,-1.944587
gdp,LAC,1998-07-01,-1.966122
gdp,LAC,1999-07-01,-2.013641
gdp,LAC,2000-07-01,-2.021746
gdp,LAC,2001-07-01,-2.033160
gdp,LAC,2002-07-01,-2.053754
gdp,LAC,2003-07-01,-2.065013
gdp,LAC,2004-07-01,-2.051715
gdp,LAC,2005-07-01,-2.048384
gdp,LAC,2006-07-01,-2.026036
gdp,LAC,2007-07-01,-1.995574
gdp,LAC,2008-07-01,-1.961878
gdp,LAC,2009-07-01,-1.963154
gdp,LAC,2010-07-01,-1.930083
gdp,LAC,2011-07-01,-1.905354
gdp,LAC,2012-07-01,-1.906673
gdp,LAC,2013-07-01,-1.903717
gdp,LAC,2014-07-01,-1.919850
gdp,LAC,2015-07-01,-1.950108
gdp,LAC,2016-07-01,-1.979614
gdp,LAC,2017-07-01,-1.990227
gdp,LAC,2018-07-01,-2.010536
gdp,LAC,2019-07-01,-2.036955
gdp,LAC,2020-07-01,-2.089311
gdp,LAC,2021-07-01,-2.087038
gdp,LAC,2022-07-01,-2.073395
gdp,LAC,2023-07-01,-2.080072
gdp,LAC,2024-07-01,-2.085365
gdp,LAC,2025-07-01,-2.086411
gdp,LAO,1984-07-01,-4.065973
gdp,LAO,1985-07-01,-4.076196
gdp,LAO,1986-07-01,-4.081437
gdp,LAO,1987-07-01,-4.149243
gdp,LAO,1988-07-01,-4.230032
gdp,LAO,1989-07-01,-4.152605
gdp,LAO,1990-07-01,-4.123557
gdp,LAO,1991-07-01,-4.095205
gdp,LAO,1992-07-01,-4.089538
gdp,LAO,1993-07-01,-4.073187
gdp,LAO,1994-07-01,-4.048148
gdp,LAO,1995-07-01,-4.019464
gdp,LAO,1996-07-01,-4.001187
gdp,LAO,1997-07-01,-3.987051
gdp,LAO,1998-07-01,-3.998851
gdp,LAO,1999-07-01,-3.981097
gdp,LAO,2000-07-01,-3.970357
gdp,LAO,2001-07-01,-3.930533
gdp,LAO,2002-07-01,-3.896677
gdp,LAO,2003-07-01,-3.872150
gdp,LAO,2004-07-01,-3.853593
gdp,LAO,2005-07-01,-3.825043
gdp,LAO,2006-07-01,-3.776021
gdp,LAO,2007-07-01,-3.728611
gdp,LAO,2008-07-01,-3.660145
gdp,LAO,2009-07-01,-3.567897
gdp,LAO,2010-07-01,-3.518923
gdp,LAO,2011-07-01,-3.463684
gdp,LAO,2012-07-01,-3.415404
gdp,LAO,2013-07-01,-3.365667
gdp,LAO,2014-07-01,-3.323058
gdp,LAO,2015-07-01,-3.288513
gdp,LAO,2016-07-01,-3.246447
gdp,LAO,2017-07-01,-3.212847
gdp,LAO,2018-07-01,-3.191148
gdp,LAO,2019-07-01,-3.173625
gdp,LAO,2020-07-01,-3.158422
gdp,LAO,2021-07-01,-3.205996
gdp,LAO,2022-07-01,-3.212614
gdp,LAO,2023-07-01,-3.210461
gdp,LAO,2024-07-01,-3.201521
gdp,LAO,2025-07-01,-3.186501
gdp,LBN,1988-07-01,-2.265007
gdp,LBN,1989-07-01,-2.864403
gdp,LBN,1990-07-01,-2.656087
gdp,LBN,1991-07-01,-2.260169
gdp,LBN,1992-07-01,-2.149887
gdp,LBN,1993-07-01,-2.080965
gdp,LBN,1994-07-01,-2.048204
gdp,LBN,1995-07-01,-2.018364
gdp,LBN,1996-07-01,-1.955353
gdp,LBN,1997-07-01,-1.994413
gdp,LBN,1998-07-01,-2.008193
gdp,LBN,1999-07-01,-2.066294
gdp,LBN,2000-07-01,-2.099059
gdp,LBN,2001-07-01,-2.077619
gdp,LBN,2002-07-01,-2.065438
gdp,LBN,2003-07-01,-2.066450
gdp,LBN,2004-07-01,-2.046462
gdp,LBN,2005-07-01,-2.060479
gdp,LBN,2006-07-01,-2.079914
gdp,LBN,2007-07-01,-2.020602
gdp,LBN,2008-07-01,-1.942098
gdp,LBN,2009-07-01,-1.823308
gdp,LBN,2010-07-01,-1.774479
gdp,LBN,2011-07-01,-1.784240
gdp,LBN,2012-07-01,-1.800613
gdp,LBN,2013-07-01,-1.868990
gdp,LBN,2014-07-01,-1.961340
gdp,LBN,2015-07-01,-1.997356
gdp,LBN,2016-07-01,-1.968750
gdp,LBN,2017-07-01,-1.951005
gdp,LBN,2018-07-01,-1.964412
gdp,LBN,2019-07-01,-2.024244
gdp,LBN,2020-07-01,-2.223884
gdp,LBN,2021-07-01,-2.357350
gdp,LBN,2022-07-01,-2.387423
gdp,LBN,2023-07-01,-2.420789
gdp,LBN,2024-07-01,-2.517775
gdp,LBR,1960-07-01,-2.050229
gdp,LBR,1961-07-01,-2.056726
gdp,LBR,1962-07-01,-2.112002
gdp,LBR,1963-07-01,-2.143238
gdp,LBR,1964-07-01,-2.160698
gdp,LBR,1965-07-01,-2.188830
gdp,LBR,1966-07-01,-2.191460
gdp,LBR,1967-07-01,-2.165371
gdp,LBR,1968-07-01,-2.181190
gdp,LBR,1969-07-01,-2.157154
gdp,LBR,1970-07-01,-2.108762
gdp,LBR,1971-07-01,-2.105813
gdp,LBR,1972-07-01,-2.131093
gdp,LBR,1973-07-01,-2.225465
gdp,LBR,1974-07-01,-2.191124
gdp,LBR,1975-07-01,-2.241532
gdp,LBR,1976-07-01,-2.260007
gdp,LBR,1977-07-01,-2.307513
gdp,LBR,1978-07-01,-2.332898
gdp,LBR,1979-07-01,-2.350420
gdp,LBR,1980-07-01,-2.409845
gdp,LBR,1981-07-01,-2.476117
gdp,LBR,1982-07-01,-2.501894
gdp,LBR,1983-07-01,-2.586604
gdp,LBR,1984-07-01,-2.700044
gdp,LBR,1985-07-01,-2.770966
gdp,LBR,1986-07-01,-2.842579
gdp,LBR,1987-07-01,-2.907003
gdp,LBR,1988-07-01,-2.988378
gdp,LBR,1989-07-01,-3.353747
gdp,LBR,1990-07-01,-3.950864
gdp,LBR,1991-07-01,-3.961871
gdp,LBR,1992-07-01,-4.472293
gdp,LBR,1993-07-01,-4.925476
gdp,LBR,1994-07-01,-5.195717
gdp,LBR,1995-07-01,-5.262804
gdp,LBR,1996-07-01,-5.202480
gdp,LBR,1997-07-01,-4.587727
gdp,LBR,1998-07-01,-4.457220
gdp,LBR,1999-07-01,-4.350989
gdp,LBR,2000-07-01,-4.165193
gdp,LBR,2001-07-01,-4.165373
gdp,LBR,2002-07-01,-4.162023
gdp,LBR,2003-07-01,-4.547717
gdp,LBR,2004-07-01,-4.562262
gdp,LBR,2005-07-01,-4.580464
gdp,LBR,2006-07-01,-4.576816
gdp,LBR,2007-07-01,-4.545875
gdp,LBR,2008-07-01,-4.509112
gdp,LBR,2009-07-01,-4.454031
gdp,LBR,2010-07-01,-4.441915
gdp,LBR,2011-07-01,-4.409900
gdp,LBR,2012-07-01,-4.382991
gdp,LBR,2013-07-01,-4.335060
gdp,LBR,2014-07-01,-4.365858
gdp,LBR,2015-07-01,-4.407724
gdp,LBR,2016-07-01,-4.454002
gdp,LBR,2017-07-01,-4.466529
gdp,LBR,2018-07-01,-4.497954
gdp,LBR,2019-07-01,-4.563118
gdp,LBR,2020-07-01,-4.589026
gdp,LBR,2021-07-01,-4.619601
gdp,LBR,2022-07-01,-4.613314
gdp,LBR,2023-07-01,-4.610275
gdp,LBR,2024-07-01,-4.610365
gdp,LBR,2025-07-01,-4.598449
gdp,LBY,1960-07-01,-1.907963
gdp,LBY,1961-07-01,-1.860974
gdp,LBY,1962-07-01,-1.664917
gdp,LBY,1963-07-01,-1.434693
gdp,LBY,1964-07-01,-1.141849
gdp,LBY,1965-07-01,-0.971652
gdp,LBY,1966-07-01,-0.877222
gdp,LBY,1967-07-01,-0.811901
gdp,LBY,1968-07-01,-0.585496
gdp,LBY,1969-07-01,-0.514271
gdp,LBY,1970-07-01,-0.489807
gdp,LBY,1971-07-01,-0.597278
gdp,LBY,1972-07-01,-0.583599
gdp,LBY,1973-07-01,-0.648607
gdp,LBY,1974-07-01,-0.483355
gdp,LBY,1975-07-01,-0.487655
gdp,LBY,1976-07-01,-0.381161
gdp,LBY,1977-07-01,-0.388718
gdp,LBY,1978-07-01,-0.457129
gdp,LBY,1979-07-01,-0.449172
gdp,LBY,1980-07-01,-0.487423
gdp,LBY,1981-07-01,-0.771706
gdp,LBY,1982-07-01,-0.744423
gdp,LBY,1983-07-01,-0.803571
gdp,LBY,1984-07-01,-0.931106
gdp,LBY,1985-07-01,-0.915729
gdp,LBY,1986-07-01,-1.091011
gdp,LBY,1987-07-01,-1.302634
gdp,LBY,1988-07-01,-1.287239
gdp,LBY,1989-07-01,-1.268852
gdp,LBY,1990-07-01,-1.263000
gdp,LBY,1991-07-01,-1.125174
gdp,LBY,1992-07-01,-1.194315
gdp,LBY,1993-07-01,-1.266412
gdp,LBY,1994-07-01,-1.293113
gdp,LBY,1995-07-01,-1.347584
gdp,LBY,1996-07-01,-1.368149
gdp,LBY,1997-07-01,-1.364176
gdp,LBY,1998-07-01,-1.447451
gdp,LBY,1999-07-01,-1.490203
gdp,LBY,2000-07-01,-1.499442
gdp,LBY,2001-07-01,-1.535259
gdp,LBY,2002-07-01,-1.571681
gdp,LBY,2003-07-01,-1.488248
gdp,LBY,2004-07-01,-1.493758
gdp,LBY,2005-07-01,-1.427671
gdp,LBY,2006-07-01,-1.403024
gdp,LBY,2007-07-01,-1.373469
gdp,LBY,2008-07-01,-1.388008
gdp,LBY,2009-07-01,-1.418970
gdp,LBY,2010-07-01,-1.408445
gdp,LBY,2011-07-01,-2.091898
gdp,LBY,2012-07-01,-1.455362
gdp,LBY,2013-07-01,-1.687254
gdp,LBY,2014-07-01,-1.985402
gdp,LBY,2015-07-01,-2.031054
gdp,LBY,2016-07-01,-2.071490
gdp,LBY,2017-07-01,-1.823442
gdp,LBY,2018-07-01,-1.786626
gdp,LBY,2019-07-01,-1.940504
gdp,LBY,2020-07-01,-2.277794
gdp,LBY,2021-07-01,-2.099386
gdp,LBY,2022-07-01,-2.217612
gdp,LBY,2023-07-01,-2.152448
gdp,LBY,2024-07-01,-2.161838
gdp,LBY,2025-07-01,-2.062944
gdp,LCA,1977-07-01,-1.942589
gdp,LCA,1978-07-01,-1.902502
gdp,LCA,1979-07-01,-1.899927
gdp,LCA,1980-07-01,-1.925097
gdp,LCA,1981-07-01,-1.894756
gdp,LCA,1982-07-01,-1.862109
gdp,LCA,1983-07-01,-1.865097
gdp,LCA,1984-07-01,-1.872216
gdp,LCA,1985-07-01,-1.840913
gdp,LCA,1986-07-01,-1.747139
gdp,LCA,1987-07-01,-1.748711
gdp,LCA,1988-07-01,-1.663625
gdp,LCA,1989-07-01,-1.615379
gdp,LCA,1990-07-01,-1.538255
gdp,LCA,1991-07-01,-1.532050
gdp,LCA,1992-07-01,-1.491192
gdp,LCA,1993-07-01,-1.514118
gdp,LCA,1994-07-01,-1.540440
gdp,LCA,1995-07-01,-1.553455
gdp,LCA,1996-07-01,-1.564969
gdp,LCA,1997-07-01,-1.617485
gdp,LCA,1998-07-01,-1.602437
gdp,LCA,1999-07-01,-1.624378
gdp,LCA,2000-07-01,-1.664870
gdp,LCA,2001-07-01,-1.709325
gdp,LCA,2002-07-01,-1.721477
gdp,LCA,2003-07-01,-1.706918
gdp,LCA,2004-07-01,-1.672984
gdp,LCA,2005-07-01,-1.709467
gdp,LCA,2006-07-01,-1.674341
gdp,LCA,2007-07-01,-1.674588
gdp,LCA,2008-07-01,-1.624197
gdp,LCA,2009-07-01,-1.624290
gdp,LCA,2010-07-01,-1.645216
gdp,LCA,2011-07-01,-1.615678
gdp,LCA,2012-07-01,-1.635980
gdp,LCA,2013-07-01,-1.672248
gdp,LCA,2014-07-01,-1.680445
gdp,LCA,2015-07-01,-1.704872
gdp,LCA,2016-07-01,-1.685570
gdp,LCA,2017-07-01,-1.673635
gdp,LCA,2018-07-01,-1.672366
gdp,LCA,2019-07-01,-1.706703
gdp,LCA,2020-07-01,-1.944968
gdp,LCA,2021-07-01,-1.898941
gdp,LCA,2022-07-01,-1.742772
gdp,LCA,2023-07-01,-1.727949
gdp,LCA,2024-07-01,-1.701867
gdp,LCA,2025-07-01,-1.726034
gdp,LCN,1960-07-01,-1.739192
gdp,LCN,1961-07-01,-1.714502
gdp,LCN,1962-07-01,-1.741984
gdp,LCN,1963-07-01,-1.776954
gdp,LCN,1964-07-01,-1.774837
gdp,LCN,1965-07-01,-1.796954
gdp,LCN,1966-07-01,-1.828196
gdp,LCN,1967-07-01,-1.826216
gdp,LCN,1968-07-01,-1.819884
gdp,LCN,1969-07-01,-1.802144
gdp,LCN,1970-07-01,-1.753597
gdp,LCN,1971-07-01,-1.733398
gdp,LCN,1972-07-01,-1.731029
gdp,LCN,1973-07-01,-1.723873
gdp,LCN,1974-07-01,-1.674126
gdp,LCN,1975-07-01,-1.650266
gdp,LCN,1976-07-01,-1.662647
gdp,LCN,1977-07-01,-1.672598
gdp,LCN,1978-07-01,-1.695105
gdp,LCN,1979-07-01,-1.668693
gdp,LCN,1980-07-01,-1.617972
gdp,LCN,1981-07-01,-1.643512
gdp,LCN,1982-07-01,-1.638078
gdp,LCN,1983-07-01,-1.720550
gdp,LCN,1984-07-01,-1.764404
gdp,LCN,1985-07-01,-1.787128
gdp,LCN,1986-07-01,-1.797196
gdp,LCN,1987-07-01,-1.809107
gdp,LCN,1988-07-01,-1.852532
gdp,LCN,1989-07-01,-1.886238
gdp,LCN,1990-07-01,-1.914216
gdp,LCN,1991-07-01,-1.886857
gdp,LCN,1992-07-01,-1.899119
gdp,LCN,1993-07-01,-1.888808
gdp,LCN,1994-07-01,-1.883928
gdp,LCN,1995-07-01,-1.905798
gdp,LCN,1996-07-01,-1.909310
gdp,LCN,1997-07-01,-1.903531
gdp,LCN,1998-07-01,-1.922516
gdp,LCN,1999-07-01,-1.967753
gdp,LCN,2000-07-01,-1.975604
gdp,LCN,2001-07-01,-1.983847
gdp,LCN,2002-07-01,-2.002655
gdp,LCN,2003-07-01,-2.012684
gdp,LCN,2004-07-01,-1.998059
gdp,LCN,2005-07-01,-1.995052
gdp,LCN,2006-07-01,-1.973466
gdp,LCN,2007-07-01,-1.943937
gdp,LCN,2008-07-01,-1.910872
gdp,LCN,2009-07-01,-1.910505
gdp,LCN,2010-07-01,-1.879830
gdp,LCN,2011-07-01,-1.855130
gdp,LCN,2012-07-01,-1.854269
gdp,LCN,2013-07-01,-1.851227
gdp,LCN,2014-07-01,-1.866407
gdp,LCN,2015-07-01,-1.894836
gdp,LCN,2016-07-01,-1.921787
gdp,LCN,2017-07-01,-1.932767
gdp,LCN,2018-07-01,-1.952453
gdp,LCN,2019-07-01,-1.977764
gdp,LCN,2020-07-01,-2.030757
gdp,LCN,2021-07-01,-2.026291
gdp,LCN,2022-07-01,-2.011381
gdp,LCN,2023-07-01,-2.017128
gdp,LCN,2024-07-01,-2.019701
gdp,LCN,2025-07-01,-2.019543
gdp,LDC,1961-07-01,-3.405625
gdp,LDC,1962-07-01,-3.401077
gdp,LDC,1963-07-01,-3.434179
gdp,LDC,1964-07-01,-3.466219
gdp,LDC,1965-07-01,-3.504643
gdp,LDC,1966-07-01,-3.548620
gdp,LDC,1967-07-01,-3.577676
gdp,LDC,1968-07-01,-3.590542
gdp,LDC,1969-07-01,-3.604598
gdp,LDC,1970-07-01,-3.626461
gdp,LDC,1971-07-01,-3.652230
gdp,LDC,1972-07-01,-3.730729
gdp,LDC,1973-07-01,-3.780011
gdp,LDC,1974-07-01,-3.737069
gdp,LDC,1975-07-01,-3.744837
gdp,LDC,1976-07-01,-3.773860
gdp,LDC,1977-07-01,-3.813276
gdp,LDC,1978-07-01,-3.866027
gdp,LDC,1979-07-01,-3.893936
gdp,LDC,1980-07-01,-3.885462
gdp,LDC,1981-07-01,-3.899523
gdp,LDC,1982-07-01,-3.887048
gdp,LDC,1983-07-01,-3.933315
gdp,LDC,1984-07-01,-3.997901
gdp,LDC,1985-07-01,-4.039501
gdp,LDC,1986-07-01,-4.057568
gdp,LDC,1987-07-01,-4.067227
gdp,LDC,1988-07-01,-4.095843
gdp,LDC,1989-07-01,-4.130324
gdp,LDC,1990-07-01,-4.163614
gdp,LDC,1991-07-01,-4.155552
gdp,LDC,1992-07-01,-4.200217
gdp,LDC,1993-07-01,-4.247730
gdp,LDC,1994-07-01,-4.295437
gdp,LDC,1995-07-01,-4.280244
gdp,LDC,1996-07-01,-4.277147
gdp,LDC,1997-07-01,-4.282298
gdp,LDC,1998-07-01,-4.300372
gdp,LDC,1999-07-01,-4.321203
gdp,LDC,2000-07-01,-4.332251
gdp,LDC,2001-07-01,-4.307852
gdp,LDC,2002-07-01,-4.287528
gdp,LDC,2003-07-01,-4.281155
gdp,LDC,2004-07-01,-4.270238
gdp,LDC,2005-07-01,-4.247797
gdp,LDC,2006-07-01,-4.223288
gdp,LDC,2007-07-01,-4.186767
gdp,LDC,2008-07-01,-4.139153
gdp,LDC,2009-07-01,-4.086433
gdp,LDC,2010-07-01,-4.066136
gdp,LDC,2011-07-01,-4.067216
gdp,LDC,2012-07-01,-4.073134
gdp,LDC,2013-07-01,-4.051352
gdp,LDC,2014-07-01,-4.039896
gdp,LDC,2015-07-01,-4.057131
gdp,LDC,2016-07-01,-4.053497
gdp,LDC,2017-07-01,-4.050392
gdp,LDC,2018-07-01,-4.051856
gdp,LDC,2019-07-01,-4.048894
gdp,LDC,2020-07-01,-4.049499
gdp,LDC,2021-07-01,-4.103702
gdp,LDC,2022-07-01,-4.099464
gdp,LDC,2023-07-01,-4.112939
gdp,LDC,2024-07-01,-4.115846
gdp,LDC,2025-07-01,-4.112812
gdp,LIC,1967-07-01,-3.594659
gdp,LIC,1968-07-01,-3.624253
gdp,LIC,1969-07-01,-3.616405
gdp,LIC,1970-07-01,-3.604819
gdp,LIC,1971-07-01,-3.604505
gdp,LIC,1972-07-01,-3.654199
gdp,LIC,1973-07-01,-3.711438
gdp,LIC,1974-07-01,-3.667714
gdp,LIC,1975-07-01,-3.655992
gdp,LIC,1976-07-01,-3.692432
gdp,LIC,1977-07-01,-3.725867
gdp,LIC,1978-07-01,-3.799677
gdp,LIC,1979-07-01,-3.841470
gdp,LIC,1980-07-01,-3.827235
gdp,LIC,1981-07-01,-3.832703
gdp,LIC,1982-07-01,-3.817104
gdp,LIC,1983-07-01,-3.864183
gdp,LIC,1984-07-01,-3.961148
gdp,LIC,1985-07-01,-4.013482
gdp,LIC,1986-07-01,-4.039799
gdp,LIC,1987-07-01,-4.042228
gdp,LIC,1988-07-01,-4.065555
gdp,LIC,1989-07-01,-4.120634
gdp,LIC,1990-07-01,-4.184140
gdp,LIC,1991-07-01,-4.181711
gdp,LIC,1992-07-01,-4.233712
gdp,LIC,1993-07-01,-4.267953
gdp,LIC,1994-07-01,-4.309424
gdp,LIC,1995-07-01,-4.305333
gdp,LIC,1996-07-01,-4.305515
gdp,LIC,1997-07-01,-4.307987
gdp,LIC,1998-07-01,-4.327498
gdp,LIC,1999-07-01,-4.365830
gdp,LIC,2000-07-01,-4.390503
gdp,LIC,2001-07-01,-4.371201
gdp,LIC,2002-07-01,-4.355825
gdp,LIC,2003-07-01,-4.361617
gdp,LIC,2004-07-01,-4.356582
gdp,LIC,2005-07-01,-4.345930
gdp,LIC,2006-07-01,-4.337430
gdp,LIC,2007-07-01,-4.316664
gdp,LIC,2008-07-01,-4.283082
gdp,LIC,2009-07-01,-4.239740
gdp,LIC,2010-07-01,-4.217202
gdp,LIC,2011-07-01,-4.249235
gdp,LIC,2012-07-01,-4.322948
gdp,LIC,2013-07-01,-4.321463
gdp,LIC,2014-07-01,-4.325881
gdp,LIC,2015-07-01,-4.376108
gdp,LIC,2016-07-01,-4.394668
gdp,LIC,2017-07-01,-4.407979
gdp,LIC,2018-07-01,-4.424804
gdp,LIC,2019-07-01,-4.434842
gdp,LIC,2020-07-01,-4.435197
gdp,LIC,2021-07-01,-4.500342
gdp,LIC,2022-07-01,-4.509329
gdp,LIC,2023-07-01,-4.544971
gdp,LIC,2024-07-01,-4.556546
gdp,LIC,2025-07-01,-4.547570
gdp,LIE,2015-07-01,1.078707
gdp,LKA,1961-07-01,-3.366731
gdp,LKA,1962-07-01,-3.397481
gdp,LKA,1963-07-01,-3.425763
gdp,LKA,1964-07-01,-3.454482
gdp,LKA,1965-07-01,-3.503402
gdp,LKA,1966-07-01,-3.529971
gdp,LKA,1967-07-01,-3.505525
gdp,LKA,1968-07-01,-3.510072
gdp,LKA,1969-07-01,-3.479885
gdp,LKA,1970-07-01,-3.455144
gdp,LKA,1971-07-01,-3.483235
gdp,LKA,1972-07-01,-3.548155
gdp,LKA,1973-07-01,-3.544796
gdp,LKA,1974-07-01,-3.511070
gdp,LKA,1975-07-01,-3.457812
gdp,LKA,1976-07-01,-3.486105
gdp,LKA,1977-07-01,-3.489647
gdp,LKA,1978-07-01,-3.496318
gdp,LKA,1979-07-01,-3.473039
gdp,LKA,1980-07-01,-3.422296
gdp,LKA,1981-07-01,-3.398905
gdp,LKA,1982-07-01,-3.342915
gdp,LKA,1983-07-01,-3.338238
gdp,LKA,1984-07-01,-3.353154
gdp,LKA,1985-07-01,-3.342961
gdp,LKA,1986-07-01,-3.337091
gdp,LKA,1987-07-01,-3.356718
gdp,LKA,1988-07-01,-3.374263
gdp,LKA,1989-07-01,-3.388664
gdp,LKA,1990-07-01,-3.340390
gdp,LKA,1991-07-01,-3.288458
gdp,LKA,1992-07-01,-3.282041
gdp,LKA,1993-07-01,-3.246255
gdp,LKA,1994-07-01,-3.233572
gdp,LKA,1995-07-01,-3.211163
gdp,LKA,1996-07-01,-3.218493
gdp,LKA,1997-07-01,-3.206863
gdp,LKA,1998-07-01,-3.212028
gdp,LKA,1999-07-01,-3.223791
gdp,LKA,2000-07-01,-3.212579
gdp,LKA,2001-07-01,-3.243570
gdp,LKA,2002-07-01,-3.222697
gdp,LKA,2003-07-01,-3.191302
gdp,LKA,2004-07-01,-3.173581
gdp,LKA,2005-07-01,-3.144456
gdp,LKA,2006-07-01,-3.095093
gdp,LKA,2007-07-01,-3.046526
gdp,LKA,2008-07-01,-2.987060
gdp,LKA,2009-07-01,-2.923554
gdp,LKA,2010-07-01,-2.870470
gdp,LKA,2011-07-01,-2.801134
gdp,LKA,2012-07-01,-2.740592
gdp,LKA,2013-07-01,-2.686268
gdp,LKA,2014-07-01,-2.650737
gdp,LKA,2015-07-01,-2.639787
gdp,LKA,2016-07-01,-2.611993
gdp,LKA,2017-07-01,-2.578177
gdp,LKA,2018-07-01,-2.588772
gdp,LKA,2019-07-01,-2.617457
gdp,LKA,2020-07-01,-2.644993
gdp,LKA,2021-07-01,-2.672663
gdp,LKA,2022-07-01,-2.769359
gdp,LKA,2023-07-01,-2.804039
gdp,LKA,2024-07-01,-2.767763
gdp,LKA,2025-07-01,-2.728248
gdp,LMC,1960-07-01,-3.522133
gdp,LMC,1961-07-01,-3.522541
gdp,LMC,1962-07-01,-3.550741
gdp,LMC,1963-07-01,-3.546646
gdp,LMC,1964-07-01,-3.543414
gdp,LMC,1965-07-01,-3.597526
gdp,LMC,1966-07-01,-3.661723
gdp,LMC,1967-07-01,-3.685882
gdp,LMC,1968-07-01,-3.706603
gdp,LMC,1969-07-01,-3.678336
gdp,LMC,1970-07-01,-3.619219
gdp,LMC,1971-07-01,-3.618117
gdp,LMC,1972-07-01,-3.668233
gdp,LMC,1973-07-01,-3.695458
gdp,LMC,1974-07-01,-3.658788
gdp,LMC,1975-07-01,-3.639853
gdp,LMC,1976-07-01,-3.655128
gdp,LMC,1977-07-01,-3.659259
gdp,LMC,1978-07-01,-3.693478
gdp,LMC,1979-07-01,-3.730719
gdp,LMC,1980-07-01,-3.701994
gdp,LMC,1981-07-01,-3.729844
gdp,LMC,1982-07-01,-3.708119
gdp,LMC,1983-07-01,-3.755606
gdp,LMC,1984-07-01,-3.804840
gdp,LMC,1985-07-01,-3.815217
gdp,LMC,1986-07-01,-3.825699
gdp,LMC,1987-07-01,-3.839480
gdp,LMC,1988-07-01,-3.829015
gdp,LMC,1989-07-01,-3.856370
gdp,LMC,1990-07-01,-3.836637
gdp,LMC,1991-07-01,-3.819856
gdp,LMC,1992-07-01,-3.826724
gdp,LMC,1993-07-01,-3.845207
gdp,LMC,1994-07-01,-3.861107
gdp,LMC,1995-07-01,-3.849431
gdp,LMC,1996-07-01,-3.837626
gdp,LMC,1997-07-01,-3.852306
gdp,LMC,1998-07-01,-3.859920
gdp,LMC,1999-07-01,-3.866599
gdp,LMC,2000-07-01,-3.876613
gdp,LMC,2001-07-01,-3.853484
gdp,LMC,2002-07-01,-3.842465
gdp,LMC,2003-07-01,-3.827625
gdp,LMC,2004-07-01,-3.802491
gdp,LMC,2005-07-01,-3.779206
gdp,LMC,2006-07-01,-3.745600
gdp,LMC,2007-07-01,-3.706459
gdp,LMC,2008-07-01,-3.671202
gdp,LMC,2009-07-01,-3.595619
gdp,LMC,2010-07-01,-3.567542
gdp,LMC,2011-07-01,-3.546502
gdp,LMC,2012-07-01,-3.528629
gdp,LMC,2013-07-01,-3.504534
gdp,LMC,2014-07-01,-3.481104
gdp,LMC,2015-07-01,-3.463407
gdp,LMC,2016-07-01,-3.439648
gdp,LMC,2017-07-01,-3.424552
gdp,LMC,2018-07-01,-3.413963
gdp,LMC,2019-07-01,-3.414427
gdp,LMC,2020-07-01,-3.445889
gdp,LMC,2021-07-01,-3.451003
gdp,LMC,2022-07-01,-3.421920
gdp,LMC,2023-07-01,-3.404124
gdp,LMC,2024-07-01,-3.382720
gdp,LMC,2025-07-01,-3.353923
gdp,LMY,1960-07-01,-3.151203
gdp,LMY,1961-07-01,-3.161225
gdp,LMY,1962-07-01,-3.188774
gdp,LMY,1963-07-01,-3.195767
gdp,LMY,1964-07-01,-3.186605
gdp,LMY,1965-07-01,-3.202008
gdp,LMY,1966-07-01,-3.231326
gdp,LMY,1967-07-01,-3.238482
gdp,LMY,1968-07-01,-3.240916
gdp,LMY,1969-07-01,-3.209768
gdp,LMY,1970-07-01,-3.149028
gdp,LMY,1971-07-01,-3.134556
gdp,LMY,1972-07-01,-3.140195
gdp,LMY,1973-07-01,-3.142894
gdp,LMY,1974-07-01,-3.093566
gdp,LMY,1975-07-01,-3.062314
gdp,LMY,1976-07-01,-3.066075
gdp,LMY,1977-07-01,-3.077198
gdp,LMY,1978-07-01,-3.105497
gdp,LMY,1979-07-01,-3.102505
gdp,LMY,1980-07-01,-3.066526
gdp,LMY,1981-07-01,-3.084111
gdp,LMY,1982-07-01,-3.049751
gdp,LMY,1983-07-01,-3.092602
gdp,LMY,1984-07-01,-3.129366
gdp,LMY,1985-07-01,-3.139313
gdp,LMY,1986-07-01,-3.148767
gdp,LMY,1987-07-01,-3.149475
gdp,LMY,1988-07-01,-3.161707
gdp,LMY,1989-07-01,-3.181144
gdp,LMY,1990-07-01,-3.177990
gdp,LMY,1991-07-01,-3.153938
gdp,LMY,1992-07-01,-3.151819
gdp,LMY,1993-07-01,-3.135753
gdp,LMY,1994-07-01,-3.131378
gdp,LMY,1995-07-01,-3.118396
gdp,LMY,1996-07-01,-3.101035
gdp,LMY,1997-07-01,-3.094290
gdp,LMY,1998-07-01,-3.110827
gdp,LMY,1999-07-01,-3.127027
gdp,LMY,2000-07-01,-3.117667
gdp,LMY,2001-07-01,-3.096765
gdp,LMY,2002-07-01,-3.073698
gdp,LMY,2003-07-01,-3.051064
gdp,LMY,2004-07-01,-3.019473
gdp,LMY,2005-07-01,-2.987658
gdp,LMY,2006-07-01,-2.940663
gdp,LMY,2007-07-01,-2.880273
gdp,LMY,2008-07-01,-2.828237
gdp,LMY,2009-07-01,-2.768451
gdp,LMY,2010-07-01,-2.722653
gdp,LMY,2011-07-01,-2.682764
gdp,LMY,2012-07-01,-2.658020
gdp,LMY,2013-07-01,-2.630581
gdp,LMY,2014-07-01,-2.611007
gdp,LMY,2015-07-01,-2.599677
gdp,LMY,2016-07-01,-2.577315
gdp,LMY,2017-07-01,-2.556206
gdp,LMY,2018-07-01,-2.543945
gdp,LMY,2019-07-01,-2.536186
gdp,LMY,2020-07-01,-2.534004
gdp,LMY,2021-07-01,-2.531393
gdp,LMY,2022-07-01,-2.520899
gdp,LMY,2023-07-01,-2.505827
gdp,LMY,2024-07-01,-2.490675
gdp,LMY,2025-07-01,-2.472672
gdp,LSO,1960-07-01,-4.280583
gdp,LSO,1961-07-01,-4.298129
gdp,LSO,1962-07-01,-4.229165
gdp,LSO,1963-07-01,-4.186635
gdp,LSO,1964-07-01,-4.179283
gdp,LSO,1965-07-01,-4.236794
gdp,LSO,1966-07-01,-4.324291
gdp,LSO,1967-07-01,-4.270294
gdp,LSO,1968-07-01,-4.347525
gdp,LSO,1969-07-01,-4.389275
gdp,LSO,1970-07-01,-4.394281
gdp,LSO,1971-07-01,-4.399794
gdp,LSO,1972-07-01,-4.477515
gdp,LSO,1973-07-01,-4.323275
gdp,LSO,1974-07-01,-4.239006
gdp,LSO,1975-07-01,-4.406826
gdp,LSO,1976-07-01,-4.377085
gdp,LSO,1977-07-01,-4.243853
gdp,LSO,1978-07-01,-4.147420
gdp,LSO,1979-07-01,-4.167934
gdp,LSO,1980-07-01,-4.212707
gdp,LSO,1981-07-01,-4.250143
gdp,LSO,1982-07-01,-4.207844
gdp,LSO,1983-07-01,-4.252732
gdp,LSO,1984-07-01,-4.288704
gdp,LSO,1985-07-01,-4.323267
gdp,LSO,1986-07-01,-4.327665
gdp,LSO,1987-07-01,-4.367531
gdp,LSO,1988-07-01,-4.338026
gdp,LSO,1989-07-01,-4.328563
gdp,LSO,1990-07-01,-4.296366
gdp,LSO,1991-07-01,-4.232472
gdp,LSO,1992-07-01,-4.202601
gdp,LSO,1993-07-01,-4.197174
gdp,LSO,1994-07-01,-4.179866
gdp,LSO,1995-07-01,-4.174303
gdp,LSO,1996-07-01,-4.155937
gdp,LSO,1997-07-01,-4.158976
gdp,LSO,1998-07-01,-4.180891
gdp,LSO,1999-07-01,-4.214024
gdp,LSO,2000-07-01,-4.205178
gdp,LSO,2001-07-01,-4.168266
gdp,LSO,2002-07-01,-4.165547
gdp,LSO,2003-07-01,-4.135101
gdp,LSO,2004-07-01,-4.139778
gdp,LSO,2005-07-01,-4.121528
gdp,LSO,2006-07-01,-4.093809
gdp,LSO,2007-07-01,-4.067322
gdp,LSO,2008-07-01,-4.012008
gdp,LSO,2009-07-01,-3.997022
gdp,LSO,2010-07-01,-3.971529
gdp,LSO,2011-07-01,-3.942854
gdp,LSO,2012-07-01,-3.906139
gdp,LSO,2013-07-01,-3.912593
gdp,LSO,2014-07-01,-3.924000
gdp,LSO,2015-07-01,-3.926009
gdp,LSO,2016-07-01,-3.912920
gdp,LSO,2017-07-01,-3.974604
gdp,LSO,2018-07-01,-4.025097
gdp,LSO,2019-07-01,-4.071484
gdp,LSO,2020-07-01,-4.143287
gdp,LSO,2021-07-01,-4.190482
gdp,LSO,2022-07-01,-4.196925
gdp,LSO,2023-07-01,-4.211852
gdp,LSO,2024-07-01,-4.190034
gdp,LSO,2025-07-01,-4.197581
gdp,LTE,1960-07-01,-3.062210
gdp,LTE,1961-07-01,-3.108078
gdp,LTE,1962-07-01,-3.135521
gdp,LTE,1963-07-01,-3.146543
gdp,LTE,1964-07-01,-3.141644
gdp,LTE,1965-07-01,-3.148805
gdp,LTE,1966-07-01,-3.149946
gdp,LTE,1967-07-01,-3.168924
gdp,LTE,1968-07-01,-3.178103
gdp,LTE,1969-07-01,-3.127248
gdp,LTE,1970-07-01,-3.038288
gdp,LTE,1971-07-01,-2.999763
gdp,LTE,1972-07-01,-2.986065
gdp,LTE,1973-07-01,-2.958336
gdp,LTE,1974-07-01,-2.914534
gdp,LTE,1975-07-01,-2.877375
gdp,LTE,1976-07-01,-2.872504
gdp,LTE,1977-07-01,-2.861305
gdp,LTE,1978-07-01,-2.854859
gdp,LTE,1979-07-01,-2.814729
gdp,LTE,1980-07-01,-2.746216
gdp,LTE,1981-07-01,-2.774185
gdp,LTE,1982-07-01,-2.742516
gdp,LTE,1983-07-01,-2.775605
gdp,LTE,1984-07-01,-2.775715
gdp,LTE,1985-07-01,-2.752229
gdp,LTE,1986-07-01,-2.735731
gdp,LTE,1987-07-01,-2.713795
gdp,LTE,1988-07-01,-2.710963
gdp,LTE,1989-07-01,-2.706169
gdp,LTE,1990-07-01,-2.724667
gdp,LTE,1991-07-01,-2.717799
gdp,LTE,1992-07-01,-2.742312
gdp,LTE,1993-07-01,-2.724911
gdp,LTE,1994-07-01,-2.719179
gdp,LTE,1995-07-01,-2.688790
gdp,LTE,1996-07-01,-2.674270
gdp,LTE,1997-07-01,-2.660450
gdp,LTE,1998-07-01,-2.673608
gdp,LTE,1999-07-01,-2.671952
gdp,LTE,2000-07-01,-2.640734
gdp,LTE,2001-07-01,-2.596986
gdp,LTE,2002-07-01,-2.552612
gdp,LTE,2003-07-01,-2.511581
gdp,LTE,2004-07-01,-2.467550
gdp,LTE,2005-07-01,-2.423783
gdp,LTE,2006-07-01,-2.359093
gdp,LTE,2007-07-01,-2.278705
gdp,LTE,2008-07-01,-2.209613
gdp,LTE,2009-07-01,-2.144153
gdp,LTE,2010-07-01,-2.090818
gdp,LTE,2011-07-01,-2.035422
gdp,LTE,2012-07-01,-2.000218
gdp,LTE,2013-07-01,-1.965914
gdp,LTE,2014-07-01,-1.938644
gdp,LTE,2015-07-01,-1.920347
gdp,LTE,2016-07-01,-1.893487
gdp,LTE,2017-07-01,-1.866148
gdp,LTE,2018-07-01,-1.841998
gdp,LTE,2019-07-01,-1.820528
gdp,LTE,2020-07-01,-1.796204
gdp,LTE,2021-07-01,-1.782853
gdp,LTE,2022-07-01,-1.771302
gdp,LTE,2023-07-01,-1.749699
gdp,LTE,2024-07-01,-1.724495
gdp,LTE,2025-07-01,-1.697749
gdp,LTU,1990-07-01,-1.548413
gdp,LTU,1991-07-01,-1.594099
gdp,LTU,1992-07-01,-1.852768
gdp,LTU,1993-07-01,-2.039045
gdp,LTU,1994-07-01,-2.162106
gdp,LTU,1995-07-01,-2.136620
gdp,LTU,1996-07-01,-2.105369
gdp,LTU,1997-07-01,-2.049721
gdp,LTU,1998-07-01,-2.002699
gdp,LTU,1999-07-01,-2.041925
gdp,LTU,2000-07-01,-2.030115
gdp,LTU,2001-07-01,-1.958662
gdp,LTU,2002-07-01,-1.893180
gdp,LTU,2003-07-01,-1.803720
gdp,LTU,2004-07-01,-1.757998
gdp,LTU,2005-07-01,-1.692268
gdp,LTU,2006-07-01,-1.622778
gdp,LTU,2007-07-01,-1.516167
gdp,LTU,2008-07-01,-1.471896
gdp,LTU,2009-07-01,-1.586545
gdp,LTU,2010-07-01,-1.579447
gdp,LTU,2011-07-01,-1.503144
gdp,LTU,2012-07-01,-1.461942
gdp,LTU,2013-07-01,-1.426288
gdp,LTU,2014-07-01,-1.398085
gdp,LTU,2015-07-01,-1.382261
gdp,LTU,2016-07-01,-1.354394
gdp,LTU,2017-07-01,-1.314526
gdp,LTU,2018-07-01,-1.281603
gdp,LTU,2019-07-01,-1.253368
gdp,LTU,2020-07-01,-1.227565
gdp,LTU,2021-07-01,-1.222999
gdp,LTU,2022-07-01,-1.226128
gdp,LTU,2023-07-01,-1.253464
gdp,LTU,2024-07-01,-1.247356
gdp,LTU,2025-07-01,-1.234904
gdp,LUX,1960-07-01,0.383294
gdp,LUX,1961-07-01,0.405601
gdp,LUX,1962-07-01,0.363015
gdp,LUX,1963-07-01,0.357770
gdp,LUX,1964-07-01,0.379799
gdp,LUX,1965-07-01,0.311513
gdp,LUX,1966-07-01,0.263886
gdp,LUX,1967-07-01,0.248958
gdp,LUX,1968-07-01,0.250498
gdp,LUX,1969-07-01,0.319903
gdp,LUX,1970-07-01,0.341897
gdp,LUX,1971-07-01,0.338930
gdp,LUX,1972-07-01,0.350181
gdp,LUX,1973-07-01,0.373610
gdp,LUX,1974-07-01,0.416388
gdp,LUX,1975-07-01,0.349409
gdp,LUX,1976-07-01,0.326510
gdp,LUX,1977-07-01,0.305203
gdp,LUX,1978-07-01,0.300071
gdp,LUX,1979-07-01,0.300781
gdp,LUX,1980-07-01,0.317761
gdp,LUX,1981-07-01,0.294043
gdp,LUX,1982-07-01,0.332199
gdp,LUX,1983-07-01,0.325712
gdp,LUX,1984-07-01,0.323507
gdp,LUX,1985-07-01,0.317120
gdp,LUX,1986-07-01,0.382999
gdp,LUX,1987-07-01,0.390242
gdp,LUX,1988-07-01,0.432387
gdp,LUX,1989-07-01,0.489513
gdp,LUX,1990-07-01,0.521441
gdp,LUX,1991-07-01,0.605398
gdp,LUX,1992-07-01,0.589398
gdp,LUX,1993-07-01,0.603163
gdp,LUX,1994-07-01,0.599805
gdp,LUX,1995-07-01,0.585395
gdp,LUX,1996-07-01,0.560268
gdp,LUX,1997-07-01,0.569042
gdp,LUX,1998-07-01,0.589014
gdp,LUX,1999-07-01,0.618809
gdp,LUX,2000-07-01,0.643609
gdp,LUX,2001-07-01,0.662371
gdp,LUX,2002-07-01,0.676055
gdp,LUX,2003-07-01,0.670781
gdp,LUX,2004-07-01,0.669503
gdp,LUX,2005-07-01,0.653699
gdp,LUX,2006-07-01,0.678352
gdp,LUX,2007-07-01,0.730451
gdp,LUX,2008-07-01,0.717872
gdp,LUX,2009-07-01,0.701298
gdp,LUX,2010-07-01,0.701824
gdp,LUX,2011-07-01,0.682387
gdp,LUX,2012-07-01,0.660085
gdp,LUX,2013-07-01,0.654806
gdp,LUX,2014-07-01,0.640164
gdp,LUX,2015-07-01,0.617944
gdp,LUX,2016-07-01,0.634799
gdp,LUX,2017-07-01,0.606224
gdp,LUX,2018-07-01,0.579551
gdp,LUX,2019-07-01,0.566685
gdp,LUX,2020-07-01,0.570027
gdp,LUX,2021-07-01,0.563717
gdp,LUX,2022-07-01,0.513280
gdp,LUX,2023-07-01,0.473378
gdp,LUX,2024-07-01,0.443256
gdp,LUX,2025-07-01,0.418854
gdp,LVA,1990-07-01,-1.637548
gdp,LVA,1991-07-01,-1.752991
gdp,LVA,1992-07-01,-2.147380
gdp,LVA,1993-07-01,-2.192735
gdp,LVA,1994-07-01,-2.181570
gdp,LVA,1995-07-01,-2.191387
gdp,LVA,1996-07-01,-2.182784
gdp,LVA,1997-07-01,-2.116538
gdp,LVA,1998-07-01,-2.075863
gdp,LVA,1999-07-01,-2.075218
gdp,LVA,2000-07-01,-2.037650
gdp,LVA,2001-07-01,-1.961743
gdp,LVA,2002-07-01,-1.883849
gdp,LVA,2003-07-01,-1.812236
gdp,LVA,2004-07-01,-1.746171
gdp,LVA,2005-07-01,-1.650503
gdp,LVA,2006-07-01,-1.538484
gdp,LVA,2007-07-01,-1.441581
gdp,LVA,2008-07-01,-1.457223
gdp,LVA,2009-07-01,-1.580673
gdp,LVA,2010-07-01,-1.615294
gdp,LVA,2011-07-01,-1.574773
gdp,LVA,2012-07-01,-1.506512
gdp,LVA,2013-07-01,-1.488449
gdp,LVA,2014-07-01,-1.475263
gdp,LVA,2015-07-01,-1.450992
gdp,LVA,2016-07-01,-1.426831
gdp,LVA,2017-07-01,-1.401894
gdp,LVA,2018-07-01,-1.375278
gdp,LVA,2019-07-01,-1.381953
gdp,LVA,2020-07-01,-1.385131
gdp,LVA,2021-07-01,-1.367705
gdp,LVA,2022-07-01,-1.365322
gdp,LVA,2023-07-01,-1.397777
gdp,LVA,2024-07-01,-1.406716
gdp,LVA,2025-07-01,-1.391846
gdp,MAC,1982-07-01,-0.287340
gdp,MAC,1983-07-01,-0.283426
gdp,MAC,1984-07-01,-0.312523
gdp,MAC,1985-07-01,-0.361144
gdp,MAC,1986-07-01,-0.342822
gdp,MAC,1987-07-01,-0.270080
gdp,MAC,1988-07-01,-0.256096
gdp,MAC,1989-07-01,-0.262080
gdp,MAC,1990-07-01,-0.222545
gdp,MAC,1991-07-01,-0.220813
gdp,MAC,1992-07-01,-0.170000
gdp,MAC,1993-07-01,-0.168107
gdp,MAC,1994-07-01,-0.186478
gdp,MAC,1995-07-01,-0.199646
gdp,MAC,1996-07-01,-0.243324
gdp,MAC,1997-07-01,-0.282875
gdp,MAC,1998-07-01,-0.373773
gdp,MAC,1999-07-01,-0.444935
gdp,MAC,2000-07-01,-0.425353
gdp,MAC,2001-07-01,-0.404127
gdp,MAC,2002-07-01,-0.336724
gdp,MAC,2003-07-01,-0.257354
gdp,MAC,2004-07-01,-0.074416
gdp,MAC,2005-07-01,-0.062273
gdp,MAC,2006-07-01,-0.006666
gdp,MAC,2007-07-01,0.075097
gdp,MAC,2008-07-01,0.079476
gdp,MAC,2009-07-01,0.137843
gdp,MAC,2010-07-01,0.339946
gdp,MAC,2011-07-01,0.504905
gdp,MAC,2012-07-01,0.545672
gdp,MAC,2013-07-01,0.593279
gdp,MAC,2014-07-01,0.506596
gdp,MAC,2015-07-01,0.206701
gdp,MAC,2016-07-01,0.174665
gdp,MAC,2017-07-01,0.258187
gdp,MAC,2018-07-01,0.280406
gdp,MAC,2019-07-01,0.215443
gdp,MAC,2020-07-01,-0.564490
gdp,MAC,2021-07-01,-0.415747
gdp,MAC,2022-07-01,-0.637524
gdp,MAC,2023-07-01,-0.099055
gdp,MAC,2024-07-01,-0.053443
gdp,MAC,2025-07-01,-0.022347
gdp,MAR,1966-07-01,-3.335418
gdp,MAR,1967-07-01,-3.280779
gdp,MAR,1968-07-01,-3.250451
gdp,MAR,1969-07-01,-3.217751
gdp,MAR,1970-07-01,-3.189230
gdp,MAR,1971-07-01,-3.180804
gdp,MAR,1972-07-01,-3.222360
gdp,MAR,1973-07-01,-3.257509
gdp,MAR,1974-07-01,-3.212974
gdp,MAR,1975-07-01,-3.152138
gdp,MAR,1976-07-01,-3.116600
gdp,MAR,1977-07-01,-3.118304
gdp,MAR,1978-07-01,-3.165478
gdp,MAR,1979-07-01,-3.164954
gdp,MAR,1980-07-01,-3.143763
gdp,MAR,1981-07-01,-3.203557
gdp,MAR,1982-07-01,-3.116659
gdp,MAR,1983-07-01,-3.164677
gdp,MAR,1984-07-01,-3.188766
gdp,MAR,1985-07-01,-3.186311
gdp,MAR,1986-07-01,-3.144324
gdp,MAR,1987-07-01,-3.192576
gdp,MAR,1988-07-01,-3.131470
gdp,MAR,1989-07-01,-3.148627
gdp,MAR,1990-07-01,-3.140620
gdp,MAR,1991-07-01,-3.073827
gdp,MAR,1992-07-01,-3.132412
gdp,MAR,1993-07-01,-3.169725
gdp,MAR,1994-07-01,-3.111381
gdp,MAR,1995-07-01,-3.196933
gdp,MAR,1996-07-01,-3.121345
gdp,MAR,1997-07-01,-3.183879
gdp,MAR,1998-07-01,-3.161408
gdp,MAR,1999-07-01,-3.194764
gdp,MAR,2000-07-01,-3.212473
gdp,MAR,2001-07-01,-3.151700
gdp,MAR,2002-07-01,-3.136203
gdp,MAR,2003-07-01,-3.108320
gdp,MAR,2004-07-01,-3.105253
gdp,MAR,2005-07-01,-3.112587
gdp,MAR,2006-07-01,-3.069200
gdp,MAR,2007-07-01,-3.059404
gdp,MAR,2008-07-01,-3.009461
gdp,MAR,2009-07-01,-2.951423
gdp,MAR,2010-07-01,-2.948972
gdp,MAR,2011-07-01,-2.916720
gdp,MAR,2012-07-01,-2.914868
gdp,MAR,2013-07-01,-2.901054
gdp,MAR,2014-07-01,-2.903736
gdp,MAR,2015-07-01,-2.894196
gdp,MAR,2016-07-01,-2.911331
gdp,MAR,2017-07-01,-2.891543
gdp,MAR,2018-07-01,-2.895952
gdp,MAR,2019-07-01,-2.898309
gdp,MAR,2020-07-01,-2.958081
gdp,MAR,2021-07-01,-2.947984
gdp,MAR,2022-07-01,-2.959459
gdp,MAR,2023-07-01,-2.954604
gdp,MAR,2024-07-01,-2.945181
gdp,MAR,2025-07-01,-2.925678
gdp,MCO,1970-07-01,1.060155
gdp,MCO,1971-07-01,1.077141
gdp,MCO,1972-07-01,1.070491
gdp,MCO,1973-07-01,1.080183
gdp,MCO,1974-07-01,1.132034
gdp,MCO,1975-07-01,1.123731
gdp,MCO,1976-07-01,1.108554
gdp,MCO,1977-07-01,1.093831
gdp,MCO,1978-07-01,1.076769
gdp,MCO,1979-07-01,1.080638
gdp,MCO,1980-07-01,1.101003
gdp,MCO,1981-07-01,1.088653
gdp,MCO,1982-07-01,1.130642
gdp,MCO,1983-07-01,1.092473
gdp,MCO,1984-07-01,1.031938
gdp,MCO,1985-07-01,1.003754
gdp,MCO,1986-07-01,0.990662
gdp,MCO,1987-07-01,0.978118
gdp,MCO,1988-07-01,0.979925
gdp,MCO,1989-07-01,0.983975
gdp,MCO,1990-07-01,0.993612
gdp,MCO,1991-07-01,1.009402
gdp,MCO,1992-07-01,0.993707
gdp,MCO,1993-07-01,0.962537
gdp,MCO,1994-07-01,0.949568
gdp,MCO,1995-07-01,0.948506
gdp,MCO,1996-07-01,0.926965
gdp,MCO,1997-07-01,0.910546
gdp,MCO,1998-07-01,0.906439
gdp,MCO,1999-07-01,0.899199
gdp,MCO,2000-07-01,0.907330
gdp,MCO,2001-07-01,0.929606
gdp,MCO,2002-07-01,0.933006
gdp,MCO,2003-07-01,0.926326
gdp,MCO,2004-07-01,0.924301
gdp,MCO,2005-07-01,0.921060
gdp,MCO,2006-07-01,0.964546
gdp,MCO,2007-07-01,1.095961
gdp,MCO,2008-07-01,1.111757
gdp,MCO,2009-07-01,1.009850
gdp,MCO,2010-07-01,0.987770
gdp,MCO,2011-07-01,1.024702
gdp,MCO,2012-07-01,0.997839
gdp,MCO,2013-07-01,1.054923
gdp,MCO,2014-07-01,1.088334
gdp,MCO,2015-07-01,1.097959
gdp,MCO,2016-07-01,1.103404
gdp,MCO,2017-07-01,1.042740
gdp,MCO,2018-07-01,1.062232
gdp,MCO,2019-07-01,1.111841
gdp,MCO,2020-07-01,0.996495
gdp,MCO,2021-07-01,1.126660
gdp,MCO,2022-07-01,1.203749
gdp,MCO,2023-07-01,1.235421
gdp,MCO,2024-07-01,1.307528
gdp,MDA,1990-07-01,-2.349566
gdp,MDA,1991-07-01,-2.510699
gdp,MDA,1992-07-01,-2.875147
gdp,MDA,1993-07-01,-2.899501
gdp,MDA,1994-07-01,-3.293250
gdp,MDA,1995-07-01,-3.317355
gdp,MDA,1996-07-01,-3.401320
gdp,MDA,1997-07-01,-3.412757
gdp,MDA,1998-07-01,-3.512211
gdp,MDA,1999-07-01,-3.580194
gdp,MDA,2000-07-01,-3.586141
gdp,MDA,2001-07-01,-3.524305
gdp,MDA,2002-07-01,-3.454465
gdp,MDA,2003-07-01,-3.406714
gdp,MDA,2004-07-01,-3.361350
gdp,MDA,2005-07-01,-3.311622
gdp,MDA,2006-07-01,-3.279781
gdp,MDA,2007-07-01,-3.258235
gdp,MDA,2008-07-01,-3.172901
gdp,MDA,2009-07-01,-3.198644
gdp,MDA,2010-07-01,-3.147187
gdp,MDA,2011-07-01,-3.097656
gdp,MDA,2012-07-01,-3.118088
gdp,MDA,2013-07-01,-3.044632
gdp,MDA,2014-07-01,-3.012201
gdp,MDA,2015-07-01,-3.028969
gdp,MDA,2016-07-01,-2.982100
gdp,MDA,2017-07-01,-2.941272
gdp,MDA,2018-07-01,-2.907124
gdp,MDA,2019-07-01,-2.876573
gdp,MDA,2020-07-01,-2.926860
gdp,MDA,2021-07-01,-2.839540
gdp,MDA,2022-07-01,-2.880158
gdp,MDA,2023-07-01,-2.860616
gdp,MDA,2024-07-01,-2.853030
gdp,MDA,2025-07-01,-2.827767
gdp,MDG,1960-07-01,-3.151941
gdp,MDG,1961-07-01,-3.163919
gdp,MDG,1962-07-01,-3.211257
gdp,MDG,1963-07-01,-3.275120
gdp,MDG,1964-07-01,-3.304598
gdp,MDG,1965-07-01,-3.384648
gdp,MDG,1966-07-01,-3.441953
gdp,MDG,1967-07-01,-3.428734
gdp,MDG,1968-07-01,-3.426904
gdp,MDG,1969-07-01,-3.438992
gdp,MDG,1970-07-01,-3.406558
gdp,MDG,1971-07-01,-3.416850
gdp,MDG,1972-07-01,-3.499656
gdp,MDG,1973-07-01,-3.601319
gdp,MDG,1974-07-01,-3.596855
gdp,MDG,1975-07-01,-3.602546
gdp,MDG,1976-07-01,-3.706917
gdp,MDG,1977-07-01,-3.749000
gdp,MDG,1978-07-01,-3.849638
gdp,MDG,1979-07-01,-3.806194
gdp,MDG,1980-07-01,-3.814806
gdp,MDG,1981-07-01,-3.963054
gdp,MDG,1982-07-01,-3.984098
gdp,MDG,1983-07-01,-4.040233
gdp,MDG,1984-07-01,-4.113178
gdp,MDG,1985-07-01,-4.162707
gdp,MDG,1986-07-01,-4.196788
gdp,MDG,1987-07-01,-4.238635
gdp,MDG,1988-07-01,-4.265720
gdp,MDG,1989-07-01,-4.281484
gdp,MDG,1990-07-01,-4.287579
gdp,MDG,1991-07-01,-4.368162
gdp,MDG,1992-07-01,-4.407263
gdp,MDG,1993-07-01,-4.430943
gdp,MDG,1994-07-01,-4.489673
gdp,MDG,1995-07-01,-4.519234
gdp,MDG,1996-07-01,-4.555494
gdp,MDG,1997-07-01,-4.583247
gdp,MDG,1998-07-01,-4.609738
gdp,MDG,1999-07-01,-4.631573
gdp,MDG,2000-07-01,-4.648538
gdp,MDG,2001-07-01,-4.620867
gdp,MDG,2002-07-01,-4.790831
gdp,MDG,2003-07-01,-4.745762
gdp,MDG,2004-07-01,-4.752189
gdp,MDG,2005-07-01,-4.760045
gdp,MDG,2006-07-01,-4.754666
gdp,MDG,2007-07-01,-4.738811
gdp,MDG,2008-07-01,-4.694871
gdp,MDG,2009-07-01,-4.729963
gdp,MDG,2010-07-01,-4.771015
gdp,MDG,2011-07-01,-4.791350
gdp,MDG,2012-07-01,-4.803995
gdp,MDG,2013-07-01,-4.821840
gdp,MDG,2014-07-01,-4.832765
gdp,MDG,2015-07-01,-4.849369
gdp,MDG,2016-07-01,-4.846522
gdp,MDG,2017-07-01,-4.851328
gdp,MDG,2018-07-01,-4.869286
gdp,MDG,2019-07-01,-4.872492
gdp,MDG,2020-07-01,-4.947103
gdp,MDG,2021-07-01,-4.984928
gdp,MDG,2022-07-01,-4.988442
gdp,MDG,2023-07-01,-4.992319
gdp,MDG,2024-07-01,-4.992300
gdp,MDG,2025-07-01,-5.002853
gdp,MDV,1970-07-01,-2.805787
gdp,MDV,1971-07-01,-2.805278
gdp,MDV,1972-07-01,-2.852331
gdp,MDV,1973-07-01,-2.912017
gdp,MDV,1974-07-01,-2.871155
gdp,MDV,1975-07-01,-2.972132
gdp,MDV,1976-07-01,-3.039188
gdp,MDV,1977-07-01,-2.997126
gdp,MDV,1978-07-01,-2.930843
gdp,MDV,1979-07-01,-2.876192
gdp,MDV,1980-07-01,-2.721192
gdp,MDV,1981-07-01,-2.653309
gdp,MDV,1982-07-01,-2.684092
gdp,MDV,1983-07-01,-2.596273
gdp,MDV,1984-07-01,-2.446725
gdp,MDV,1985-07-01,-2.367242
gdp,MDV,1986-07-01,-2.337521
gdp,MDV,1987-07-01,-2.312909
gdp,MDV,1988-07-01,-2.294516
gdp,MDV,1989-07-01,-2.263945
gdp,MDV,1990-07-01,-2.146486
gdp,MDV,1991-07-01,-2.148557
gdp,MDV,1992-07-01,-2.133396
gdp,MDV,1993-07-01,-2.119511
gdp,MDV,1994-07-01,-2.096068
gdp,MDV,1995-07-01,-2.011525
gdp,MDV,1996-07-01,-1.983231
gdp,MDV,1997-07-01,-1.954289
gdp,MDV,1998-07-01,-1.932779
gdp,MDV,1999-07-01,-1.925191
gdp,MDV,2000-07-01,-1.932764
gdp,MDV,2001-07-01,-1.989307
gdp,MDV,2002-07-01,-1.943495
gdp,MDV,2003-07-01,-1.850218
gdp,MDV,2004-07-01,-1.837623
gdp,MDV,2005-07-01,-1.997682
gdp,MDV,2006-07-01,-1.827311
gdp,MDV,2007-07-01,-1.802039
gdp,MDV,2008-07-01,-1.743150
gdp,MDV,2009-07-01,-1.830748
gdp,MDV,2010-07-01,-1.818539
gdp,MDV,2011-07-01,-1.776480
gdp,MDV,2012-07-01,-1.802088
gdp,MDV,2013-07-01,-1.781740
gdp,MDV,2014-07-01,-1.756335
gdp,MDV,2015-07-01,-1.773977
gdp,MDV,2016-07-01,-1.757130
gdp,MDV,2017-07-01,-1.739357
gdp,MDV,2018-07-01,-1.712320
gdp,MDV,2019-07-01,-1.696199
gdp,MDV,2020-07-01,-2.099269
gdp,MDV,2021-07-01,-1.866457
gdp,MDV,2022-07-01,-1.771480
gdp,MDV,2023-07-01,-1.747525
gdp,MDV,2024-07-01,-1.734552
gdp,MDV,2025-07-01,-1.693063
gdp,MEA,1960-07-01,-2.502394
gdp,MEA,1961-07-01,-2.474820
gdp,MEA,1962-07-01,-2.491990
gdp,MEA,1963-07-01,-2.446954
gdp,MEA,1964-07-01,-2.425034
gdp,MEA,1965-07-01,-2.390041
gdp,MEA,1966-07-01,-2.404507
gdp,MEA,1967-07-01,-2.371872
gdp,MEA,1968-07-01,-2.321084
gdp,MEA,1969-07-01,-2.271151
gdp,MEA,1970-07-01,-2.129539
gdp,MEA,1971-07-01,-2.091422
gdp,MEA,1972-07-01,-2.032616
gdp,MEA,1973-07-01,-2.000914
gdp,MEA,1974-07-01,-1.931787
gdp,MEA,1975-07-01,-1.948409
gdp,MEA,1976-07-01,-1.892212
gdp,MEA,1977-07-01,-1.920694
gdp,MEA,1978-07-01,-1.997010
gdp,MEA,1979-07-01,-1.993575
gdp,MEA,1980-07-01,-1.998572
gdp,MEA,1981-07-01,-2.040214
gdp,MEA,1982-07-01,-2.056918
gdp,MEA,1983-07-01,-2.128476
gdp,MEA,1984-07-01,-2.220659
gdp,MEA,1985-07-01,-2.278692
gdp,MEA,1986-07-01,-2.350269
gdp,MEA,1987-07-01,-2.396604
gdp,MEA,1988-07-01,-2.436115
gdp,MEA,1989-07-01,-2.454930
gdp,MEA,1990-07-01,-2.413577
gdp,MEA,1991-07-01,-2.405452
gdp,MEA,1992-07-01,-2.394229
gdp,MEA,1993-07-01,-2.411345
gdp,MEA,1994-07-01,-2.434130
gdp,MEA,1995-07-01,-2.442154
gdp,MEA,1996-07-01,-2.442350
gdp,MEA,1997-07-01,-2.457348
gdp,MEA,1998-07-01,-2.472641
gdp,MEA,1999-07-01,-2.504250
gdp,MEA,2000-07-01,-2.494724
gdp,MEA,2001-07-01,-2.497806
gdp,MEA,2002-07-01,-2.507136
gdp,MEA,2003-07-01,-2.504077
gdp,MEA,2004-07-01,-2.479813
gdp,MEA,2005-07-01,-2.477164
gdp,MEA,2006-07-01,-2.460930
gdp,MEA,2007-07-01,-2.444087
gdp,MEA,2008-07-01,-2.416520
gdp,MEA,2009-07-01,-2.394012
gdp,MEA,2010-07-01,-2.386407
gdp,MEA,2011-07-01,-2.378852
gdp,MEA,2012-07-01,-2.373992
gdp,MEA,2013-07-01,-2.385419
gdp,MEA,2014-07-01,-2.391863
gdp,MEA,2015-07-01,-2.405251
gdp,MEA,2016-07-01,-2.389630
gdp,MEA,2017-07-01,-2.403065
gdp,MEA,2018-07-01,-2.418526
gdp,MEA,2019-07-01,-2.439970
gdp,MEA,2020-07-01,-2.469334
gdp,MEA,2021-07-01,-2.493046
gdp,MEA,2022-07-01,-2.468842
gdp,MEA,2023-07-01,-2.486447
gdp,MEA,2024-07-01,-2.500461
gdp,MEA,2025-07-01,-2.507639
gdp,MEX,1960-07-01,-1.521900
gdp,MEX,1961-07-01,-1.510515
gdp,MEX,1962-07-01,-1.540936
gdp,MEX,1963-07-01,-1.524210
gdp,MEX,1964-07-01,-1.487018
gdp,MEX,1965-07-01,-1.500981
gdp,MEX,1966-07-01,-1.526368
gdp,MEX,1967-07-01,-1.516341
gdp,MEX,1968-07-01,-1.495998
gdp,MEX,1969-07-01,-1.515442
gdp,MEX,1970-07-01,-1.474580
gdp,MEX,1971-07-01,-1.488355
gdp,MEX,1972-07-01,-1.480189
gdp,MEX,1973-07-01,-1.479741
gdp,MEX,1974-07-01,-1.438282
gdp,MEX,1975-07-01,-1.399095
gdp,MEX,1976-07-01,-1.426652
gdp,MEX,1977-07-01,-1.455507
gdp,MEX,1978-07-01,-1.439461
gdp,MEX,1979-07-01,-1.392796
gdp,MEX,1980-07-01,-1.321532
gdp,MEX,1981-07-01,-1.268617
gdp,MEX,1982-07-01,-1.263509
gdp,MEX,1983-07-01,-1.368129
gdp,MEX,1984-07-01,-1.415918
gdp,MEX,1985-07-01,-1.449584
gdp,MEX,1986-07-01,-1.534819
gdp,MEX,1987-07-01,-1.559469
gdp,MEX,1988-07-01,-1.598956
gdp,MEX,1989-07-01,-1.609246
gdp,MEX,1990-07-01,-1.584640
gdp,MEX,1991-07-01,-1.550462
gdp,MEX,1992-07-01,-1.555087
gdp,MEX,1993-07-01,-1.559306
gdp,MEX,1994-07-01,-1.561689
gdp,MEX,1995-07-01,-1.654996
gdp,MEX,1996-07-01,-1.637419
gdp,MEX,1997-07-01,-1.616198
gdp,MEX,1998-07-01,-1.604776
gdp,MEX,1999-07-01,-1.628878
gdp,MEX,2000-07-01,-1.624075
gdp,MEX,2001-07-01,-1.643036
gdp,MEX,2002-07-01,-1.667366
gdp,MEX,2003-07-01,-1.688540
gdp,MEX,2004-07-01,-1.695661
gdp,MEX,2005-07-01,-1.713260
gdp,MEX,2006-07-01,-1.697688
gdp,MEX,2007-07-01,-1.701531
gdp,MEX,2008-07-01,-1.698420
gdp,MEX,2009-07-01,-1.743191
gdp,MEX,2010-07-01,-1.727205
gdp,MEX,2011-07-01,-1.715097
gdp,MEX,2012-07-01,-1.708403
gdp,MEX,2013-07-01,-1.726282
gdp,MEX,2014-07-01,-1.730618
gdp,MEX,2015-07-01,-1.735700
gdp,MEX,2016-07-01,-1.737996
gdp,MEX,2017-07-01,-1.746155
gdp,MEX,2018-07-01,-1.759461
gdp,MEX,2019-07-01,-1.793256
gdp,MEX,2020-07-01,-1.863579
gdp,MEX,2021-07-01,-1.869656
gdp,MEX,2022-07-01,-1.859996
gdp,MEX,2023-07-01,-1.858818
gdp,MEX,2024-07-01,-1.871956
gdp,MEX,2025-07-01,-1.890778
gdp,MHL,1970-07-01,-2.515780
gdp,MHL,1971-07-01,-2.549131
gdp,MHL,1972-07-01,-2.605325
gdp,MHL,1973-07-01,-2.382861
gdp,MHL,1974-07-01,-2.254409
gdp,MHL,1975-07-01,-2.275244
gdp,MHL,1976-07-01,-2.347226
gdp,MHL,1977-07-01,-2.390588
gdp,MHL,1978-07-01,-2.410999
gdp,MHL,1979-07-01,-2.441741
gdp,MHL,1980-07-01,-2.538491
gdp,MHL,1981-07-01,-2.530955
gdp,MHL,1982-07-01,-2.498245
gdp,MHL,1983-07-01,-2.431217
gdp,MHL,1984-07-01,-2.495386
gdp,MHL,1985-07-01,-2.632442
gdp,MHL,1986-07-01,-2.477355
gdp,MHL,1987-07-01,-2.451371
gdp,MHL,1988-07-01,-2.444121
gdp,MHL,1989-07-01,-2.517255
gdp,MHL,1990-07-01,-2.521879
gdp,MHL,1991-07-01,-2.527377
gdp,MHL,1992-07-01,-2.496988
gdp,MHL,1993-07-01,-2.467703
gdp,MHL,1994-07-01,-2.450884
gdp,MHL,1995-07-01,-2.398077
gdp,MHL,1996-07-01,-2.542699
gdp,MHL,1997-07-01,-2.650672
gdp,MHL,1998-07-01,-2.698889
gdp,MHL,1999-07-01,-2.757324
gdp,MHL,2000-07-01,-2.771904
gdp,MHL,2001-07-01,-2.712702
gdp,MHL,2002-07-01,-2.690463
gdp,MHL,2003-07-01,-2.729334
gdp,MHL,2004-07-01,-2.764866
gdp,MHL,2005-07-01,-2.774357
gdp,MHL,2006-07-01,-2.792077
gdp,MHL,2007-07-01,-2.767012
gdp,MHL,2008-07-01,-2.837272
gdp,MHL,2009-07-01,-2.766194
gdp,MHL,2010-07-01,-2.730897
gdp,MHL,2011-07-01,-2.740898
gdp,MHL,2012-07-01,-2.759092
gdp,MHL,2013-07-01,-2.720644
gdp,MHL,2014-07-01,-2.732668
gdp,MHL,2015-07-01,-2.714833
gdp,MHL,2016-07-01,-2.677665
gdp,MHL,2017-07-01,-2.635008
gdp,MHL,2018-07-01,-2.577858
gdp,MHL,2019-07-01,-2.470178
gdp,MHL,2020-07-01,-2.443170
gdp,MHL,2021-07-01,-2.448079
gdp,MHL,2022-07-01,-2.442664
gdp,MHL,2023-07-01,-2.487130
gdp,MHL,2024-07-01,-2.439097
gdp,MHL,2025-07-01,-2.398383
gdp,MIC,1960-07-01,-3.130285
gdp,MIC,1961-07-01,-3.138242
gdp,MIC,1962-07-01,-3.168245
gdp,MIC,1963-07-01,-3.174081
gdp,MIC,1964-07-01,-3.162169
gdp,MIC,1965-07-01,-3.176594
gdp,MIC,1966-07-01,-3.205316
gdp,MIC,1967-07-01,-3.212051
gdp,MIC,1968-07-01,-3.213486
gdp,MIC,1969-07-01,-3.181506
gdp,MIC,1970-07-01,-3.119114
gdp,MIC,1971-07-01,-3.104141
gdp,MIC,1972-07-01,-3.108365
gdp,MIC,1973-07-01,-3.109374
gdp,MIC,1974-07-01,-3.059743
gdp,MIC,1975-07-01,-3.027779
gdp,MIC,1976-07-01,-3.030450
gdp,MIC,1977-07-01,-3.040791
gdp,MIC,1978-07-01,-3.067628
gdp,MIC,1979-07-01,-3.063210
gdp,MIC,1980-07-01,-3.026650
gdp,MIC,1981-07-01,-3.044606
gdp,MIC,1982-07-01,-3.009685
gdp,MIC,1983-07-01,-3.052185
gdp,MIC,1984-07-01,-3.087193
gdp,MIC,1985-07-01,-3.095879
gdp,MIC,1986-07-01,-3.104707
gdp,MIC,1987-07-01,-3.105116
gdp,MIC,1988-07-01,-3.116821
gdp,MIC,1989-07-01,-3.135158
gdp,MIC,1990-07-01,-3.130347
gdp,MIC,1991-07-01,-3.105459
gdp,MIC,1992-07-01,-3.101564
gdp,MIC,1993-07-01,-3.083658
gdp,MIC,1994-07-01,-3.077654
gdp,MIC,1995-07-01,-3.063840
gdp,MIC,1996-07-01,-3.045408
gdp,MIC,1997-07-01,-3.037787
gdp,MIC,1998-07-01,-3.053548
gdp,MIC,1999-07-01,-3.068535
gdp,MIC,2000-07-01,-3.057778
gdp,MIC,2001-07-01,-3.036094
gdp,MIC,2002-07-01,-3.011926
gdp,MIC,2003-07-01,-2.987703
gdp,MIC,2004-07-01,-2.954612
gdp,MIC,2005-07-01,-2.921356
gdp,MIC,2006-07-01,-2.872481
gdp,MIC,2007-07-01,-2.810184
gdp,MIC,2008-07-01,-2.756682
gdp,MIC,2009-07-01,-2.695455
gdp,MIC,2010-07-01,-2.648071
gdp,MIC,2011-07-01,-2.605664
gdp,MIC,2012-07-01,-2.578076
gdp,MIC,2013-07-01,-2.549209
gdp,MIC,2014-07-01,-2.528262
gdp,MIC,2015-07-01,-2.514871
gdp,MIC,2016-07-01,-2.490655
gdp,MIC,2017-07-01,-2.467685
gdp,MIC,2018-07-01,-2.453507
gdp,MIC,2019-07-01,-2.443867
gdp,MIC,2020-07-01,-2.439970
gdp,MIC,2021-07-01,-2.434649
gdp,MIC,2022-07-01,-2.422112
gdp,MIC,2023-07-01,-2.404466
gdp,MIC,2024-07-01,-2.387084
gdp,MIC,2025-07-01,-2.367081
gdp,MKD,1990-07-01,-2.406157
gdp,MKD,1991-07-01,-2.451668
gdp,MKD,1992-07-01,-2.528843
gdp,MKD,1993-07-01,-2.607722
gdp,MKD,1994-07-01,-2.645602
gdp,MKD,1995-07-01,-2.674335
gdp,MKD,1996-07-01,-2.694943
gdp,MKD,1997-07-01,-2.704294
gdp,MKD,1998-07-01,-2.708584
gdp,MKD,1999-07-01,-2.706178
gdp,MKD,2000-07-01,-2.695085
gdp,MKD,2001-07-01,-2.730052
gdp,MKD,2002-07-01,-2.715547
gdp,MKD,2003-07-01,-2.713812
gdp,MKD,2004-07-01,-2.693394
gdp,MKD,2005-07-01,-2.666861
gdp,MKD,2006-07-01,-2.629067
gdp,MKD,2007-07-01,-2.570961
gdp,MKD,2008-07-01,-2.503577
gdp,MKD,2009-07-01,-2.465832
gdp,MKD,2010-07-01,-2.444536
gdp,MKD,2011-07-01,-2.424423
gdp,MKD,2012-07-01,-2.439725
gdp,MKD,2013-07-01,-2.420596
gdp,MKD,2014-07-01,-2.399225
gdp,MKD,2015-07-01,-2.379765
gdp,MKD,2016-07-01,-2.358652
gdp,MKD,2017-07-01,-2.361218
gdp,MKD,2018-07-01,-2.351117
gdp,MKD,2019-07-01,-2.326324
gdp,MKD,2020-07-01,-2.338433
gdp,MKD,2021-07-01,-2.342148
gdp,MKD,2022-07-01,-2.331224
gdp,MKD,2023-07-01,-2.324561
gdp,MKD,2024-07-01,-2.311118
gdp,MKD,2025-07-01,-2.291107
gdp,MLI,1967-07-01,-3.845556
gdp,MLI,1968-07-01,-3.861294
gdp,MLI,1969-07-01,-3.895195
gdp,MLI,1970-07-01,-3.842010
gdp,MLI,1971-07-01,-3.852436
gdp,MLI,1972-07-01,-3.852605
gdp,MLI,1973-07-01,-3.929974
gdp,MLI,1974-07-01,-3.948602
gdp,MLI,1975-07-01,-3.844687
gdp,MLI,1976-07-01,-3.777877
gdp,MLI,1977-07-01,-3.769974
gdp,MLI,1978-07-01,-3.847363
gdp,MLI,1979-07-01,-3.788537
gdp,MLI,1980-07-01,-3.841423
gdp,MLI,1981-07-01,-3.855741
gdp,MLI,1982-07-01,-3.937383
gdp,MLI,1983-07-01,-4.018261
gdp,MLI,1984-07-01,-4.129427
gdp,MLI,1985-07-01,-4.057531
gdp,MLI,1986-07-01,-4.108514
gdp,MLI,1987-07-01,-4.158701
gdp,MLI,1988-07-01,-4.105386
gdp,MLI,1989-07-01,-4.115298
gdp,MLI,1990-07-01,-4.196692
gdp,MLI,1991-07-01,-4.082920
gdp,MLI,1992-07-01,-4.175745
gdp,MLI,1993-07-01,-4.167987
gdp,MLI,1994-07-01,-4.162339
gdp,MLI,1995-07-01,-4.191330
gdp,MLI,1996-07-01,-4.176570
gdp,MLI,1997-07-01,-4.190379
gdp,MLI,1998-07-01,-4.183491
gdp,MLI,1999-07-01,-4.200597
gdp,MLI,2000-07-01,-4.265954
gdp,MLI,2001-07-01,-4.148891
gdp,MLI,2002-07-01,-4.157631
gdp,MLI,2003-07-01,-4.114934
gdp,MLI,2004-07-01,-4.161149
gdp,MLI,2005-07-01,-4.193860
gdp,MLI,2006-07-01,-4.208255
gdp,MLI,2007-07-01,-4.234017
gdp,MLI,2008-07-01,-4.222815
gdp,MLI,2009-07-01,-4.167412
gdp,MLI,2010-07-01,-4.163763
gdp,MLI,2011-07-01,-4.174756
gdp,MLI,2012-07-01,-4.229387
gdp,MLI,2013-07-01,-4.239609
gdp,MLI,2014-07-01,-4.225181
gdp,MLI,2015-07-01,-4.217001
gdp,MLI,2016-07-01,-4.200529
gdp,MLI,2017-07-01,-4.197401
gdp,MLI,2018-07-01,-4.204494
gdp,MLI,2019-07-01,-4.206244
gdp,MLI,2020-07-01,-4.223060
gdp,MLI,2021-07-01,-4.281254
gdp,MLI,2022-07-01,-4.294222
gdp,MLI,2023-07-01,-4.298118
gdp,MLI,2024-07-01,-4.296529
gdp,MLI,2025-07-01,-4.287203
gdp,MLT,1970-07-01,-2.086010
gdp,MLT,1971-07-01,-2.081685
gdp,MLT,1972-07-01,-2.064631
gdp,MLT,1973-07-01,-2.068555
gdp,MLT,1974-07-01,-1.957682
gdp,MLT,1975-07-01,-1.774459
gdp,MLT,1976-07-01,-1.665375
gdp,MLT,1977-07-01,-1.589454
gdp,MLT,1978-07-01,-1.537331
gdp,MLT,1979-07-01,-1.467838
gdp,MLT,1980-07-01,-1.398034
gdp,MLT,1981-07-01,-1.388053
gdp,MLT,1982-07-01,-1.359187
gdp,MLT,1983-07-01,-1.415099
gdp,MLT,1984-07-01,-1.467136
gdp,MLT,1985-07-01,-1.491168
gdp,MLT,1986-07-01,-1.494560
gdp,MLT,1987-07-01,-1.486188
gdp,MLT,1988-07-01,-1.445450
gdp,MLT,1989-07-01,-1.403185
gdp,MLT,1990-07-01,-1.359341
gdp,MLT,1991-07-01,-1.311160
gdp,MLT,1992-07-01,-1.296384
gdp,MLT,1993-07-01,-1.276499
gdp,MLT,1994-07-01,-1.258116
gdp,MLT,1995-07-01,-1.218175
gdp,MLT,1996-07-01,-1.213062
gdp,MLT,1997-07-01,-1.200867
gdp,MLT,1998-07-01,-1.189579
gdp,MLT,1999-07-01,-1.184677
gdp,MLT,2000-07-01,-1.040307
gdp,MLT,2001-07-01,-1.055031
gdp,MLT,2002-07-01,-1.043028
gdp,MLT,2003-07-01,-1.032315
gdp,MLT,2004-07-01,-1.063467
gdp,MLT,2005-07-01,-1.066462
gdp,MLT,2006-07-01,-1.064834
gdp,MLT,2007-07-01,-1.029515
gdp,MLT,2008-07-01,-0.984537
gdp,MLT,2009-07-01,-0.971258
gdp,MLT,2010-07-01,-0.934174
gdp,MLT,2011-07-01,-0.936137
gdp,MLT,2012-07-01,-0.919581
gdp,MLT,2013-07-01,-0.883270
gdp,MLT,2014-07-01,-0.846899
gdp,MLT,2015-07-01,-0.800566
gdp,MLT,2016-07-01,-0.793659
gdp,MLT,2017-07-01,-0.716392
gdp,MLT,2018-07-01,-0.705664
gdp,MLT,2019-07-01,-0.726502
gdp,MLT,2020-07-01,-0.759284
gdp,MLT,2021-07-01,-0.697241
gdp,MLT,2022-07-01,-0.715589
gdp,MLT,2023-07-01,-0.675153
gdp,MLT,2024-07-01,-0.661538
gdp,MLT,2025-07-01,-0.657751
gdp,MMR,1960-07-01,-4.985970
gdp,MMR,1961-07-01,-5.009291
gdp,MMR,1962-07-01,-5.035071
gdp,MMR,1963-07-01,-4.960592
gdp,MMR,1964-07-01,-5.086149
gdp,MMR,1965-07-01,-5.056677
gdp,MMR,1966-07-01,-5.180521
gdp,MMR,1967-07-01,-5.278094
gdp,MMR,1968-07-01,-5.223831
gdp,MMR,1969-07-01,-5.234853
gdp,MMR,1970-07-01,-5.199382
gdp,MMR,1971-07-01,-5.201002
gdp,MMR,1972-07-01,-5.239541
gdp,MMR,1973-07-01,-5.315465
gdp,MMR,1974-07-01,-5.268369
gdp,MMR,1975-07-01,-5.235116
gdp,MMR,1976-07-01,-5.238177
gdp,MMR,1977-07-01,-5.234733
gdp,MMR,1978-07-01,-5.234356
gdp,MMR,1979-07-01,-5.223100
gdp,MMR,1980-07-01,-5.153703
gdp,MMR,1981-07-01,-5.126160
gdp,MMR,1982-07-01,-5.062174
gdp,MMR,1983-07-01,-5.074395
gdp,MMR,1984-07-01,-5.108186
gdp,MMR,1985-07-01,-5.132017
gdp,MMR,1986-07-01,-5.186166
gdp,MMR,1987-07-01,-5.269517
gdp,MMR,1988-07-01,-5.438298
gdp,MMR,1989-07-01,-5.444405
gdp,MMR,1990-07-01,-5.439263
gdp,MMR,1991-07-01,-5.445729
gdp,MMR,1992-07-01,-5.387931
gdp,MMR,1993-07-01,-5.356641
gdp,MMR,1994-07-01,-5.324992
gdp,MMR,1995-07-01,-5.285400
gdp,MMR,1996-07-01,-5.261178
gdp,MMR,1997-07-01,-5.250427
gdp,MMR,1998-07-01,-5.238101
gdp,MMR,1999-07-01,-5.181428
gdp,MMR,2000-07-01,-5.092640
gdp,MMR,2001-07-01,-4.995347
gdp,MMR,2002-07-01,-4.899407
gdp,MMR,2003-07-01,-4.798081
gdp,MMR,2004-07-01,-4.707948
gdp,MMR,2005-07-01,-4.613555
gdp,MMR,2006-07-01,-4.515770
gdp,MMR,2007-07-01,-4.419936
gdp,MMR,2008-07-01,-4.319491
gdp,MMR,2009-07-01,-4.189881
gdp,MMR,2010-07-01,-4.123484
gdp,MMR,2011-07-01,-4.084709
gdp,MMR,2012-07-01,-4.037011
gdp,MMR,2013-07-01,-3.978000
gdp,MMR,2014-07-01,-3.924733
gdp,MMR,2015-07-01,-3.886199
gdp,MMR,2016-07-01,-3.847331
gdp,MMR,2017-07-01,-3.812852
gdp,MMR,2018-07-01,-3.782664
gdp,MMR,2019-07-01,-3.746330
gdp,MMR,2020-07-01,-3.823167
gdp,MMR,2021-07-01,-4.016280
gdp,MMR,2022-07-01,-4.002836
gdp,MMR,2023-07-01,-4.020981
gdp,MMR,2024-07-01,-4.055441
gdp,MMR,2025-07-01,-4.098335
gdp,MNA,1960-07-01,-2.918928
gdp,MNA,1961-07-01,-2.913729
gdp,MNA,1962-07-01,-2.957388
gdp,MNA,1963-07-01,-2.905853
gdp,MNA,1964-07-01,-2.877871
gdp,MNA,1965-07-01,-2.838646
gdp,MNA,1966-07-01,-2.848017
gdp,MNA,1967-07-01,-2.816413
gdp,MNA,1968-07-01,-2.763913
gdp,MNA,1969-07-01,-2.707802
gdp,MNA,1970-07-01,-2.642590
gdp,MNA,1971-07-01,-2.635418
gdp,MNA,1972-07-01,-2.590682
gdp,MNA,1973-07-01,-2.610521
gdp,MNA,1974-07-01,-2.552648
gdp,MNA,1975-07-01,-2.539009
gdp,MNA,1976-07-01,-2.470454
gdp,MNA,1977-07-01,-2.518355
gdp,MNA,1978-07-01,-2.609817
gdp,MNA,1979-07-01,-2.664967
gdp,MNA,1980-07-01,-2.716878
gdp,MNA,1981-07-01,-2.777291
gdp,MNA,1982-07-01,-2.676623
gdp,MNA,1983-07-01,-2.697013
gdp,MNA,1984-07-01,-2.788080
gdp,MNA,1985-07-01,-2.808778
gdp,MNA,1986-07-01,-2.882346
gdp,MNA,1987-07-01,-2.927504
gdp,MNA,1988-07-01,-2.970940
gdp,MNA,1989-07-01,-2.999103
gdp,MNA,1990-07-01,-2.946776
gdp,MNA,1991-07-01,-2.948344
gdp,MNA,1992-07-01,-2.948071
gdp,MNA,1993-07-01,-2.973510
gdp,MNA,1994-07-01,-3.003291
gdp,MNA,1995-07-01,-3.013127
gdp,MNA,1996-07-01,-3.004466
gdp,MNA,1997-07-01,-3.025237
gdp,MNA,1998-07-01,-3.027879
gdp,MNA,1999-07-01,-3.044953
gdp,MNA,2000-07-01,-3.040163
gdp,MNA,2001-07-01,-3.033139
gdp,MNA,2002-07-01,-3.030099
gdp,MNA,2003-07-01,-3.044666
gdp,MNA,2004-07-01,-3.021627
gdp,MNA,2005-07-01,-3.021005
gdp,MNA,2006-07-01,-3.008966
gdp,MNA,2007-07-01,-2.984543
gdp,MNA,2008-07-01,-2.963770
gdp,MNA,2009-07-01,-2.923036
gdp,MNA,2010-07-01,-2.915608
gdp,MNA,2011-07-01,-2.947863
gdp,MNA,2012-07-01,-2.947613
gdp,MNA,2013-07-01,-2.968909
gdp,MNA,2014-07-01,-2.980629
gdp,MNA,2015-07-01,-3.007712
gdp,MNA,2016-07-01,-2.980126
gdp,MNA,2017-07-01,-2.980799
gdp,MNA,2018-07-01,-3.001030
gdp,MNA,2019-07-01,-3.025388
gdp,MNA,2020-07-01,-3.044356
gdp,MNA,2021-07-01,-3.077152
gdp,MNA,2022-07-01,-3.071048
gdp,MNA,2023-07-01,-3.080586
gdp,MNA,2024-07-01,-3.093325
gdp,MNA,2025-07-01,-3.106057
gdp,MNE,1997-07-01,-2.295167
gdp,MNE,1998-07-01,-2.276475
gdp,MNE,1999-07-01,-2.407743
gdp,MNE,2000-07-01,-2.404317
gdp,MNE,2001-07-01,-2.397015
gdp,MNE,2002-07-01,-2.389746
gdp,MNE,2003-07-01,-2.388191
gdp,MNE,2004-07-01,-2.375156
gdp,MNE,2005-07-01,-2.360705
gdp,MNE,2006-07-01,-2.297578
gdp,MNE,2007-07-01,-2.240346
gdp,MNE,2008-07-01,-2.167086
gdp,MNE,2009-07-01,-2.196179
gdp,MNE,2010-07-01,-2.188767
gdp,MNE,2011-07-01,-2.164316
gdp,MNE,2012-07-01,-2.205881
gdp,MNE,2013-07-01,-2.187852
gdp,MNE,2014-07-01,-2.183247
gdp,MNE,2015-07-01,-2.180833
gdp,MNE,2016-07-01,-2.158316
gdp,MNE,2017-07-01,-2.145011
gdp,MNE,2018-07-01,-2.122865
gdp,MNE,2019-07-01,-2.100726
gdp,MNE,2020-07-01,-2.237779
gdp,MNE,2021-07-01,-2.170825
gdp,MNE,2022-07-01,-2.113172
gdp,MNE,2023-07-01,-2.070996
gdp,MNE,2024-07-01,-2.057787
gdp,MNE,2025-07-01,-2.046235
gdp,MNG,1981-07-01,-3.097357
gdp,MNG,1982-07-01,-3.013602
gdp,MNG,1983-07-01,-3.016772
gdp,MNG,1984-07-01,-3.044781
gdp,MNG,1985-07-01,-3.046065
gdp,MNG,1986-07-01,-3.006662
gdp,MNG,1987-07-01,-3.023644
gdp,MNG,1988-07-01,-3.031782
gdp,MNG,1989-07-01,-3.040260
gdp,MNG,1990-07-01,-3.067945
gdp,MNG,1991-07-01,-3.175703
gdp,MNG,1992-07-01,-3.294715
gdp,MNG,1993-07-01,-3.339648
gdp,MNG,1994-07-01,-3.356910
gdp,MNG,1995-07-01,-3.325786
gdp,MNG,1996-07-01,-3.344495
gdp,MNG,1997-07-01,-3.351908
gdp,MNG,1998-07-01,-3.365144
gdp,MNG,1999-07-01,-3.384295
gdp,MNG,2000-07-01,-3.415009
gdp,MNG,2001-07-01,-3.397779
gdp,MNG,2002-07-01,-3.371971
gdp,MNG,2003-07-01,-3.335966
gdp,MNG,2004-07-01,-3.274728
gdp,MNG,2005-07-01,-3.240825
gdp,MNG,2006-07-01,-3.188604
gdp,MNG,2007-07-01,-3.114791
gdp,MNG,2008-07-01,-3.036972
gdp,MNG,2009-07-01,-3.032835
gdp,MNG,2010-07-01,-3.006760
gdp,MNG,2011-07-01,-2.872139
gdp,MNG,2012-07-01,-2.789588
gdp,MNG,2013-07-01,-2.713460
gdp,MNG,2014-07-01,-2.676397
gdp,MNG,2015-07-01,-2.695215
gdp,MNG,2016-07-01,-2.710876
gdp,MNG,2017-07-01,-2.692646
gdp,MNG,2018-07-01,-2.660068
gdp,MNG,2019-07-01,-2.644289
gdp,MNG,2020-07-01,-2.683873
gdp,MNG,2021-07-01,-2.742616
gdp,MNG,2022-07-01,-2.727420
gdp,MNG,2023-07-01,-2.690229
gdp,MNG,2024-07-01,-2.670684
gdp,MNG,2025-07-01,-2.633103
gdp,MNP,2002-07-01,-0.710332
gdp,MNP,2003-07-01,-0.705353
gdp,MNP,2004-07-01,-0.742188
gdp,MNP,2005-07-01,-0.877980
gdp,MNP,2006-07-01,-0.939811
gdp,MNP,2007-07-01,-0.990210
gdp,MNP,2008-07-01,-1.068347
gdp,MNP,2009-07-01,-1.194283
gdp,MNP,2010-07-01,-1.175997
gdp,MNP,2011-07-01,-1.251337
gdp,MNP,2012-07-01,-1.250910
gdp,MNP,2013-07-01,-1.228863
gdp,MNP,2014-07-01,-1.193847
gdp,MNP,2015-07-01,-1.168816
gdp,MNP,2016-07-01,-0.908217
gdp,MNP,2017-07-01,-0.701003
gdp,MNP,2018-07-01,-0.923440
gdp,MNP,2019-07-01,-1.045868
gdp,MNP,2020-07-01,-1.351517
gdp,MNP,2021-07-01,-1.349524
gdp,MNP,2022-07-01,-1.195449
gdp,MOZ,1980-07-01,-4.816660
gdp,MOZ,1981-07-01,-4.803367
gdp,MOZ,1982-07-01,-4.869044
gdp,MOZ,1983-07-01,-5.096384
gdp,MOZ,1984-07-01,-5.244657
gdp,MOZ,1985-07-01,-5.285436
gdp,MOZ,1986-07-01,-5.351011
gdp,MOZ,1987-07-01,-5.242949
gdp,MOZ,1988-07-01,-5.194261
gdp,MOZ,1989-07-01,-5.166175
gdp,MOZ,1990-07-01,-5.178049
gdp,MOZ,1991-07-01,-5.135001
gdp,MOZ,1992-07-01,-5.253917
gdp,MOZ,1993-07-01,-5.195712
gdp,MOZ,1994-07-01,-5.228133
gdp,MOZ,1995-07-01,-5.281523
gdp,MOZ,1996-07-01,-5.238091
gdp,MOZ,1997-07-01,-5.185250
gdp,MOZ,1998-07-01,-5.141563
gdp,MOZ,1999-07-01,-5.087629
gdp,MOZ,2000-07-01,-5.130871
gdp,MOZ,2001-07-01,-5.031838
gdp,MOZ,2002-07-01,-4.969566
gdp,MOZ,2003-07-01,-4.941493
gdp,MOZ,2004-07-01,-4.913971
gdp,MOZ,2005-07-01,-4.900918
gdp,MOZ,2006-07-01,-4.847728
gdp,MOZ,2007-07-01,-4.808143
gdp,MOZ,2008-07-01,-4.757958
gdp,MOZ,2009-07-01,-4.691400
gdp,MOZ,2010-07-01,-4.671642
gdp,MOZ,2011-07-01,-4.638191
gdp,MOZ,2012-07-01,-4.604641
gdp,MOZ,2013-07-01,-4.583292
gdp,MOZ,2014-07-01,-4.555044
gdp,MOZ,2015-07-01,-4.533779
gdp,MOZ,2016-07-01,-4.527361
gdp,MOZ,2017-07-01,-4.548555
gdp,MOZ,2018-07-01,-4.567478
gdp,MOZ,2019-07-01,-4.594320
gdp,MOZ,2020-07-01,-4.611121
gdp,MOZ,2021-07-01,-4.675331
gdp,MOZ,2022-07-01,-4.681275
gdp,MOZ,2023-07-01,-4.677929
gdp,MOZ,2024-07-01,-4.703814
gdp,MOZ,2025-07-01,-4.753685
gdp,MRT,1961-07-01,-2.717901
gdp,MRT,1962-07-01,-2.781331
gdp,MRT,1963-07-01,-2.857542
gdp,MRT,1964-07-01,-2.683766
gdp,MRT,1965-07-01,-2.612522
gdp,MRT,1966-07-01,-2.691142
gdp,MRT,1967-07-01,-2.699915
gdp,MRT,1968-07-01,-2.670033
gdp,MRT,1969-07-01,-2.708853
gdp,MRT,1970-07-01,-2.616677
gdp,MRT,1971-07-01,-2.648524
gdp,MRT,1972-07-01,-2.726503
gdp,MRT,1973-07-01,-2.848729
gdp,MRT,1974-07-01,-2.749141
gdp,MRT,1975-07-01,-2.819441
gdp,MRT,1976-07-01,-2.809733
gdp,MRT,1977-07-01,-2.892644
gdp,MRT,1978-07-01,-2.969344
gdp,MRT,1979-07-01,-2.971037
gdp,MRT,1980-07-01,-2.954121
gdp,MRT,1981-07-01,-2.964091
gdp,MRT,1982-07-01,-2.988826
gdp,MRT,1983-07-01,-3.016600
gdp,MRT,1984-07-01,-3.139408
gdp,MRT,1985-07-01,-3.170745
gdp,MRT,1986-07-01,-3.168778
gdp,MRT,1987-07-01,-3.203773
gdp,MRT,1988-07-01,-3.247444
gdp,MRT,1989-07-01,-3.252504
gdp,MRT,1990-07-01,-3.303098
gdp,MRT,1991-07-01,-3.300141
gdp,MRT,1992-07-01,-3.340590
gdp,MRT,1993-07-01,-3.337922
gdp,MRT,1994-07-01,-3.430212
gdp,MRT,1995-07-01,-3.378557
gdp,MRT,1996-07-01,-3.367171
gdp,MRT,1997-07-01,-3.462205
gdp,MRT,1998-07-01,-3.492935
gdp,MRT,1999-07-01,-3.518884
gdp,MRT,2000-07-01,-3.615527
gdp,MRT,2001-07-01,-3.647853
gdp,MRT,2002-07-01,-3.663829
gdp,MRT,2003-07-01,-3.638701
gdp,MRT,2004-07-01,-3.644457
gdp,MRT,2005-07-01,-3.611535
gdp,MRT,2006-07-01,-3.486089
gdp,MRT,2007-07-01,-3.542315
gdp,MRT,2008-07-01,-3.566056
gdp,MRT,2009-07-01,-3.561498
gdp,MRT,2010-07-01,-3.585683
gdp,MRT,2011-07-01,-3.584853
gdp,MRT,2012-07-01,-3.588413
gdp,MRT,2013-07-01,-3.592493
gdp,MRT,2014-07-01,-3.597720
gdp,MRT,2015-07-01,-3.596464
gdp,MRT,2016-07-01,-3.624088
gdp,MRT,2017-07-01,-3.610498
gdp,MRT,2018-07-01,-3.616984
gdp,MRT,2019-07-01,-3.635951
gdp,MRT,2020-07-01,-3.643655
gdp,MRT,2021-07-01,-3.723254
gdp,MRT,2022-07-01,-3.706035
gdp,MRT,2023-07-01,-3.690519
gdp,MRT,2024-07-01,-3.676140
gdp,MRT,2025-07-01,-3.680590
gdp,MUS,1960-07-01,-2.593756
gdp,MUS,1961-07-01,-2.394758
gdp,MUS,1962-07-01,-2.458931
gdp,MUS,1963-07-01,-2.383585
gdp,MUS,1964-07-01,-2.521538
gdp,MUS,1965-07-01,-2.561920
gdp,MUS,1966-07-01,-2.670462
gdp,MUS,1967-07-01,-2.660814
gdp,MUS,1968-07-01,-2.787421
gdp,MUS,1969-07-01,-2.777399
gdp,MUS,1970-07-01,-2.788540
gdp,MUS,1971-07-01,-2.782336
gdp,MUS,1972-07-01,-2.757852
gdp,MUS,1973-07-01,-2.704934
gdp,MUS,1974-07-01,-2.621102
gdp,MUS,1975-07-01,-2.615935
gdp,MUS,1976-07-01,-2.461931
gdp,MUS,1977-07-01,-2.449929
gdp,MUS,1978-07-01,-2.468684
gdp,MUS,1979-07-01,-2.471660
gdp,MUS,1980-07-01,-2.582395
gdp,MUS,1981-07-01,-2.555302
gdp,MUS,1982-07-01,-2.486286
gdp,MUS,1983-07-01,-2.527326
gdp,MUS,1984-07-01,-2.553078
gdp,MUS,1985-07-01,-2.526007
gdp,MUS,1986-07-01,-2.465489
gdp,MUS,1987-07-01,-2.412817
gdp,MUS,1988-07-01,-2.385835
gdp,MUS,1989-07-01,-2.376431
gdp,MUS,1990-07-01,-2.321539
gdp,MUS,1991-07-01,-2.274489
gdp,MUS,1992-07-01,-2.245302
gdp,MUS,1993-07-01,-2.221545
gdp,MUS,1994-07-01,-2.222254
gdp,MUS,1995-07-01,-2.203452
gdp,MUS,1996-07-01,-2.184706
gdp,MUS,1997-07-01,-2.173382
gdp,MUS,1998-07-01,-2.157147
gdp,MUS,1999-07-01,-2.179375
gdp,MUS,2000-07-01,-2.139203
gdp,MUS,2001-07-01,-2.113789
gdp,MUS,2002-07-01,-2.112295
gdp,MUS,2003-07-01,-2.080944
gdp,MUS,2004-07-01,-2.073327
gdp,MUS,2005-07-01,-2.086654
gdp,MUS,2006-07-01,-2.061632
gdp,MUS,2007-07-01,-2.020479
gdp,MUS,2008-07-01,-1.962581
gdp,MUS,2009-07-01,-1.897285
gdp,MUS,2010-07-01,-1.874770
gdp,MUS,2011-07-01,-1.843351
gdp,MUS,2012-07-01,-1.826269
gdp,MUS,2013-07-01,-1.808671
gdp,MUS,2014-07-01,-1.789594
gdp,MUS,2015-07-01,-1.775467
gdp,MUS,2016-07-01,-1.748207
gdp,MUS,2017-07-01,-1.727677
gdp,MUS,2018-07-01,-1.711249
gdp,MUS,2019-07-01,-1.703693
gdp,MUS,2020-07-01,-1.831719
gdp,MUS,2021-07-01,-1.857264
gdp,MUS,2022-07-01,-1.793359
gdp,MUS,2023-07-01,-1.757082
gdp,MUS,2024-07-01,-1.724431
gdp,MUS,2025-07-01,-1.707924
gdp,MWI,1960-07-01,-4.289635
gdp,MWI,1961-07-01,-4.245982
gdp,MWI,1962-07-01,-4.307290
gdp,MWI,1963-07-01,-4.374413
gdp,MWI,1964-07-01,-4.415154
gdp,MWI,1965-07-01,-4.361458
gdp,MWI,1966-07-01,-4.313006
gdp,MWI,1967-07-01,-4.281248
gdp,MWI,1968-07-01,-4.362364
gdp,MWI,1969-07-01,-4.350622
gdp,MWI,1970-07-01,-4.360989
gdp,MWI,1971-07-01,-4.255478
gdp,MWI,1972-07-01,-4.261110
gdp,MWI,1973-07-01,-4.309953
gdp,MWI,1974-07-01,-4.253182
gdp,MWI,1975-07-01,-4.210184
gdp,MWI,1976-07-01,-4.233472
gdp,MWI,1977-07-01,-4.251647
gdp,MWI,1978-07-01,-4.236101
gdp,MWI,1979-07-01,-4.250148
gdp,MWI,1980-07-01,-4.272445
gdp,MWI,1981-07-01,-4.381311
gdp,MWI,1982-07-01,-4.368338
gdp,MWI,1983-07-01,-4.406958
gdp,MWI,1984-07-01,-4.455039
gdp,MWI,1985-07-01,-4.480816
gdp,MWI,1986-07-01,-4.544605
gdp,MWI,1987-07-01,-4.601258
gdp,MWI,1988-07-01,-4.655814
gdp,MWI,1989-07-01,-4.716266
gdp,MWI,1990-07-01,-4.707783
gdp,MWI,1991-07-01,-4.640415
gdp,MWI,1992-07-01,-4.766440
gdp,MWI,1993-07-01,-4.702484
gdp,MWI,1994-07-01,-4.826102
gdp,MWI,1995-07-01,-4.684546
gdp,MWI,1996-07-01,-4.659048
gdp,MWI,1997-07-01,-4.673361
gdp,MWI,1998-07-01,-4.688966
gdp,MWI,1999-07-01,-4.717632
gdp,MWI,2000-07-01,-4.754814
gdp,MWI,2001-07-01,-4.829650
gdp,MWI,2002-07-01,-4.844864
gdp,MWI,2003-07-01,-4.833384
gdp,MWI,2004-07-01,-4.834962
gdp,MWI,2005-07-01,-4.854603
gdp,MWI,2006-07-01,-4.854047
gdp,MWI,2007-07-01,-4.800920
gdp,MWI,2008-07-01,-4.748019
gdp,MWI,2009-07-01,-4.662720
gdp,MWI,2010-07-01,-4.643851
gdp,MWI,2011-07-01,-4.632451
gdp,MWI,2012-07-01,-4.656985
gdp,MWI,2013-07-01,-4.646067
gdp,MWI,2014-07-01,-4.636352
gdp,MWI,2015-07-01,-4.657324
gdp,MWI,2016-07-01,-4.670066
gdp,MWI,2017-07-01,-4.675276
gdp,MWI,2018-07-01,-4.682742
gdp,MWI,2019-07-01,-4.674013
gdp,MWI,2020-07-01,-4.667347
gdp,MWI,2021-07-01,-4.706843
gdp,MWI,2022-07-01,-4.742589
gdp,MWI,2023-07-01,-4.769728
gdp,MWI,2024-07-01,-4.796844
gdp,MWI,2025-07-01,-4.819895
gdp,MYS,1960-07-01,-2.707883
gdp,MYS,1961-07-01,-2.666650
gdp,MYS,1962-07-01,-2.674329
gdp,MYS,1963-07-01,-2.658322
gdp,MYS,1964-07-01,-2.674570
gdp,MYS,1965-07-01,-2.675563
gdp,MYS,1966-07-01,-2.676620
gdp,MYS,1967-07-01,-2.676250
gdp,MYS,1968-07-01,-2.659082
gdp,MYS,1969-07-01,-2.654713
gdp,MYS,1970-07-01,-2.610061
gdp,MYS,1971-07-01,-2.557940
gdp,MYS,1972-07-01,-2.532738
gdp,MYS,1973-07-01,-2.491407
gdp,MYS,1974-07-01,-2.420912
gdp,MYS,1975-07-01,-2.424922
gdp,MYS,1976-07-01,-2.382435
gdp,MYS,1977-07-01,-2.366927
gdp,MYS,1978-07-01,-2.369794
gdp,MYS,1979-07-01,-2.324572
gdp,MYS,1980-07-01,-2.268389
gdp,MYS,1981-07-01,-2.248044
gdp,MYS,1982-07-01,-2.194431
gdp,MYS,1983-07-01,-2.201691
gdp,MYS,1984-07-01,-2.220726
gdp,MYS,1985-07-01,-2.295894
gdp,MYS,1986-07-01,-2.341137
gdp,MYS,1987-07-01,-2.347781
gdp,MYS,1988-07-01,-2.316318
gdp,MYS,1989-07-01,-2.286610
gdp,MYS,1990-07-01,-2.237229
gdp,MYS,1991-07-01,-2.159772
gdp,MYS,1992-07-01,-2.121874
gdp,MYS,1993-07-01,-2.067063
gdp,MYS,1994-07-01,-2.031614
gdp,MYS,1995-07-01,-1.977854
gdp,MYS,1996-07-01,-1.933150
gdp,MYS,1997-07-01,-1.918825
gdp,MYS,1998-07-01,-2.052027
gdp,MYS,1999-07-01,-2.051603
gdp,MYS,2000-07-01,-2.019008
gdp,MYS,2001-07-01,-2.037492
gdp,MYS,2002-07-01,-2.016754
gdp,MYS,2003-07-01,-2.003123
gdp,MYS,2004-07-01,-1.989108
gdp,MYS,2005-07-01,-1.984863
gdp,MYS,2006-07-01,-1.970611
gdp,MYS,2007-07-01,-1.941592
gdp,MYS,2008-07-01,-1.907035
gdp,MYS,2009-07-01,-1.907337
gdp,MYS,2010-07-01,-1.872554
gdp,MYS,2011-07-01,-1.846080
gdp,MYS,2012-07-01,-1.824467
gdp,MYS,2013-07-01,-1.809085
gdp,MYS,2014-07-01,-1.784864
gdp,MYS,2015-07-01,-1.773586
gdp,MYS,2016-07-01,-1.757897
gdp,MYS,2017-07-01,-1.736393
gdp,MYS,2018-07-01,-1.729486
gdp,MYS,2019-07-01,-1.722623
gdp,MYS,2020-07-01,-1.766955
gdp,MYS,2021-07-01,-1.803993
gdp,MYS,2022-07-01,-1.748737
gdp,MYS,2023-07-01,-1.747014
gdp,MYS,2024-07-01,-1.727373
gdp,MYS,2025-07-01,-1.704859
gdp,NAC,1960-07-01,-0.016804
gdp,NAC,1961-07-01,-0.016474
gdp,NAC,1962-07-01,-0.015836
gdp,NAC,1963-07-01,-0.015585
gdp,NAC,1964-07-01,-0.015399
gdp,NAC,1965-07-01,-0.015982
gdp,NAC,1966-07-01,-0.016415
gdp,NAC,1967-07-01,-0.016599
gdp,NAC,1968-07-01,-0.017035
gdp,NAC,1969-07-01,-0.015911
gdp,NAC,1970-07-01,-0.013967
gdp,NAC,1971-07-01,-0.014994
gdp,NAC,1972-07-01,-0.014892
gdp,NAC,1973-07-01,-0.014330
gdp,NAC,1974-07-01,-0.011553
gdp,NAC,1975-07-01,-0.010487
gdp,NAC,1976-07-01,-0.010408
gdp,NAC,1977-07-01,-0.011469
gdp,NAC,1978-07-01,-0.012902
gdp,NAC,1979-07-01,-0.012333
gdp,NAC,1980-07-01,-0.010523
gdp,NAC,1981-07-01,-0.010021
gdp,NAC,1982-07-01,-0.011496
gdp,NAC,1983-07-01,-0.013265
gdp,NAC,1984-07-01,-0.014443
gdp,NAC,1985-07-01,-0.014040
gdp,NAC,1986-07-01,-0.015194
gdp,NAC,1987-07-01,-0.015108
gdp,NAC,1988-07-01,-0.015302
gdp,NAC,1989-07-01,-0.017249
gdp,NAC,1990-07-01,-0.019015
gdp,NAC,1991-07-01,-0.020572
gdp,NAC,1992-07-01,-0.022440
gdp,NAC,1993-07-01,-0.022291
gdp,NAC,1994-07-01,-0.021822
gdp,NAC,1995-07-01,-0.021661
gdp,NAC,1996-07-01,-0.023138
gdp,NAC,1997-07-01,-0.023053
gdp,NAC,1998-07-01,-0.023161
gdp,NAC,1999-07-01,-0.022577
gdp,NAC,2000-07-01,-0.021587
gdp,NAC,2001-07-01,-0.020941
gdp,NAC,2002-07-01,-0.020104
gdp,NAC,2003-07-01,-0.020907
gdp,NAC,2004-07-01,-0.021494
gdp,NAC,2005-07-01,-0.021733
gdp,NAC,2006-07-01,-0.021879
gdp,NAC,2007-07-01,-0.021856
gdp,NAC,2008-07-01,-0.021311
gdp,NAC,2009-07-01,-0.021864
gdp,NAC,2010-07-01,-0.021845
gdp,NAC,2011-07-01,-0.020826
gdp,NAC,2012-07-01,-0.021555
gdp,NAC,2013-07-01,-0.021696
gdp,NAC,2014-07-01,-0.021649
gdp,NAC,2015-07-01,-0.023403
gdp,NAC,2016-07-01,-0.024357
gdp,NAC,2017-07-01,-0.024419
gdp,NAC,2018-07-01,-0.025455
gdp,NAC,2019-07-01,-0.026940
gdp,NAC,2020-07-01,-0.029995
gdp,NAC,2021-07-01,-0.030551
gdp,NAC,2022-07-01,-0.030266
gdp,NAC,2023-07-01,-0.033057
gdp,NAC,2024-07-01,-0.035782
gdp,NAC,2025-07-01,-0.036542
gdp,NAM,1980-07-01,-2.171494
gdp,NAM,1981-07-01,-2.188285
gdp,NAM,1982-07-01,-2.182329
gdp,NAM,1983-07-01,-2.262976
gdp,NAM,1984-07-01,-2.353634
gdp,NAM,1985-07-01,-2.409567
gdp,NAM,1986-07-01,-2.418490
gdp,NAM,1987-07-01,-2.440618
gdp,NAM,1988-07-01,-2.499532
gdp,NAM,1989-07-01,-2.571192
gdp,NAM,1990-07-01,-2.618788
gdp,NAM,1991-07-01,-2.559159
gdp,NAM,1992-07-01,-2.542211
gdp,NAM,1993-07-01,-2.603997
gdp,NAM,1994-07-01,-2.645150
gdp,NAM,1995-07-01,-2.650529
gdp,NAM,1996-07-01,-2.671565
gdp,NAM,1997-07-01,-2.687584
gdp,NAM,1998-07-01,-2.712810
gdp,NAM,1999-07-01,-2.739826
gdp,NAM,2000-07-01,-2.757861
gdp,NAM,2001-07-01,-2.766659
gdp,NAM,2002-07-01,-2.745040
gdp,NAM,2003-07-01,-2.736936
gdp,NAM,2004-07-01,-2.662462
gdp,NAM,2005-07-01,-2.675045
gdp,NAM,2006-07-01,-2.637311
gdp,NAM,2007-07-01,-2.608616
gdp,NAM,2008-07-01,-2.588138
gdp,NAM,2009-07-01,-2.565025
gdp,NAM,2010-07-01,-2.540004
gdp,NAM,2011-07-01,-2.515102
gdp,NAM,2012-07-01,-2.502641
gdp,NAM,2013-07-01,-2.487425
gdp,NAM,2014-07-01,-2.471377
gdp,NAM,2015-07-01,-2.477200
gdp,NAM,2016-07-01,-2.514010
gdp,NAM,2017-07-01,-2.569038
gdp,NAM,2018-07-01,-2.609588
gdp,NAM,2019-07-01,-2.666367
gdp,NAM,2020-07-01,-2.754835
gdp,NAM,2021-07-01,-2.807091
gdp,NAM,2022-07-01,-2.801506
gdp,NAM,2023-07-01,-2.804956
gdp,NAM,2024-07-01,-2.808187
gdp,NAM,2025-07-01,-2.827668
gdp,NCL,2015-07-01,-0.610987
gdp,NER,1960-07-01,-3.241849
gdp,NER,1961-07-01,-3.232544
gdp,NER,1962-07-01,-3.207586
gdp,NER,1963-07-01,-3.175170
gdp,NER,1964-07-01,-3.245204
gdp,NER,1965-07-01,-3.256353
gdp,NER,1966-07-01,-3.339816
gdp,NER,1967-07-01,-3.380337
gdp,NER,1968-07-01,-3.441048
gdp,NER,1969-07-01,-3.545573
gdp,NER,1970-07-01,-3.533135
gdp,NER,1971-07-01,-3.524374
gdp,NER,1972-07-01,-3.644507
gdp,NER,1973-07-01,-3.903545
gdp,NER,1974-07-01,-3.831722
gdp,NER,1975-07-01,-3.875216
gdp,NER,1976-07-01,-3.938878
gdp,NER,1977-07-01,-3.927170
gdp,NER,1978-07-01,-3.872687
gdp,NER,1979-07-01,-3.853203
gdp,NER,1980-07-01,-3.895736
gdp,NER,1981-07-01,-3.942629
gdp,NER,1982-07-01,-3.923112
gdp,NER,1983-07-01,-4.027827
gdp,NER,1984-07-01,-4.302765
gdp,NER,1985-07-01,-4.290131
gdp,NER,1986-07-01,-4.283422
gdp,NER,1987-07-01,-4.337819
gdp,NER,1988-07-01,-4.333505
gdp,NER,1989-07-01,-4.381058
gdp,NER,1990-07-01,-4.432411
gdp,NER,1991-07-01,-4.453364
gdp,NER,1992-07-01,-4.485489
gdp,NER,1993-07-01,-4.527844
gdp,NER,1994-07-01,-4.568866
gdp,NER,1995-07-01,-4.592272
gdp,NER,1996-07-01,-4.650104
gdp,NER,1997-07-01,-4.699619
gdp,NER,1998-07-01,-4.670599
gdp,NER,1999-07-01,-4.742493
gdp,NER,2000-07-01,-4.818162
gdp,NER,2001-07-01,-4.782701
gdp,NER,2002-07-01,-4.777586
gdp,NER,2003-07-01,-4.810712
gdp,NER,2004-07-01,-4.871564
gdp,NER,2005-07-01,-4.862131
gdp,NER,2006-07-01,-4.858906
gdp,NER,2007-07-01,-4.875104
gdp,NER,2008-07-01,-4.829329
gdp,NER,2009-07-01,-4.812195
gdp,NER,2010-07-01,-4.785282
gdp,NER,2011-07-01,-4.806791
gdp,NER,2012-07-01,-4.758885
gdp,NER,2013-07-01,-4.758073
gdp,NER,2014-07-01,-4.747622
gdp,NER,2015-07-01,-4.762648
gdp,NER,2016-07-01,-4.767643
gdp,NER,2017-07-01,-4.766750
gdp,NER,2018-07-01,-4.757955
gdp,NER,2019-07-01,-4.752967
gdp,NER,2020-07-01,-4.717261
gdp,NER,2021-07-01,-4.796843
gdp,NER,2022-07-01,-4.733290
gdp,NER,2023-07-01,-4.760924
gdp,NER,2024-07-01,-4.731732
gdp,NER,2025-07-01,-4.712388
gdp,NGA,1960-07-01,-2.569001
gdp,NGA,1961-07-01,-2.593799
gdp,NGA,1962-07-01,-2.618420
gdp,NGA,1963-07-01,-2.586025
gdp,NGA,1964-07-01,-2.601612
gdp,NGA,1965-07-01,-2.625143
gdp,NGA,1966-07-01,-2.741757
gdp,NGA,1967-07-01,-2.948220
gdp,NGA,1968-07-01,-3.019242
gdp,NGA,1969-07-01,-2.845491
gdp,NGA,1970-07-01,-2.635639
gdp,NGA,1971-07-01,-2.545639
gdp,NGA,1972-07-01,-2.577019
gdp,NGA,1973-07-01,-2.594819
gdp,NGA,1974-07-01,-2.500689
gdp,NGA,1975-07-01,-2.570153
gdp,NGA,1976-07-01,-2.555278
gdp,NGA,1977-07-01,-2.561768
gdp,NGA,1978-07-01,-2.695056
gdp,NGA,1979-07-01,-2.680627
gdp,NGA,1980-07-01,-2.658478
gdp,NGA,1981-07-01,-2.845207
gdp,NGA,1982-07-01,-2.917861
gdp,NGA,1983-07-01,-3.095154
gdp,NGA,1984-07-01,-3.193210
gdp,NGA,1985-07-01,-3.196082
gdp,NGA,1986-07-01,-3.247438
gdp,NGA,1987-07-01,-3.267609
gdp,NGA,1988-07-01,-3.255419
gdp,NGA,1989-07-01,-3.289948
gdp,NGA,1990-07-01,-3.213030
gdp,NGA,1991-07-01,-3.221417
gdp,NGA,1992-07-01,-3.223149
gdp,NGA,1993-07-01,-3.284171
gdp,NGA,1994-07-01,-3.356137
gdp,NGA,1995-07-01,-3.397812
gdp,NGA,1996-07-01,-3.408252
gdp,NGA,1997-07-01,-3.436806
gdp,NGA,1998-07-01,-3.469653
gdp,NGA,1999-07-01,-3.525478
gdp,NGA,2000-07-01,-3.532119
gdp,NGA,2001-07-01,-3.501403
gdp,NGA,2002-07-01,-3.393781
gdp,NGA,2003-07-01,-3.369428
gdp,NGA,2004-07-01,-3.337161
gdp,NGA,2005-07-01,-3.327477
gdp,NGA,2006-07-01,-3.314083
gdp,NGA,2007-07-01,-3.288300
gdp,NGA,2008-07-01,-3.242367
gdp,NGA,2009-07-01,-3.158068
gdp,NGA,2010-07-01,-3.127140
gdp,NGA,2011-07-01,-3.111048
gdp,NGA,2012-07-01,-3.112010
gdp,NGA,2013-07-01,-3.087966
gdp,NGA,2014-07-01,-3.070166
gdp,NGA,2015-07-01,-3.090398
gdp,NGA,2016-07-01,-3.141592
gdp,NGA,2017-07-01,-3.175232
gdp,NGA,2018-07-01,-3.202678
gdp,NGA,2019-07-01,-3.223137
gdp,NGA,2020-07-01,-3.285129
gdp,NGA,2021-07-01,-3.353188
gdp,NGA,2022-07-01,-3.351070
gdp,NGA,2023-07-01,-3.360128
gdp,NGA,2024-07-01,-3.359002
gdp,NGA,2025-07-01,-3.356434
gdp,NIC,1960-07-01,-2.429808
gdp,NIC,1961-07-01,-2.393562
gdp,NIC,1962-07-01,-2.363986
gdp,NIC,1963-07-01,-2.319614
gdp,NIC,1964-07-01,-2.281782
gdp,NIC,1965-07-01,-2.270953
gdp,NIC,1966-07-01,-2.320844
gdp,NIC,1967-07-01,-2.298472
gdp,NIC,1968-07-01,-2.353394
gdp,NIC,1969-07-01,-2.345028
gdp,NIC,1970-07-01,-2.353394
gdp,NIC,1971-07-01,-2.371821
gdp,NIC,1972-07-01,-2.419449
gdp,NIC,1973-07-01,-2.431619
gdp,NIC,1974-07-01,-2.315122
gdp,NIC,1975-07-01,-2.335329
gdp,NIC,1976-07-01,-2.357908
gdp,NIC,1977-07-01,-2.342770
gdp,NIC,1978-07-01,-2.496591
gdp,NIC,1979-07-01,-2.851292
gdp,NIC,1980-07-01,-2.821431
gdp,NIC,1981-07-01,-2.812707
gdp,NIC,1982-07-01,-2.820614
gdp,NIC,1983-07-01,-2.837461
gdp,NIC,1984-07-01,-2.939302
gdp,NIC,1985-07-01,-3.036822
gdp,NIC,1986-07-01,-3.095225
gdp,NIC,1987-07-01,-3.150269
gdp,NIC,1988-07-01,-3.338026
gdp,NIC,1989-07-01,-3.405608
gdp,NIC,1990-07-01,-3.436873
gdp,NIC,1991-07-01,-3.447376
gdp,NIC,1992-07-01,-3.486875
gdp,NIC,1993-07-01,-3.526724
gdp,NIC,1994-07-01,-3.542363
gdp,NIC,1995-07-01,-3.519877
gdp,NIC,1996-07-01,-3.502339
gdp,NIC,1997-07-01,-3.511599
gdp,NIC,1998-07-01,-3.522638
gdp,NIC,1999-07-01,-3.504238
gdp,NIC,2000-07-01,-3.506635
gdp,NIC,2001-07-01,-3.489965
gdp,NIC,2002-07-01,-3.502166
gdp,NIC,2003-07-01,-3.508035
gdp,NIC,2004-07-01,-3.496595
gdp,NIC,2005-07-01,-3.492725
gdp,NIC,2006-07-01,-3.484122
gdp,NIC,2007-07-01,-3.459297
gdp,NIC,2008-07-01,-3.431525
gdp,NIC,2009-07-01,-3.444381
gdp,NIC,2010-07-01,-3.433551
gdp,NIC,2011-07-01,-3.394020
gdp,NIC,2012-07-01,-3.359764
gdp,NIC,2013-07-01,-3.338953
gdp,NIC,2014-07-01,-3.322890
gdp,NIC,2015-07-01,-3.310708
gdp,NIC,2016-07-01,-3.289708
gdp,NIC,2017-07-01,-3.275105
gdp,NIC,2018-07-01,-3.345875
gdp,NIC,2019-07-01,-3.408604
gdp,NIC,2020-07-01,-3.418613
gdp,NIC,2021-07-01,-3.389342
gdp,NIC,2022-07-01,-3.386537
gdp,NIC,2023-07-01,-3.377624
gdp,NIC,2024-07-01,-3.373857
gdp,NIC,2025-07-01,-3.355078
gdp,NLD,1960-07-01,-0.278853
gdp,NLD,1961-07-01,-0.295217
gdp,NLD,1962-07-01,-0.287099
gdp,NLD,1963-07-01,-0.293647
gdp,NLD,1964-07-01,-0.270011
gdp,NLD,1965-07-01,-0.250373
gdp,NLD,1966-07-01,-0.287809
gdp,NLD,1967-07-01,-0.261491
gdp,NLD,1968-07-01,-0.246588
gdp,NLD,1969-07-01,-0.216613
gdp,NLD,1970-07-01,-0.159925
gdp,NLD,1971-07-01,-0.149306
gdp,NLD,1972-07-01,-0.165204
gdp,NLD,1973-07-01,-0.165841
gdp,NLD,1974-07-01,-0.125312
gdp,NLD,1975-07-01,-0.122288
gdp,NLD,1976-07-01,-0.129516
gdp,NLD,1977-07-01,-0.145717
gdp,NLD,1978-07-01,-0.168543
gdp,NLD,1979-07-01,-0.175637
gdp,NLD,1980-07-01,-0.158054
gdp,NLD,1981-07-01,-0.188027
gdp,NLD,1982-07-01,-0.177370
gdp,NLD,1983-07-01,-0.196349
gdp,NLD,1984-07-01,-0.231369
gdp,NLD,1985-07-01,-0.242546
gdp,NLD,1986-07-01,-0.245406
gdp,NLD,1987-07-01,-0.257648
gdp,NLD,1988-07-01,-0.262116
gdp,NLD,1989-07-01,-0.251483
gdp,NLD,1990-07-01,-0.224776
gdp,NLD,1991-07-01,-0.194111
gdp,NLD,1992-07-01,-0.205505
gdp,NLD,1993-07-01,-0.213937
gdp,NLD,1994-07-01,-0.218022
gdp,NLD,1995-07-01,-0.206859
gdp,NLD,1996-07-01,-0.203238
gdp,NLD,1997-07-01,-0.198250
gdp,NLD,1998-07-01,-0.191186
gdp,NLD,1999-07-01,-0.183927
gdp,NLD,2000-07-01,-0.178583
gdp,NLD,2001-07-01,-0.162774
gdp,NLD,2002-07-01,-0.174285
gdp,NLD,2003-07-01,-0.197003
gdp,NLD,2004-07-01,-0.209016
gdp,NLD,2005-07-01,-0.216242
gdp,NLD,2006-07-01,-0.200909
gdp,NLD,2007-07-01,-0.175295
gdp,NLD,2008-07-01,-0.149918
gdp,NLD,2009-07-01,-0.157533
gdp,NLD,2010-07-01,-0.167689
gdp,NLD,2011-07-01,-0.162375
gdp,NLD,2012-07-01,-0.190551
gdp,NLD,2013-07-01,-0.207193
gdp,NLD,2014-07-01,-0.211759
gdp,NLD,2015-07-01,-0.216258
gdp,NLD,2016-07-01,-0.207801
gdp,NLD,2017-07-01,-0.203628
gdp,NLD,2018-07-01,-0.210500
gdp,NLD,2019-07-01,-0.214669
gdp,NLD,2020-07-01,-0.234553
gdp,NLD,2021-07-01,-0.237040
gdp,NLD,2022-07-01,-0.216949
gdp,NLD,2023-07-01,-0.253544
gdp,NLD,2024-07-01,-0.267300
gdp,NLD,2025-07-01,-0.270988
gdp,NOR,1960-07-01,0.010130
gdp,NOR,1961-07-01,0.056869
gdp,NOR,1962-07-01,0.032754
gdp,NOR,1963-07-01,0.033676
gdp,NOR,1964-07-01,0.032514
gdp,NOR,1965-07-01,0.026714
gdp,NOR,1966-07-01,0.004470
gdp,NOR,1967-07-01,0.042983
gdp,NOR,1968-07-01,0.020025
gdp,NOR,1969-07-01,0.035182
gdp,NOR,1970-07-01,0.056650
gdp,NOR,1971-07-01,0.085458
gdp,NOR,1972-07-01,0.088788
gdp,NOR,1973-07-01,0.080341
gdp,NOR,1974-07-01,0.127573
gdp,NOR,1975-07-01,0.182267
gdp,NOR,1976-07-01,0.191449
gdp,NOR,1977-07-01,0.192755
gdp,NOR,1978-07-01,0.183491
gdp,NOR,1979-07-01,0.202544
gdp,NOR,1980-07-01,0.255772
gdp,NOR,1981-07-01,0.253689
gdp,NOR,1982-07-01,0.280165
gdp,NOR,1983-07-01,0.279832
gdp,NOR,1984-07-01,0.274784
gdp,NOR,1985-07-01,0.293920
gdp,NOR,1986-07-01,0.305233
gdp,NOR,1987-07-01,0.292821
gdp,NOR,1988-07-01,0.252295
gdp,NOR,1989-07-01,0.231789
gdp,NOR,1990-07-01,0.240361
gdp,NOR,1991-07-01,0.278228
gdp,NOR,1992-07-01,0.286728
gdp,NOR,1993-07-01,0.295142
gdp,NOR,1994-07-01,0.311376
gdp,NOR,1995-07-01,0.332292
gdp,NOR,1996-07-01,0.350323
gdp,NOR,1997-07-01,0.363097
gdp,NOR,1998-07-01,0.351838
gdp,NOR,1999-07-01,0.331292
gdp,NOR,2000-07-01,0.329818
gdp,NOR,2001-07-01,0.346548
gdp,NOR,2002-07-01,0.348042
gdp,NOR,2003-07-01,0.334103
gdp,NOR,2004-07-01,0.342082
gdp,NOR,2005-07-01,0.339511
gdp,NOR,2006-07-01,0.341710
gdp,NOR,2007-07-01,0.354664
gdp,NOR,2008-07-01,0.358718
gdp,NOR,2009-07-01,0.364712
gdp,NOR,2010-07-01,0.344121
gdp,NOR,2011-07-01,0.337305
gdp,NOR,2012-07-01,0.337370
gdp,NOR,2013-07-01,0.324535
gdp,NOR,2014-07-01,0.317029
gdp,NOR,2015-07-01,0.306264
gdp,NOR,2016-07-01,0.300113
gdp,NOR,2017-07-01,0.301032
gdp,NOR,2018-07-01,0.282105
gdp,NOR,2019-07-01,0.269585
gdp,NOR,2020-07-01,0.275118
gdp,NOR,2021-07-01,0.252237
gdp,NOR,2022-07-01,0.264011
gdp,NOR,2023-07-01,0.235453
gdp,NOR,2024-07-01,0.222144
gdp,NOR,2025-07-01,0.209878
gdp,NPL,1960-07-01,-4.061314
gdp,NPL,1961-07-01,-4.067627
gdp,NPL,1962-07-01,-4.111992
gdp,NPL,1963-07-01,-4.141528
gdp,NPL,1964-07-01,-4.131379
gdp,NPL,1965-07-01,-4.213544
gdp,NPL,1966-07-01,-4.217772
gdp,NPL,1967-07-01,-4.268578
gdp,NPL,1968-07-01,-4.320270
gdp,NPL,1969-07-01,-4.319026
gdp,NPL,1970-07-01,-4.305986
gdp,NPL,1971-07-01,-4.359548
gdp,NPL,1972-07-01,-4.391078
gdp,NPL,1973-07-01,-4.463021
gdp,NPL,1974-07-01,-4.408899
gdp,NPL,1975-07-01,-4.404553
gdp,NPL,1976-07-01,-4.426373
gdp,NPL,1977-07-01,-4.454221
gdp,NPL,1978-07-01,-4.477599
gdp,NPL,1979-07-01,-4.497691
gdp,NPL,1980-07-01,-4.532575
gdp,NPL,1981-07-01,-4.491167
gdp,NPL,1982-07-01,-4.449655
gdp,NPL,1983-07-01,-4.539271
gdp,NPL,1984-07-01,-4.531530
gdp,NPL,1985-07-01,-4.526594
gdp,NPL,1986-07-01,-4.528841
gdp,NPL,1987-07-01,-4.558226
gdp,NPL,1988-07-01,-4.536963
gdp,NPL,1989-07-01,-4.543436
gdp,NPL,1990-07-01,-4.529712
gdp,NPL,1991-07-01,-4.479412
gdp,NPL,1992-07-01,-4.488125
gdp,NPL,1993-07-01,-4.491611
gdp,NPL,1994-07-01,-4.464941
gdp,NPL,1995-07-01,-4.469447
gdp,NPL,1996-07-01,-4.465005
gdp,NPL,1997-07-01,-4.468006
gdp,NPL,1998-07-01,-4.490142
gdp,NPL,1999-07-01,-4.500863
gdp,NPL,2000-07-01,-4.486860
gdp,NPL,2001-07-01,-4.455764
gdp,NPL,2002-07-01,-4.477353
gdp,NPL,2003-07-01,-4.471743
gdp,NPL,2004-07-01,-4.467164
gdp,NPL,2005-07-01,-4.469181
gdp,NPL,2006-07-01,-4.463593
gdp,NPL,2007-07-01,-4.448738
gdp,NPL,2008-07-01,-4.388654
gdp,NPL,2009-07-01,-4.316209
gdp,NPL,2010-07-01,-4.293500
gdp,NPL,2011-07-01,-4.271925
gdp,NPL,2012-07-01,-4.243491
gdp,NPL,2013-07-01,-4.224237
gdp,NPL,2014-07-01,-4.185805
gdp,NPL,2015-07-01,-4.173317
gdp,NPL,2016-07-01,-4.183897
gdp,NPL,2017-07-01,-4.117272
gdp,NPL,2018-07-01,-4.069623
gdp,NPL,2019-07-01,-4.037371
gdp,NPL,2020-07-01,-4.055492
gdp,NPL,2021-07-01,-4.083773
gdp,NPL,2022-07-01,-4.056348
gdp,NPL,2023-07-01,-4.056711
gdp,NPL,2024-07-01,-4.037072
gdp,NPL,2025-07-01,-4.008766
gdp,NRU,1970-07-01,0.448547
gdp,NRU,1971-07-01,0.449645
gdp,NRU,1972-07-01,0.430335
gdp,NRU,1973-07-01,0.405635
gdp,NRU,1974-07-01,0.440496
gdp,NRU,1975-07-01,0.471783
gdp,NRU,1976-07-01,0.389275
gdp,NRU,1977-07-01,0.311639
gdp,NRU,1978-07-01,0.221117
gdp,NRU,1979-07-01,0.149385
gdp,NRU,1980-07-01,0.109032
gdp,NRU,1981-07-01,0.040678
gdp,NRU,1982-07-01,0.014516
gdp,NRU,1983-07-01,-0.071385
gdp,NRU,1984-07-01,-0.180571
gdp,NRU,1985-07-01,-0.261689
gdp,NRU,1986-07-01,-0.337151
gdp,NRU,1987-07-01,-0.413815
gdp,NRU,1988-07-01,-0.498413
gdp,NRU,1989-07-01,-0.577858
gdp,NRU,1990-07-01,-0.638224
gdp,NRU,1991-07-01,-0.857842
gdp,NRU,1992-07-01,-1.073260
gdp,NRU,1993-07-01,-1.271021
gdp,NRU,1994-07-01,-1.341145
gdp,NRU,1995-07-01,-1.441036
gdp,NRU,1996-07-01,-1.594443
gdp,NRU,1997-07-01,-1.721089
gdp,NRU,1998-07-01,-1.878813
gdp,NRU,1999-07-01,-1.980962
gdp,NRU,2000-07-01,-2.078959
gdp,NRU,2001-07-01,-2.144833
gdp,NRU,2002-07-01,-2.252709
gdp,NRU,2003-07-01,-2.266561
gdp,NRU,2004-07-01,-2.339267
gdp,NRU,2005-07-01,-2.363199
gdp,NRU,2006-07-01,-2.298401
gdp,NRU,2007-07-01,-2.556796
gdp,NRU,2008-07-01,-2.365053
gdp,NRU,2009-07-01,-2.388041
gdp,NRU,2010-07-01,-2.408867
gdp,NRU,2011-07-01,-2.284726
gdp,NRU,2012-07-01,-2.097971
gdp,NRU,2013-07-01,-2.095011
gdp,NRU,2014-07-01,-1.986090
gdp,NRU,2015-07-01,-1.993068
gdp,NRU,2016-07-01,-1.980486
gdp,NRU,2017-07-01,-2.078919
gdp,NRU,2018-07-01,-2.124219
gdp,NRU,2019-07-01,-2.072104
gdp,NRU,2020-07-01,-2.036181
gdp,NRU,2021-07-01,-2.025301
gdp,NRU,2022-07-01,-2.052363
gdp,NRU,2023-07-01,-2.086530
gdp,NRU,2024-07-01,-2.096134
gdp,NRU,2025-07-01,-2.097598
gdp,NZL,1960-07-01,-0.066452
gdp,NZL,1961-07-01,-0.059990
gdp,NZL,1962-07-01,-0.098899
gdp,NZL,1963-07-01,-0.088201
gdp,NZL,1964-07-01,-0.092398
gdp,NZL,1965-07-01,-0.099104
gdp,NZL,1966-07-01,-0.107830
gdp,NZL,1967-07-01,-0.186467
gdp,NZL,1968-07-01,-0.232626
gdp,NZL,1969-07-01,-0.165253
gdp,NZL,1970-07-01,-0.183417
gdp,NZL,1971-07-01,-0.180952
gdp,NZL,1972-07-01,-0.189227
gdp,NZL,1973-07-01,-0.179067
gdp,NZL,1974-07-01,-0.127156
gdp,NZL,1975-07-01,-0.152161
gdp,NZL,1976-07-01,-0.194740
gdp,NZL,1977-07-01,-0.273160
gdp,NZL,1978-07-01,-0.313578
gdp,NZL,1979-07-01,-0.308114
gdp,NZL,1980-07-01,-0.284440
gdp,NZL,1981-07-01,-0.258028
gdp,NZL,1982-07-01,-0.230981
gdp,NZL,1983-07-01,-0.245931
gdp,NZL,1984-07-01,-0.268977
gdp,NZL,1985-07-01,-0.291120
gdp,NZL,1986-07-01,-0.288901
gdp,NZL,1987-07-01,-0.312966
gdp,NZL,1988-07-01,-0.350903
gdp,NZL,1989-07-01,-0.380678
gdp,NZL,1990-07-01,-0.395930
gdp,NZL,1991-07-01,-0.440751
gdp,NZL,1992-07-01,-0.460969
gdp,NZL,1993-07-01,-0.424449
gdp,NZL,1994-07-01,-0.415125
gdp,NZL,1995-07-01,-0.398071
gdp,NZL,1996-07-01,-0.404018
gdp,NZL,1997-07-01,-0.428070
gdp,NZL,1998-07-01,-0.460626
gdp,NZL,1999-07-01,-0.448738
gdp,NZL,2000-07-01,-0.455168
gdp,NZL,2001-07-01,-0.427088
gdp,NZL,2002-07-01,-0.405970
gdp,NZL,2003-07-01,-0.398507
gdp,NZL,2004-07-01,-0.401780
gdp,NZL,2005-07-01,-0.405113
gdp,NZL,2006-07-01,-0.407758
gdp,NZL,2007-07-01,-0.397241
gdp,NZL,2008-07-01,-0.407714
gdp,NZL,2009-07-01,-0.383244
gdp,NZL,2010-07-01,-0.397884
gdp,NZL,2011-07-01,-0.391890
gdp,NZL,2012-07-01,-0.389257
gdp,NZL,2013-07-01,-0.385007
gdp,NZL,2014-07-01,-0.381100
gdp,NZL,2015-07-01,-0.385893
gdp,NZL,2016-07-01,-0.381776
gdp,NZL,2017-07-01,-0.387395
gdp,NZL,2018-07-01,-0.395994
gdp,NZL,2019-07-01,-0.407505
gdp,NZL,2020-07-01,-0.405132
gdp,NZL,2021-07-01,-0.423570
gdp,NZL,2022-07-01,-0.409330
gdp,NZL,2023-07-01,-0.435062
gdp,NZL,2024-07-01,-0.478894
gdp,NZL,2025-07-01,-0.496973
gdp,OED,1960-07-01,-0.540472
gdp,OED,1961-07-01,-0.517785
gdp,OED,1962-07-01,-0.521536
gdp,OED,1963-07-01,-0.514123
gdp,OED,1964-07-01,-0.507242
gdp,OED,1965-07-01,-0.516176
gdp,OED,1966-07-01,-0.525921
gdp,OED,1967-07-01,-0.514080
gdp,OED,1968-07-01,-0.504600
gdp,OED,1969-07-01,-0.483132
gdp,OED,1970-07-01,-0.457636
gdp,OED,1971-07-01,-0.455282
gdp,OED,1972-07-01,-0.455585
gdp,OED,1973-07-01,-0.452687
gdp,OED,1974-07-01,-0.437153
gdp,OED,1975-07-01,-0.431546
gdp,OED,1976-07-01,-0.437522
gdp,OED,1977-07-01,-0.446109
gdp,OED,1978-07-01,-0.456106
gdp,OED,1979-07-01,-0.447620
gdp,OED,1980-07-01,-0.432850
gdp,OED,1981-07-01,-0.436447
gdp,OED,1982-07-01,-0.415079
gdp,OED,1983-07-01,-0.431011
gdp,OED,1984-07-01,-0.453321
gdp,OED,1985-07-01,-0.457303
gdp,OED,1986-07-01,-0.459528
gdp,OED,1987-07-01,-0.457817
gdp,OED,1988-07-01,-0.453770
gdp,OED,1989-07-01,-0.452225
gdp,OED,1990-07-01,-0.439833
gdp,OED,1991-07-01,-0.423657
gdp,OED,1992-07-01,-0.432803
gdp,OED,1993-07-01,-0.441509
gdp,OED,1994-07-01,-0.444290
gdp,OED,1995-07-01,-0.439552
gdp,OED,1996-07-01,-0.442102
gdp,OED,1997-07-01,-0.445146
gdp,OED,1998-07-01,-0.455803
gdp,OED,1999-07-01,-0.464620
gdp,OED,2000-07-01,-0.460006
gdp,OED,2001-07-01,-0.453134
gdp,OED,2002-07-01,-0.452776
gdp,OED,2003-07-01,-0.458977
gdp,OED,2004-07-01,-0.462654
gdp,OED,2005-07-01,-0.466584
gdp,OED,2006-07-01,-0.461519
gdp,OED,2007-07-01,-0.452832
gdp,OED,2008-07-01,-0.448393
gdp,OED,2009-07-01,-0.455330
gdp,OED,2010-07-01,-0.450939
gdp,OED,2011-07-01,-0.445567
gdp,OED,2012-07-01,-0.452472
gdp,OED,2013-07-01,-0.455623
gdp,OED,2014-07-01,-0.456535
gdp,OED,2015-07-01,-0.458781
gdp,OED,2016-07-01,-0.456917
gdp,OED,2017-07-01,-0.454422
gdp,OED,2018-07-01,-0.460149
gdp,OED,2019-07-01,-0.467989
gdp,OED,2020-07-01,-0.486058
gdp,OED,2021-07-01,-0.486830
gdp,OED,2022-07-01,-0.479921
gdp,OED,2023-07-01,-0.489572
gdp,OED,2024-07-01,-0.496305
gdp,OED,2025-07-01,-0.498788
gdp,OMN,1960-07-01,-2.087518
gdp,OMN,1961-07-01,-2.099855
gdp,OMN,1962-07-01,-1.978314
gdp,OMN,1963-07-01,-1.982268
gdp,OMN,1964-07-01,-2.044745
gdp,OMN,1965-07-01,-2.111676
gdp,OMN,1966-07-01,-2.135285
gdp,OMN,1967-07-01,-1.664902
gdp,OMN,1968-07-01,-1.128507
gdp,OMN,1969-07-01,-0.946641
gdp,OMN,1970-07-01,-0.833694
gdp,OMN,1971-07-01,-0.871950
gdp,OMN,1972-07-01,-0.846935
gdp,OMN,1973-07-01,-1.075029
gdp,OMN,1974-07-01,-0.986791
gdp,OMN,1975-07-01,-0.798058
gdp,OMN,1976-07-01,-0.699207
gdp,OMN,1977-07-01,-0.772980
gdp,OMN,1978-07-01,-0.905157
gdp,OMN,1979-07-01,-0.935684
gdp,OMN,1980-07-01,-0.918385
gdp,OMN,1981-07-01,-0.830715
gdp,OMN,1982-07-01,-0.749023
gdp,OMN,1983-07-01,-0.686043
gdp,OMN,1984-07-01,-0.647280
gdp,OMN,1985-07-01,-0.608637
gdp,OMN,1986-07-01,-0.677849
gdp,OMN,1987-07-01,-0.798005
gdp,OMN,1988-07-01,-0.828621
gdp,OMN,1989-07-01,-0.797798
gdp,OMN,1990-07-01,-0.857503
gdp,OMN,1991-07-01,-0.832513
gdp,OMN,1992-07-01,-0.818274
gdp,OMN,1993-07-01,-0.815707
gdp,OMN,1994-07-01,-0.834241
gdp,OMN,1995-07-01,-0.818479
gdp,OMN,1996-07-01,-0.830893
gdp,OMN,1997-07-01,-0.819325
gdp,OMN,1998-07-01,-0.866600
gdp,OMN,1999-07-01,-0.912513
gdp,OMN,2000-07-01,-0.894156
gdp,OMN,2001-07-01,-0.860902
gdp,OMN,2002-07-01,-0.887944
gdp,OMN,2003-07-01,-0.940454
gdp,OMN,2004-07-01,-0.966432
gdp,OMN,2005-07-01,-0.986648
gdp,OMN,2006-07-01,-0.980940
gdp,OMN,2007-07-01,-0.964446
gdp,OMN,2008-07-01,-0.892093
gdp,OMN,2009-07-01,-0.821015
gdp,OMN,2010-07-01,-0.841481
gdp,OMN,2011-07-01,-0.930118
gdp,OMN,2012-07-01,-1.002100
gdp,OMN,2013-07-01,-1.042289
gdp,OMN,2014-07-01,-1.089432
gdp,OMN,2015-07-01,-1.106108
gdp,OMN,2016-07-01,-1.115098
gdp,OMN,2017-07-01,-1.162236
gdp,OMN,2018-07-01,-1.186058
gdp,OMN,2019-07-01,-1.216323
gdp,OMN,2020-07-01,-1.210500
gdp,OMN,2021-07-01,-1.238242
gdp,OMN,2022-07-01,-1.230450
gdp,OMN,2023-07-01,-1.302375
gdp,OMN,2024-07-01,-1.349112
gdp,OMN,2025-07-01,-1.381140
gdp,OSS,1975-07-01,-1.701182
gdp,OSS,1976-07-01,-1.611362
gdp,OSS,1977-07-01,-1.569201
gdp,OSS,1978-07-01,-1.563264
gdp,OSS,1979-07-01,-1.463888
gdp,OSS,1980-07-01,-1.497613
gdp,OSS,1981-07-01,-1.608937
gdp,OSS,1982-07-01,-1.568974
gdp,OSS,1983-07-01,-1.611949
gdp,OSS,1984-07-01,-1.663279
gdp,OSS,1985-07-01,-1.693345
gdp,OSS,1986-07-01,-1.716606
gdp,OSS,1987-07-01,-1.701301
gdp,OSS,1988-07-01,-1.721696
gdp,OSS,1989-07-01,-1.739788
gdp,OSS,1990-07-01,-1.716890
gdp,OSS,1991-07-01,-1.727780
gdp,OSS,1992-07-01,-1.787981
gdp,OSS,1993-07-01,-1.803401
gdp,OSS,1994-07-01,-1.811078
gdp,OSS,1995-07-01,-1.789743
gdp,OSS,1996-07-01,-1.794026
gdp,OSS,1997-07-01,-1.778148
gdp,OSS,1998-07-01,-1.789917
gdp,OSS,1999-07-01,-1.800832
gdp,OSS,2000-07-01,-1.762194
gdp,OSS,2001-07-01,-1.747976
gdp,OSS,2002-07-01,-1.738573
gdp,OSS,2003-07-01,-1.728826
gdp,OSS,2004-07-01,-1.723567
gdp,OSS,2005-07-01,-1.714006
gdp,OSS,2006-07-01,-1.683196
gdp,OSS,2007-07-01,-1.652426
gdp,OSS,2008-07-01,-1.647358
gdp,OSS,2009-07-01,-1.676751
gdp,OSS,2010-07-01,-1.681537
gdp,OSS,2011-07-01,-1.666882
gdp,OSS,2012-07-01,-1.680210
gdp,OSS,2013-07-01,-1.696247
gdp,OSS,2014-07-01,-1.703222
gdp,OSS,2015-07-01,-1.702540
gdp,OSS,2016-07-01,-1.683394
gdp,OSS,2017-07-01,-1.662887
gdp,OSS,2018-07-01,-1.655588
gdp,OSS,2019-07-01,-1.646415
gdp,OSS,2020-07-01,-1.691635
gdp,OSS,2021-07-01,-1.682866
gdp,OSS,2022-07-01,-1.671504
gdp,OSS,2023-07-01,-1.670347
gdp,OSS,2024-07-01,-1.669505
gdp,OSS,2025-07-01,-1.665175
gdp,PAK,1960-07-01,-3.825975
gdp,PAK,1961-07-01,-3.800157
gdp,PAK,1962-07-01,-3.826113
gdp,PAK,1963-07-01,-3.797931
gdp,PAK,1964-07-01,-3.794431
gdp,PAK,1965-07-01,-3.772208
gdp,PAK,1966-07-01,-3.795109
gdp,PAK,1967-07-01,-3.784529
gdp,PAK,1968-07-01,-3.780083
gdp,PAK,1969-07-01,-3.775862
gdp,PAK,1970-07-01,-3.687597
gdp,PAK,1971-07-01,-3.730236
gdp,PAK,1972-07-01,-3.790321
gdp,PAK,1973-07-01,-3.796558
gdp,PAK,1974-07-01,-3.776617
gdp,PAK,1975-07-01,-3.753341
gdp,PAK,1976-07-01,-3.776651
gdp,PAK,1977-07-01,-3.804440
gdp,PAK,1978-07-01,-3.802340
gdp,PAK,1979-07-01,-3.820219
gdp,PAK,1980-07-01,-3.751634
gdp,PAK,1981-07-01,-3.732434
gdp,PAK,1982-07-01,-3.678976
gdp,PAK,1983-07-01,-3.683687
gdp,PAK,1984-07-01,-3.726835
gdp,PAK,1985-07-01,-3.717339
gdp,PAK,1986-07-01,-3.722387
gdp,PAK,1987-07-01,-3.718979
gdp,PAK,1988-07-01,-3.710950
gdp,PAK,1989-07-01,-3.721843
gdp,PAK,1990-07-01,-3.719041
gdp,PAK,1991-07-01,-3.688283
gdp,PAK,1992-07-01,-3.663424
gdp,PAK,1993-07-01,-3.687684
gdp,PAK,1994-07-01,-3.707155
gdp,PAK,1995-07-01,-3.702206
gdp,PAK,1996-07-01,-3.709385
gdp,PAK,1997-07-01,-3.759046
gdp,PAK,1998-07-01,-3.793674
gdp,PAK,1999-07-01,-3.820236
gdp,PAK,2000-07-01,-3.835604
gdp,PAK,2001-07-01,-3.827315
gdp,PAK,2002-07-01,-3.833790
gdp,PAK,2003-07-01,-3.823702
gdp,PAK,2004-07-01,-3.801486
gdp,PAK,2005-07-01,-3.780309
gdp,PAK,2006-07-01,-3.763195
gdp,PAK,2007-07-01,-3.756457
gdp,PAK,2008-07-01,-3.753922
gdp,PAK,2009-07-01,-3.710330
gdp,PAK,2010-07-01,-3.738266
gdp,PAK,2011-07-01,-3.741786
gdp,PAK,2012-07-01,-3.745671
gdp,PAK,2013-07-01,-3.732592
gdp,PAK,2014-07-01,-3.724221
gdp,PAK,2015-07-01,-3.717983
gdp,PAK,2016-07-01,-3.677511
gdp,PAK,2017-07-01,-3.665630
gdp,PAK,2018-07-01,-3.645538
gdp,PAK,2019-07-01,-3.658146
gdp,PAK,2020-07-01,-3.663887
gdp,PAK,2021-07-01,-3.677779
gdp,PAK,2022-07-01,-3.667819
gdp,PAK,2023-07-01,-3.708161
gdp,PAK,2024-07-01,-3.710853
gdp,PAK,2025-07-01,-3.706294
gdp,PAN,1960-07-01,-2.010496
gdp,PAN,1961-07-01,-1.942592
gdp,PAN,1962-07-01,-1.937290
gdp,PAN,1963-07-01,-1.914361
gdp,PAN,1964-07-01,-1.943813
gdp,PAN,1965-07-01,-1.935771
gdp,PAN,1966-07-01,-1.943892
gdp,PAN,1967-07-01,-1.905034
gdp,PAN,1968-07-01,-1.903457
gdp,PAN,1969-07-01,-1.871752
gdp,PAN,1970-07-01,-1.823264
gdp,PAN,1971-07-01,-1.779232
gdp,PAN,1972-07-01,-1.802599
gdp,PAN,1973-07-01,-1.822834
gdp,PAN,1974-07-01,-1.810646
gdp,PAN,1975-07-01,-1.807469
gdp,PAN,1976-07-01,-1.859327
gdp,PAN,1977-07-01,-1.908387
gdp,PAN,1978-07-01,-1.882522
gdp,PAN,1979-07-01,-1.882449
gdp,PAN,1980-07-01,-1.771087
gdp,PAN,1981-07-01,-1.721928
gdp,PAN,1982-07-01,-1.665690
gdp,PAN,1983-07-01,-1.770835
gdp,PAN,1984-07-01,-1.828677
gdp,PAN,1985-07-01,-1.835467
gdp,PAN,1986-07-01,-1.847855
gdp,PAN,1987-07-01,-1.913383
gdp,PAN,1988-07-01,-2.110723
gdp,PAN,1989-07-01,-2.143274
gdp,PAN,1990-07-01,-2.094089
gdp,PAN,1991-07-01,-2.010855
gdp,PAN,1992-07-01,-1.973716
gdp,PAN,1993-07-01,-1.955327
gdp,PAN,1994-07-01,-1.975068
gdp,PAN,1995-07-01,-1.992682
gdp,PAN,1996-07-01,-1.998322
gdp,PAN,1997-07-01,-1.975637
gdp,PAN,1998-07-01,-1.947263
gdp,PAN,1999-07-01,-1.951562
gdp,PAN,2000-07-01,-1.958812
gdp,PAN,2001-07-01,-1.968434
gdp,PAN,2002-07-01,-1.970536
gdp,PAN,2003-07-01,-1.958938
gdp,PAN,2004-07-01,-1.927903
gdp,PAN,2005-07-01,-1.892265
gdp,PAN,2006-07-01,-1.834616
gdp,PAN,2007-07-01,-1.739714
gdp,PAN,2008-07-01,-1.652494
gdp,PAN,2009-07-01,-1.619677
gdp,PAN,2010-07-01,-1.596688
gdp,PAN,2011-07-01,-1.509519
gdp,PAN,2012-07-01,-1.449897
gdp,PAN,2013-07-01,-1.419388
gdp,PAN,2014-07-01,-1.408437
gdp,PAN,2015-07-01,-1.395463
gdp,PAN,2016-07-01,-1.378219
gdp,PAN,2017-07-01,-1.356850
gdp,PAN,2018-07-01,-1.358516
gdp,PAN,2019-07-01,-1.364227
gdp,PAN,2020-07-01,-1.549114
gdp,PAN,2021-07-01,-1.466877
gdp,PAN,2022-07-01,-1.394066
gdp,PAN,2023-07-01,-1.358640
gdp,PAN,2024-07-01,-1.362143
gdp,PAN,2025-07-01,-1.347959
gdp,PER,1960-07-01,-1.949125
gdp,PER,1961-07-01,-1.913545
gdp,PER,1962-07-01,-1.890863
gdp,PER,1963-07-01,-1.906173
gdp,PER,1964-07-01,-1.914169
gdp,PER,1965-07-01,-1.937740
gdp,PER,1966-07-01,-1.938512
gdp,PER,1967-07-01,-1.942826
gdp,PER,1968-07-01,-2.006336
gdp,PER,1969-07-01,-2.020490
gdp,PER,1970-07-01,-2.002984
gdp,PER,1971-07-01,-2.002496
gdp,PER,1972-07-01,-2.035360
gdp,PER,1973-07-01,-2.045749
gdp,PER,1974-07-01,-1.966774
gdp,PER,1975-07-01,-1.937667
gdp,PER,1976-07-01,-1.990937
gdp,PER,1977-07-01,-2.047297
gdp,PER,1978-07-01,-2.142261
gdp,PER,1979-07-01,-2.147241
gdp,PER,1980-07-01,-2.102291
gdp,PER,1981-07-01,-2.088411
gdp,PER,1982-07-01,-2.087755
gdp,PER,1983-07-01,-2.258203
gdp,PER,1984-07-01,-2.308714
gdp,PER,1985-07-01,-2.344695
gdp,PER,1986-07-01,-2.303001
gdp,PER,1987-07-01,-2.258069
gdp,PER,1988-07-01,-2.411773
gdp,PER,1989-07-01,-2.592223
gdp,PER,1990-07-01,-2.672866
gdp,PER,1991-07-01,-2.657550
gdp,PER,1992-07-01,-2.704084
gdp,PER,1993-07-01,-2.687103
gdp,PER,1994-07-01,-2.618040
gdp,PER,1995-07-01,-2.580510
gdp,PER,1996-07-01,-2.597111
gdp,PER,1997-07-01,-2.584313
gdp,PER,1998-07-01,-2.638625
gdp,PER,1999-07-01,-2.676348
gdp,PER,2000-07-01,-2.694204
gdp,PER,2001-07-01,-2.701333
gdp,PER,2002-07-01,-2.667746
gdp,PER,2003-07-01,-2.656571
gdp,PER,2004-07-01,-2.646483
gdp,PER,2005-07-01,-2.619454
gdp,PER,2006-07-01,-2.572602
gdp,PER,2007-07-01,-2.508437
gdp,PER,2008-07-01,-2.419355
gdp,PER,2009-07-01,-2.379758
gdp,PER,2010-07-01,-2.324383
gdp,PER,2011-07-01,-2.278101
gdp,PER,2012-07-01,-2.241533
gdp,PER,2013-07-01,-2.207061
gdp,PER,2014-07-01,-2.210425
gdp,PER,2015-07-01,-2.210756
gdp,PER,2016-07-01,-2.195495
gdp,PER,2017-07-01,-2.202702
gdp,PER,2018-07-01,-2.205270
gdp,PER,2019-07-01,-2.220619
gdp,PER,2020-07-01,-2.323210
gdp,PER,2021-07-01,-2.265057
gdp,PER,2022-07-01,-2.266092
gdp,PER,2023-07-01,-2.301298
gdp,PER,2024-07-01,-2.295635
gdp,PER,2025-07-01,-2.288495
gdp,PHL,1960-07-01,-2.827294
gdp,PHL,1961-07-01,-2.809847
gdp,PHL,1962-07-01,-2.838174
gdp,PHL,1963-07-01,-2.830531
gdp,PHL,1964-07-01,-2.870641
gdp,PHL,1965-07-01,-2.898674
gdp,PHL,1966-07-01,-2.936594
gdp,PHL,1967-07-01,-2.928922
gdp,PHL,1968-07-01,-2.945620
gdp,PHL,1969-07-01,-2.948834
gdp,PHL,1970-07-01,-2.928975
gdp,PHL,1971-07-01,-2.919789
gdp,PHL,1972-07-01,-2.930263
gdp,PHL,1973-07-01,-2.913686
gdp,PHL,1974-07-01,-2.887356
gdp,PHL,1975-07-01,-2.845088
gdp,PHL,1976-07-01,-2.829255
gdp,PHL,1977-07-01,-2.836907
gdp,PHL,1978-07-01,-2.856413
gdp,PHL,1979-07-01,-2.848769
gdp,PHL,1980-07-01,-2.811979
gdp,PHL,1981-07-01,-2.819626
gdp,PHL,1982-07-01,-2.783261
gdp,PHL,1983-07-01,-2.829282
gdp,PHL,1984-07-01,-2.992405
gdp,PHL,1985-07-01,-3.122741
gdp,PHL,1986-07-01,-3.138642
gdp,PHL,1987-07-01,-3.147322
gdp,PHL,1988-07-01,-3.141172
gdp,PHL,1989-07-01,-3.133017
gdp,PHL,1990-07-01,-3.135656
gdp,PHL,1991-07-01,-3.149595
gdp,PHL,1992-07-01,-3.189875
gdp,PHL,1993-07-01,-3.206296
gdp,PHL,1994-07-01,-3.212531
gdp,PHL,1995-07-01,-3.203781
gdp,PHL,1996-07-01,-3.195266
gdp,PHL,1997-07-01,-3.199700
gdp,PHL,1998-07-01,-3.262201
gdp,PHL,1999-07-01,-3.290134
gdp,PHL,2000-07-01,-3.299874
gdp,PHL,2001-07-01,-3.291510
gdp,PHL,2002-07-01,-3.282882
gdp,PHL,2003-07-01,-3.272063
gdp,PHL,2004-07-01,-3.256372
gdp,PHL,2005-07-01,-3.251749
gdp,PHL,2006-07-01,-3.234593
gdp,PHL,2007-07-01,-3.199113
gdp,PHL,2008-07-01,-3.165936
gdp,PHL,2009-07-01,-3.134703
gdp,PHL,2010-07-01,-3.102536
gdp,PHL,2011-07-01,-3.091926
gdp,PHL,2012-07-01,-3.059303
gdp,PHL,2013-07-01,-3.026167
gdp,PHL,2014-07-01,-2.998013
gdp,PHL,2015-07-01,-2.972303
gdp,PHL,2016-07-01,-2.926842
gdp,PHL,2017-07-01,-2.890061
gdp,PHL,2018-07-01,-2.864314
gdp,PHL,2019-07-01,-2.837448
gdp,PHL,2020-07-01,-2.923807
gdp,PHL,2021-07-01,-2.935418
gdp,PHL,2022-07-01,-2.889185
gdp,PHL,2023-07-01,-2.864260
gdp,PHL,2024-07-01,-2.834890
gdp,PHL,2025-07-01,-2.816076
gdp,PLW,1970-07-01,-0.670131
gdp,PLW,1971-07-01,-0.722438
gdp,PLW,1972-07-01,-0.795872
gdp,PLW,1973-07-01,-0.868165
gdp,PLW,1974-07-01,-0.863252
gdp,PLW,1975-07-01,-0.848555
gdp,PLW,1976-07-01,-0.887433
gdp,PLW,1977-07-01,-0.902569
gdp,PLW,1978-07-01,-0.943936
gdp,PLW,1979-07-01,-0.959503
gdp,PLW,1980-07-01,-0.945721
gdp,PLW,1981-07-01,-0.975334
gdp,PLW,1982-07-01,-0.974627
gdp,PLW,1983-07-01,-1.015447
gdp,PLW,1984-07-01,-1.056602
gdp,PLW,1985-07-01,-1.061630
gdp,PLW,1986-07-01,-1.057741
gdp,PLW,1987-07-01,-1.051691
gdp,PLW,1988-07-01,-1.052058
gdp,PLW,1989-07-01,-1.046017
gdp,PLW,1990-07-01,-1.021258
gdp,PLW,1991-07-01,-0.981923
gdp,PLW,1992-07-01,-1.092546
gdp,PLW,1993-07-01,-1.261426
gdp,PLW,1994-07-01,-1.242223
gdp,PLW,1995-07-01,-1.178374
gdp,PLW,1996-07-01,-1.131177
gdp,PLW,1997-07-01,-1.165300
gdp,PLW,1998-07-01,-1.200409
gdp,PLW,1999-07-01,-1.311359
gdp,PLW,2000-07-01,-1.381131
gdp,PLW,2001-07-01,-1.318890
gdp,PLW,2002-07-01,-1.288174
gdp,PLW,2003-07-01,-1.336626
gdp,PLW,2004-07-01,-1.339147
gdp,PLW,2005-07-01,-1.335682
gdp,PLW,2006-07-01,-1.339757
gdp,PLW,2007-07-01,-1.328276
gdp,PLW,2008-07-01,-1.361793
gdp,PLW,2009-07-01,-1.374969
gdp,PLW,2010-07-01,-1.406964
gdp,PLW,2011-07-01,-1.352675
gdp,PLW,2012-07-01,-1.329455
gdp,PLW,2013-07-01,-1.350273
gdp,PLW,2014-07-01,-1.329752
gdp,PLW,2015-07-01,-1.271678
gdp,PLW,2016-07-01,-1.266843
gdp,PLW,2017-07-01,-1.319849
gdp,PLW,2018-07-01,-1.347515
gdp,PLW,2019-07-01,-1.363973
gdp,PLW,2020-07-01,-1.400472
gdp,PLW,2021-07-01,-1.584958
gdp,PLW,2022-07-01,-1.607483
gdp,PLW,2023-07-01,-1.614220
gdp,PLW,2024-07-01,-1.516980
gdp,PLW,2025-07-01,-1.470362
gdp,PNG,1960-07-01,-2.672014
gdp,PNG,1961-07-01,-2.643450
gdp,PNG,1962-07-01,-2.648579
gdp,PNG,1963-07-01,-2.659740
gdp,PNG,1964-07-01,-2.641690
gdp,PNG,1965-07-01,-2.614947
gdp,PNG,1966-07-01,-2.631959
gdp,PNG,1967-07-01,-2.628256
gdp,PNG,1968-07-01,-2.645016
gdp,PNG,1969-07-01,-2.609487
gdp,PNG,1970-07-01,-2.520764
gdp,PNG,1971-07-01,-2.503441
gdp,PNG,1972-07-01,-2.512931
gdp,PNG,1973-07-01,-2.518444
gdp,PNG,1974-07-01,-2.500914
gdp,PNG,1975-07-01,-2.520160
gdp,PNG,1976-07-01,-2.619572
gdp,PNG,1977-07-01,-2.668065
gdp,PNG,1978-07-01,-2.650633
gdp,PNG,1979-07-01,-2.673569
gdp,PNG,1980-07-01,-2.705411
gdp,PNG,1981-07-01,-2.744112
gdp,PNG,1982-07-01,-2.733685
gdp,PNG,1983-07-01,-2.758657
gdp,PNG,1984-07-01,-2.844659
gdp,PNG,1985-07-01,-2.858848
gdp,PNG,1986-07-01,-2.859355
gdp,PNG,1987-07-01,-2.878687
gdp,PNG,1988-07-01,-2.903457
gdp,PNG,1989-07-01,-2.966804
gdp,PNG,1990-07-01,-3.030882
gdp,PNG,1991-07-01,-2.956918
gdp,PNG,1992-07-01,-2.883350
gdp,PNG,1993-07-01,-2.766415
gdp,PNG,1994-07-01,-2.772141
gdp,PNG,1995-07-01,-2.856376
gdp,PNG,1996-07-01,-2.843042
gdp,PNG,1997-07-01,-2.949956
gdp,PNG,1998-07-01,-3.055737
gdp,PNG,1999-07-01,-3.107439
gdp,PNG,2000-07-01,-3.196035
gdp,PNG,2001-07-01,-3.230839
gdp,PNG,2002-07-01,-3.273583
gdp,PNG,2003-07-01,-3.304353
gdp,PNG,2004-07-01,-3.338782
gdp,PNG,2005-07-01,-3.334611
gdp,PNG,2006-07-01,-3.331640
gdp,PNG,2007-07-01,-3.298177
gdp,PNG,2008-07-01,-3.323880
gdp,PNG,2009-07-01,-3.253851
gdp,PNG,2010-07-01,-3.205708
gdp,PNG,2011-07-01,-3.231446
gdp,PNG,2012-07-01,-3.228436
gdp,PNG,2013-07-01,-3.231308
gdp,PNG,2014-07-01,-3.147495
gdp,PNG,2015-07-01,-3.130297
gdp,PNG,2016-07-01,-3.111710
gdp,PNG,2017-07-01,-3.118249
gdp,PNG,2018-07-01,-3.167654
gdp,PNG,2019-07-01,-3.166758
gdp,PNG,2020-07-01,-3.195112
gdp,PNG,2021-07-01,-3.278246
gdp,PNG,2022-07-01,-3.260805
gdp,PNG,2023-07-01,-3.262214
gdp,PNG,2024-07-01,-3.259846
gdp,PNG,2025-07-01,-3.238620
gdp,POL,1990-07-01,-2.037216
gdp,POL,1991-07-01,-2.099054
gdp,POL,1992-07-01,-2.098032
gdp,POL,1993-07-01,-2.077835
gdp,POL,1994-07-01,-2.055607
gdp,POL,1995-07-01,-1.995237
gdp,POL,1996-07-01,-1.962243
gdp,POL,1997-07-01,-1.932720
gdp,POL,1998-07-01,-1.920096
gdp,POL,1999-07-01,-1.909381
gdp,POL,2000-07-01,-1.882265
gdp,POL,2001-07-01,-1.869340
gdp,POL,2002-07-01,-1.857627
gdp,POL,2003-07-01,-1.841302
gdp,POL,2004-07-01,-1.819563
gdp,POL,2005-07-01,-1.812061
gdp,POL,2006-07-01,-1.769076
gdp,POL,2007-07-01,-1.713446
gdp,POL,2008-07-01,-1.662355
gdp,POL,2009-07-01,-1.602348
gdp,POL,2010-07-01,-1.586428
gdp,POL,2011-07-01,-1.543345
gdp,POL,2012-07-01,-1.542987
gdp,POL,2013-07-01,-1.548956
gdp,POL,2014-07-01,-1.526716
gdp,POL,2015-07-01,-1.503737
gdp,POL,2016-07-01,-1.483620
gdp,POL,2017-07-01,-1.450854
gdp,POL,2018-07-01,-1.413635
gdp,POL,2019-07-01,-1.388964
gdp,POL,2020-07-01,-1.372494
gdp,POL,2021-07-01,-1.349303
gdp,POL,2022-07-01,-1.312988
gdp,POL,2023-07-01,-1.327534
gdp,POL,2024-07-01,-1.312149
gdp,POL,2025-07-01,-1.289824
gdp,PRE,1960-07-01,-2.972977
gdp,PRE,1961-07-01,-3.005469
gdp,PRE,1962-07-01,-3.013124
gdp,PRE,1963-07-01,-3.010073
gdp,PRE,1964-07-01,-3.032060
gdp,PRE,1965-07-01,-3.063511
gdp,PRE,1966-07-01,-3.128458
gdp,PRE,1967-07-01,-3.226901
gdp,PRE,1968-07-01,-3.254064
gdp,PRE,1969-07-01,-3.194084
gdp,PRE,1970-07-01,-3.129029
gdp,PRE,1971-07-01,-3.086370
gdp,PRE,1972-07-01,-3.120019
gdp,PRE,1973-07-01,-3.153218
gdp,PRE,1974-07-01,-3.087080
gdp,PRE,1975-07-01,-3.107036
gdp,PRE,1976-07-01,-3.111570
gdp,PRE,1977-07-01,-3.129745
gdp,PRE,1978-07-01,-3.205464
gdp,PRE,1979-07-01,-3.201604
gdp,PRE,1980-07-01,-3.176992
gdp,PRE,1981-07-01,-3.257217
gdp,PRE,1982-07-01,-3.267462
gdp,PRE,1983-07-01,-3.379151
gdp,PRE,1984-07-01,-3.462198
gdp,PRE,1985-07-01,-3.486992
gdp,PRE,1986-07-01,-3.514405
gdp,PRE,1987-07-01,-3.528707
gdp,PRE,1988-07-01,-3.549134
gdp,PRE,1989-07-01,-3.589012
gdp,PRE,1990-07-01,-3.544524
gdp,PRE,1991-07-01,-3.639419
gdp,PRE,1992-07-01,-3.666644
gdp,PRE,1993-07-01,-3.718408
gdp,PRE,1994-07-01,-3.778146
gdp,PRE,1995-07-01,-3.793272
gdp,PRE,1996-07-01,-3.790478
gdp,PRE,1997-07-01,-3.787422
gdp,PRE,1998-07-01,-3.780672
gdp,PRE,1999-07-01,-3.803337
gdp,PRE,2000-07-01,-3.806880
gdp,PRE,2001-07-01,-3.792184
gdp,PRE,2002-07-01,-3.771281
gdp,PRE,2003-07-01,-3.825964
gdp,PRE,2004-07-01,-3.770216
gdp,PRE,2005-07-01,-3.766659
gdp,PRE,2006-07-01,-3.752791
gdp,PRE,2007-07-01,-3.731448
gdp,PRE,2008-07-01,-3.689966
gdp,PRE,2009-07-01,-3.637712
gdp,PRE,2010-07-01,-3.620638
gdp,PRE,2011-07-01,-3.617034
gdp,PRE,2012-07-01,-3.619114
gdp,PRE,2013-07-01,-3.602947
gdp,PRE,2014-07-01,-3.598544
gdp,PRE,2015-07-01,-3.617730
gdp,PRE,2016-07-01,-3.631199
gdp,PRE,2017-07-01,-3.659982
gdp,PRE,2018-07-01,-3.684654
gdp,PRE,2019-07-01,-3.700962
gdp,PRE,2020-07-01,-3.744972
gdp,PRE,2021-07-01,-3.806446
gdp,PRE,2022-07-01,-3.805599
gdp,PRE,2023-07-01,-3.827494
gdp,PRE,2024-07-01,-3.838088
gdp,PRE,2025-07-01,-3.844410
gdp,PRI,1960-07-01,-1.102269
gdp,PRI,1961-07-01,-1.057922
gdp,PRI,1962-07-01,-1.042670
gdp,PRI,1963-07-01,-1.010248
gdp,PRI,1964-07-01,-1.004096
gdp,PRI,1965-07-01,-0.981089
gdp,PRI,1966-07-01,-0.972080
gdp,PRI,1967-07-01,-0.933358
gdp,PRI,1968-07-01,-0.925926
gdp,PRI,1969-07-01,-0.865331
gdp,PRI,1970-07-01,-0.787738
gdp,PRI,1971-07-01,-0.761908
gdp,PRI,1972-07-01,-0.752883
gdp,PRI,1973-07-01,-0.758347
gdp,PRI,1974-07-01,-0.735837
gdp,PRI,1975-07-01,-0.748925
gdp,PRI,1976-07-01,-0.747856
gdp,PRI,1977-07-01,-0.739822
gdp,PRI,1978-07-01,-0.729179
gdp,PRI,1979-07-01,-0.685495
gdp,PRI,1980-07-01,-0.643665
gdp,PRI,1981-07-01,-0.658833
gdp,PRI,1982-07-01,-0.657500
gdp,PRI,1983-07-01,-0.727099
gdp,PRI,1984-07-01,-0.740643
gdp,PRI,1985-07-01,-0.751891
gdp,PRI,1986-07-01,-0.737709
gdp,PRI,1987-07-01,-0.716074
gdp,PRI,1988-07-01,-0.699968
gdp,PRI,1989-07-01,-0.693250
gdp,PRI,1990-07-01,-0.738357
gdp,PRI,1991-07-01,-0.708203
gdp,PRI,1992-07-01,-0.690778
gdp,PRI,1993-07-01,-0.667760
gdp,PRI,1994-07-01,-0.663278
gdp,PRI,1995-07-01,-0.642612
gdp,PRI,1996-07-01,-0.656357
gdp,PRI,1997-07-01,-0.649474
gdp,PRI,1998-07-01,-0.633588
gdp,PRI,1999-07-01,-0.621390
gdp,PRI,2000-07-01,-0.620799
gdp,PRI,2001-07-01,-0.561331
gdp,PRI,2002-07-01,-0.561081
gdp,PRI,2003-07-01,-0.580150
gdp,PRI,2004-07-01,-0.524987
gdp,PRI,2005-07-01,-0.568639
gdp,PRI,2006-07-01,-0.596421
gdp,PRI,2007-07-01,-0.612591
gdp,PRI,2008-07-01,-0.617014
gdp,PRI,2009-07-01,-0.596408
gdp,PRI,2010-07-01,-0.614411
gdp,PRI,2011-07-01,-0.617244
gdp,PRI,2012-07-01,-0.622784
gdp,PRI,2013-07-01,-0.631125
gdp,PRI,2014-07-01,-0.647203
gdp,PRI,2015-07-01,-0.664799
gdp,PRI,2016-07-01,-0.672088
gdp,PRI,2017-07-01,-0.698515
gdp,PRI,2018-07-01,-0.730618
gdp,PRI,2019-07-01,-0.738002
gdp,PRI,2020-07-01,-0.749181
gdp,PRI,2021-07-01,-0.797702
gdp,PRI,2022-07-01,-0.774658
gdp,PRI,2023-07-01,-0.782973
gdp,PRI,2024-07-01,-0.769247
gdp,PRI,2025-07-01,-0.776697
gdp,PRT,1960-07-01,-1.541096
gdp,PRT,1961-07-01,-1.501438
gdp,PRT,1962-07-01,-1.488437
gdp,PRT,1963-07-01,-1.464064
gdp,PRT,1964-07-01,-1.445912
gdp,PRT,1965-07-01,-1.419336
gdp,PRT,1966-07-01,-1.423251
gdp,PRT,1967-07-01,-1.357977
gdp,PRT,1968-07-01,-1.305565
gdp,PRT,1969-07-01,-1.296362
gdp,PRT,1970-07-01,-1.190792
gdp,PRT,1971-07-01,-1.142101
gdp,PRT,1972-07-01,-1.103967
gdp,PRT,1973-07-01,-1.043486
gdp,PRT,1974-07-01,-1.031514
gdp,PRT,1975-07-01,-1.102050
gdp,PRT,1976-07-01,-1.106742
gdp,PRT,1977-07-01,-1.097993
gdp,PRT,1978-07-01,-1.124291
gdp,PRT,1979-07-01,-1.100287
gdp,PRT,1980-07-01,-1.054063
gdp,PRT,1981-07-01,-1.061929
gdp,PRT,1982-07-01,-1.019185
gdp,PRT,1983-07-01,-1.061232
gdp,PRT,1984-07-01,-1.145264
gdp,PRT,1985-07-01,-1.152301
gdp,PRT,1986-07-01,-1.137434
gdp,PRT,1987-07-01,-1.100329
gdp,PRT,1988-07-01,-1.058911
gdp,PRT,1989-07-01,-1.021655
gdp,PRT,1990-07-01,-0.988118
gdp,PRT,1991-07-01,-0.928612
gdp,PRT,1992-07-01,-0.937748
gdp,PRT,1993-07-01,-0.973575
gdp,PRT,1994-07-01,-0.993901
gdp,PRT,1995-07-01,-0.970009
gdp,PRT,1996-07-01,-0.964726
gdp,PRT,1997-07-01,-0.957594
gdp,PRT,1998-07-01,-0.947887
gdp,PRT,1999-07-01,-0.950511
gdp,PRT,2000-07-01,-0.948927
gdp,PRT,2001-07-01,-0.936341
gdp,PRT,2002-07-01,-0.941722
gdp,PRT,2003-07-01,-0.973802
gdp,PRT,2004-07-01,-0.986965
gdp,PRT,2005-07-01,-1.006058
gdp,PRT,2006-07-01,-1.009564
gdp,PRT,2007-07-01,-0.997100
gdp,PRT,2008-07-01,-0.987031
gdp,PRT,2009-07-01,-0.984834
gdp,PRT,2010-07-01,-0.986200
gdp,PRT,2011-07-01,-1.009612
gdp,PRT,2012-07-01,-1.061559
gdp,PRT,2013-07-01,-1.079352
gdp,PRT,2014-07-01,-1.083538
gdp,PRT,2015-07-01,-1.084675
gdp,PRT,2016-07-01,-1.071852
gdp,PRT,2017-07-01,-1.054153
gdp,PRT,2018-07-01,-1.046884
gdp,PRT,2019-07-01,-1.040394
gdp,PRT,2020-07-01,-1.101935
gdp,PRT,2021-07-01,-1.112234
gdp,PRT,2022-07-01,-1.070916
gdp,PRT,2023-07-01,-1.074774
gdp,PRT,2024-07-01,-1.081771
gdp,PRT,2025-07-01,-1.089708
gdp,PRY,1960-07-01,-2.533103
gdp,PRY,1961-07-01,-2.495568
gdp,PRY,1962-07-01,-2.530383
gdp,PRY,1963-07-01,-2.537444
gdp,PRY,1964-07-01,-2.563685
gdp,PRY,1965-07-01,-2.578167
gdp,PRY,1966-07-01,-2.634234
gdp,PRY,1967-07-01,-2.584265
gdp,PRY,1968-07-01,-2.600112
gdp,PRY,1969-07-01,-2.597714
gdp,PRY,1970-07-01,-2.556640
gdp,PRY,1971-07-01,-2.545061
gdp,PRY,1972-07-01,-2.544575
gdp,PRY,1973-07-01,-2.543661
gdp,PRY,1974-07-01,-2.473496
gdp,PRY,1975-07-01,-2.420136
gdp,PRY,1976-07-01,-2.415205
gdp,PRY,1977-07-01,-2.366267
gdp,PRY,1978-07-01,-2.320894
gdp,PRY,1979-07-01,-2.254369
gdp,PRY,1980-07-01,-2.157751
gdp,PRY,1981-07-01,-2.112515
gdp,PRY,1982-07-01,-2.126704
gdp,PRY,1983-07-01,-2.221358
gdp,PRY,1984-07-01,-2.282980
gdp,PRY,1985-07-01,-2.298965
gdp,PRY,1986-07-01,-2.303617
gdp,PRY,1987-07-01,-2.283789
gdp,PRY,1988-07-01,-2.286204
gdp,PRY,1989-07-01,-2.273458
gdp,PRY,1990-07-01,-2.267551
gdp,PRY,1991-07-01,-2.245323
gdp,PRY,1992-07-01,-2.275267
gdp,PRY,1993-07-01,-2.266367
gdp,PRY,1994-07-01,-2.266406
gdp,PRY,1995-07-01,-2.238938
gdp,PRY,1996-07-01,-2.271974
gdp,PRY,1997-07-01,-2.284438
gdp,PRY,1998-07-01,-2.337745
gdp,PRY,1999-07-01,-2.407614
gdp,PRY,2000-07-01,-2.479212
gdp,PRY,2001-07-01,-2.504078
gdp,PRY,2002-07-01,-2.525971
gdp,PRY,2003-07-01,-2.514947
gdp,PRY,2004-07-01,-2.515200
gdp,PRY,2005-07-01,-2.530175
gdp,PRY,2006-07-01,-2.511463
gdp,PRY,2007-07-01,-2.478799
gdp,PRY,2008-07-01,-2.417236
gdp,PRY,2009-07-01,-2.395201
gdp,PRY,2010-07-01,-2.319815
gdp,PRY,2011-07-01,-2.298715
gdp,PRY,2012-07-01,-2.334538
gdp,PRY,2013-07-01,-2.282643
gdp,PRY,2014-07-01,-2.262451
gdp,PRY,2015-07-01,-2.268963
gdp,PRY,2016-07-01,-2.251853
gdp,PRY,2017-07-01,-2.236449
gdp,PRY,2018-07-01,-2.242179
gdp,PRY,2019-07-01,-2.280113
gdp,PRY,2020-07-01,-2.276746
gdp,PRY,2021-07-01,-2.307814
gdp,PRY,2022-07-01,-2.338678
gdp,PRY,2023-07-01,-2.320166
gdp,PRY,2024-07-01,-2.304824
gdp,PRY,2025-07-01,-2.268709
gdp,PSE,1994-07-01,-2.956593
gdp,PSE,1995-07-01,-2.947195
gdp,PSE,1996-07-01,-3.005301
gdp,PSE,1997-07-01,-2.944683
gdp,PSE,1998-07-01,-2.868479
gdp,PSE,1999-07-01,-2.849766
gdp,PSE,2000-07-01,-2.993596
gdp,PSE,2001-07-01,-3.116496
gdp,PSE,2002-07-01,-3.283031
gdp,PSE,2003-07-01,-3.196395
gdp,PSE,2004-07-01,-3.052218
gdp,PSE,2005-07-01,-2.995821
gdp,PSE,2006-07-01,-3.049211
gdp,PSE,2007-07-01,-3.047910
gdp,PSE,2008-07-01,-2.995439
gdp,PSE,2009-07-01,-2.904808
gdp,PSE,2010-07-01,-2.892746
gdp,PSE,2011-07-01,-2.833922
gdp,PSE,2012-07-01,-2.814070
gdp,PSE,2013-07-01,-2.805554
gdp,PSE,2014-07-01,-2.847540
gdp,PSE,2015-07-01,-2.854958
gdp,PSE,2016-07-01,-2.802659
gdp,PSE,2017-07-01,-2.825802
gdp,PSE,2018-07-01,-2.862305
gdp,PSE,2019-07-01,-2.894247
gdp,PSE,2020-07-01,-3.014113
gdp,PSE,2021-07-01,-3.029041
gdp,PSE,2022-07-01,-3.032516
gdp,PSE,2023-07-01,-3.086913
gdp,PSE,2024-07-01,-3.387978
gdp,PSE,2025-07-01,-3.384865
gdp,PSS,1970-07-01,-2.228060
gdp,PSS,1971-07-01,-2.206847
gdp,PSS,1972-07-01,-2.214036
gdp,PSS,1973-07-01,-2.174330
gdp,PSS,1974-07-01,-2.148788
gdp,PSS,1975-07-01,-2.152860
gdp,PSS,1976-07-01,-2.206888
gdp,PSS,1977-07-01,-2.231189
gdp,PSS,1978-07-01,-2.275573
gdp,PSS,1979-07-01,-2.236157
gdp,PSS,1980-07-01,-2.281527
gdp,PSS,1981-07-01,-2.289631
gdp,PSS,1982-07-01,-2.316733
gdp,PSS,1983-07-01,-2.385768
gdp,PSS,1984-07-01,-2.417082
gdp,PSS,1985-07-01,-2.488207
gdp,PSS,1986-07-01,-2.483262
gdp,PSS,1987-07-01,-2.547720
gdp,PSS,1988-07-01,-2.585418
gdp,PSS,1989-07-01,-2.584021
gdp,PSS,1990-07-01,-2.570028
gdp,PSS,1991-07-01,-2.575084
gdp,PSS,1992-07-01,-2.563491
gdp,PSS,1993-07-01,-2.573045
gdp,PSS,1994-07-01,-2.566647
gdp,PSS,1995-07-01,-2.551112
gdp,PSS,1996-07-01,-2.560147
gdp,PSS,1997-07-01,-2.618563
gdp,PSS,1998-07-01,-2.652017
gdp,PSS,1999-07-01,-2.660859
gdp,PSS,2000-07-01,-2.718242
gdp,PSS,2001-07-01,-2.722428
gdp,PSS,2002-07-01,-2.723524
gdp,PSS,2003-07-01,-2.735521
gdp,PSS,2004-07-01,-2.736752
gdp,PSS,2005-07-01,-2.748727
gdp,PSS,2006-07-01,-2.753955
gdp,PSS,2007-07-01,-2.773811
gdp,PSS,2008-07-01,-2.755884
gdp,PSS,2009-07-01,-2.735668
gdp,PSS,2010-07-01,-2.730124
gdp,PSS,2011-07-01,-2.713659
gdp,PSS,2012-07-01,-2.731214
gdp,PSS,2013-07-01,-2.725723
gdp,PSS,2014-07-01,-2.720617
gdp,PSS,2015-07-01,-2.715704
gdp,PSS,2016-07-01,-2.701993
gdp,PSS,2017-07-01,-2.694142
gdp,PSS,2018-07-01,-2.703317
gdp,PSS,2019-07-01,-2.722538
gdp,PSS,2020-07-01,-2.815928
gdp,PSS,2021-07-01,-2.912088
gdp,PSS,2022-07-01,-2.862835
gdp,PSS,2023-07-01,-2.826090
gdp,PSS,2024-07-01,-2.820306
gdp,PSS,2025-07-01,-2.815926
gdp,PST,1960-07-01,-0.504417
gdp,PST,1961-07-01,-0.479933
gdp,PST,1962-07-01,-0.481556
gdp,PST,1963-07-01,-0.472878
gdp,PST,1964-07-01,-0.464617
gdp,PST,1965-07-01,-0.471236
gdp,PST,1966-07-01,-0.479290
gdp,PST,1967-07-01,-0.465570
gdp,PST,1968-07-01,-0.454695
gdp,PST,1969-07-01,-0.430412
gdp,PST,1970-07-01,-0.403533
gdp,PST,1971-07-01,-0.399638
gdp,PST,1972-07-01,-0.398413
gdp,PST,1973-07-01,-0.392785
gdp,PST,1974-07-01,-0.376617
gdp,PST,1975-07-01,-0.370160
gdp,PST,1976-07-01,-0.373385
gdp,PST,1977-07-01,-0.379155
gdp,PST,1978-07-01,-0.387499
gdp,PST,1979-07-01,-0.377597
gdp,PST,1980-07-01,-0.362036
gdp,PST,1981-07-01,-0.365147
gdp,PST,1982-07-01,-0.340852
gdp,PST,1983-07-01,-0.351410
gdp,PST,1984-07-01,-0.370337
gdp,PST,1985-07-01,-0.371460
gdp,PST,1986-07-01,-0.369541
gdp,PST,1987-07-01,-0.365501
gdp,PST,1988-07-01,-0.357797
gdp,PST,1989-07-01,-0.353714
gdp,PST,1990-07-01,-0.341138
gdp,PST,1991-07-01,-0.323642
gdp,PST,1992-07-01,-0.332138
gdp,PST,1993-07-01,-0.340676
gdp,PST,1994-07-01,-0.341514
gdp,PST,1995-07-01,-0.333819
gdp,PST,1996-07-01,-0.335814
gdp,PST,1997-07-01,-0.338317
gdp,PST,1998-07-01,-0.348385
gdp,PST,1999-07-01,-0.353708
gdp,PST,2000-07-01,-0.347566
gdp,PST,2001-07-01,-0.337067
gdp,PST,2002-07-01,-0.334454
gdp,PST,2003-07-01,-0.338559
gdp,PST,2004-07-01,-0.340803
gdp,PST,2005-07-01,-0.343217
gdp,PST,2006-07-01,-0.337379
gdp,PST,2007-07-01,-0.328012
gdp,PST,2008-07-01,-0.322093
gdp,PST,2009-07-01,-0.326865
gdp,PST,2010-07-01,-0.321067
gdp,PST,2011-07-01,-0.315466
gdp,PST,2012-07-01,-0.321858
gdp,PST,2013-07-01,-0.324023
gdp,PST,2014-07-01,-0.324620
gdp,PST,2015-07-01,-0.327789
gdp,PST,2016-07-01,-0.324674
gdp,PST,2017-07-01,-0.321327
gdp,PST,2018-07-01,-0.325634
gdp,PST,2019-07-01,-0.331348
gdp,PST,2020-07-01,-0.349343
gdp,PST,2021-07-01,-0.350516
gdp,PST,2022-07-01,-0.342303
gdp,PST,2023-07-01,-0.348631
gdp,PST,2024-07-01,-0.355196
gdp,PST,2025-07-01,-0.358781
gdp,PYF,1965-07-01,0.001119
gdp,PYF,1966-07-01,0.007325
gdp,PYF,1967-07-01,-0.089021
gdp,PYF,1968-07-01,-0.021186
gdp,PYF,1969-07-01,-0.103895
gdp,PYF,1970-07-01,-0.113070
gdp,PYF,1971-07-01,-0.053405
gdp,PYF,1972-07-01,-0.174877
gdp,PYF,1973-07-01,-0.177500
gdp,PYF,1974-07-01,-0.029182
gdp,PYF,1975-07-01,-0.098482
gdp,PYF,1976-07-01,-0.092518
gdp,PYF,1977-07-01,-0.137038
gdp,PYF,1978-07-01,-0.117169
gdp,PYF,1979-07-01,-0.130621
gdp,PYF,1980-07-01,-0.145446
gdp,PYF,1981-07-01,-0.166248
gdp,PYF,1982-07-01,-0.153006
gdp,PYF,1983-07-01,-0.194941
gdp,PYF,1984-07-01,-0.259925
gdp,PYF,1985-07-01,-0.328976
gdp,PYF,1986-07-01,-0.252256
gdp,PYF,1987-07-01,-0.290081
gdp,PYF,1988-07-01,-0.383177
gdp,PYF,1989-07-01,-0.410989
gdp,PYF,1990-07-01,-0.437570
gdp,PYF,1991-07-01,-0.406505
gdp,PYF,1992-07-01,-0.460134
gdp,PYF,1993-07-01,-0.504307
gdp,PYF,1994-07-01,-0.564566
gdp,PYF,1995-07-01,-0.598380
gdp,PYF,1996-07-01,-0.645550
gdp,PYF,1997-07-01,-0.694229
gdp,PYF,1998-07-01,-0.725562
gdp,PYF,1999-07-01,-0.757902
gdp,PYF,2000-07-01,-0.770495
gdp,PYF,2001-07-01,-0.789053
gdp,PYF,2002-07-01,-0.803165
gdp,PYF,2003-07-01,-0.816563
gdp,PYF,2004-07-01,-0.851236
gdp,PYF,2005-07-01,-0.888125
gdp,PYF,2006-07-01,-0.911309
gdp,PYF,2007-07-01,-0.916873
gdp,PYF,2008-07-01,-0.915740
gdp,PYF,2009-07-01,-0.928204
gdp,PYF,2010-07-01,-0.975377
gdp,PYF,2011-07-01,-1.017274
gdp,PYF,2012-07-01,-1.046223
gdp,PYF,2013-07-01,-1.061637
gdp,PYF,2014-07-01,-1.078704
gdp,PYF,2015-07-01,-1.087219
gdp,PYF,2016-07-01,-1.079343
gdp,PYF,2017-07-01,-1.057913
gdp,PYF,2018-07-01,-1.062404
gdp,PYF,2019-07-01,-1.053428
gdp,PYF,2020-07-01,-1.140693
gdp,PYF,2021-07-01,-1.167803
gdp,PYF,2022-07-01,-1.160180
gdp,PYF,2023-07-01,-1.156160
gdp,PYF,2024-07-01,-1.165355
gdp,QAT,1970-07-01,1.150310
gdp,QAT,1971-07-01,1.104706
gdp,QAT,1972-07-01,1.060034
gdp,QAT,1973-07-01,1.017531
gdp,QAT,1974-07-01,0.998195
gdp,QAT,1975-07-01,0.982293
gdp,QAT,1976-07-01,0.940061
gdp,QAT,1977-07-01,0.754271
gdp,QAT,1978-07-01,0.725138
gdp,QAT,1979-07-01,0.688552
gdp,QAT,1980-07-01,0.625970
gdp,QAT,1981-07-01,0.557721
gdp,QAT,1982-07-01,0.454767
gdp,QAT,1983-07-01,0.343979
gdp,QAT,1984-07-01,0.274655
gdp,QAT,1985-07-01,0.170619
gdp,QAT,1986-07-01,0.153748
gdp,QAT,1987-07-01,0.091749
gdp,QAT,1988-07-01,0.081989
gdp,QAT,1989-07-01,0.081359
gdp,QAT,1990-07-01,0.073982
gdp,QAT,1991-07-01,0.038864
gdp,QAT,1992-07-01,0.093419
gdp,QAT,1993-07-01,0.034912
gdp,QAT,1994-07-01,-0.008552
gdp,QAT,1995-07-01,-0.028756
gdp,QAT,1996-07-01,-0.039514
gdp,QAT,1997-07-01,0.151669
gdp,QAT,1998-07-01,0.172667
gdp,QAT,1999-07-01,0.125735
gdp,QAT,2000-07-01,0.122433
gdp,QAT,2001-07-01,0.111258
gdp,QAT,2002-07-01,0.125114
gdp,QAT,2003-07-01,0.096664
gdp,QAT,2004-07-01,0.206199
gdp,QAT,2005-07-01,0.188257
gdp,QAT,2006-07-01,0.238566
gdp,QAT,2007-07-01,0.176622
gdp,QAT,2008-07-01,0.181527
gdp,QAT,2009-07-01,0.209325
gdp,QAT,2010-07-01,0.340981
gdp,QAT,2011-07-01,0.450897
gdp,QAT,2012-07-01,0.423092
gdp,QAT,2013-07-01,0.346333
gdp,QAT,2014-07-01,0.253916
gdp,QAT,2015-07-01,0.193486
gdp,QAT,2016-07-01,0.158496
gdp,QAT,2017-07-01,0.098698
gdp,QAT,2018-07-01,0.073981
gdp,QAT,2019-07-01,0.038284
gdp,QAT,2020-07-01,-0.030078
gdp,QAT,2021-07-01,0.037205
gdp,QAT,2022-07-01,-0.000103
gdp,QAT,2023-07-01,-0.008507
gdp,QAT,2024-07-01,-0.069059
gdp,QAT,2025-07-01,-0.095862
gdp,ROU,1990-07-01,-2.055361
gdp,ROU,1991-07-01,-2.170550
gdp,ROU,1992-07-01,-2.274021
gdp,ROU,1993-07-01,-2.271447
gdp,ROU,1994-07-01,-2.258664
gdp,ROU,1995-07-01,-2.210753
gdp,ROU,1996-07-01,-2.194939
gdp,ROU,1997-07-01,-2.273237
gdp,ROU,1998-07-01,-2.323872
gdp,ROU,1999-07-01,-2.361366
gdp,ROU,2000-07-01,-2.364595
gdp,ROU,2001-07-01,-2.299388
gdp,ROU,2002-07-01,-2.233202
gdp,ROU,2003-07-01,-2.221826
gdp,ROU,2004-07-01,-2.145434
gdp,ROU,2005-07-01,-2.118660
gdp,ROU,2006-07-01,-2.053330
gdp,ROU,2007-07-01,-1.979046
gdp,ROU,2008-07-01,-1.865065
gdp,ROU,2009-07-01,-1.878612
gdp,ROU,2010-07-01,-1.930647
gdp,ROU,2011-07-01,-1.889353
gdp,ROU,2012-07-01,-1.880693
gdp,ROU,2013-07-01,-1.887588
gdp,ROU,2014-07-01,-1.860471
gdp,ROU,2015-07-01,-1.845739
gdp,ROU,2016-07-01,-1.821979
gdp,ROU,2017-07-01,-1.754780
gdp,ROU,2018-07-01,-1.719734
gdp,ROU,2019-07-01,-1.695986
gdp,ROU,2020-07-01,-1.702003
gdp,ROU,2021-07-01,-1.698303
gdp,ROU,2022-07-01,-1.672660
gdp,ROU,2023-07-01,-1.671689
gdp,ROU,2024-07-01,-1.680032
gdp,ROU,2025-07-01,-1.687779
gdp,RUS,1989-07-01,-1.568699
gdp,RUS,1990-07-01,-1.608226
gdp,RUS,1991-07-01,-1.648434
gdp,RUS,1992-07-01,-1.827171
gdp,RUS,1993-07-01,-1.931271
gdp,RUS,1994-07-01,-2.092494
gdp,RUS,1995-07-01,-2.149178
gdp,RUS,1996-07-01,-2.211396
gdp,RUS,1997-07-01,-2.227312
gdp,RUS,1998-07-01,-2.312311
gdp,RUS,1999-07-01,-2.282474
gdp,RUS,2000-07-01,-2.211796
gdp,RUS,2001-07-01,-2.157425
gdp,RUS,2002-07-01,-2.114479
gdp,RUS,2003-07-01,-2.058461
gdp,RUS,2004-07-01,-2.013410
gdp,RUS,2005-07-01,-1.972585
gdp,RUS,2006-07-01,-1.908321
gdp,RUS,2007-07-01,-1.835361
gdp,RUS,2008-07-01,-1.775905
gdp,RUS,2009-07-01,-1.822547
gdp,RUS,2010-07-01,-1.797113
gdp,RUS,2011-07-01,-1.763791
gdp,RUS,2012-07-01,-1.741503
gdp,RUS,2013-07-01,-1.740468
gdp,RUS,2014-07-01,-1.768716
gdp,RUS,2015-07-01,-1.812792
gdp,RUS,2016-07-01,-1.823872
gdp,RUS,2017-07-01,-1.825203
gdp,RUS,2018-07-01,-1.821778
gdp,RUS,2019-07-01,-1.820942
gdp,RUS,2020-07-01,-1.821416
gdp,RUS,2021-07-01,-1.819216
gdp,RUS,2022-07-01,-1.849479
gdp,RUS,2023-07-01,-1.827483
gdp,RUS,2024-07-01,-1.796267
gdp,RUS,2025-07-01,-1.801344
gdp,RWA,1960-07-01,-4.043102
gdp,RWA,1961-07-01,-4.120761
gdp,RWA,1962-07-01,-4.082418
gdp,RWA,1963-07-01,-4.237065
gdp,RWA,1964-07-01,-4.435723
gdp,RWA,1965-07-01,-4.443665
gdp,RWA,1966-07-01,-4.455693
gdp,RWA,1967-07-01,-4.432816
gdp,RWA,1968-07-01,-4.432969
gdp,RWA,1969-07-01,-4.380139
gdp,RWA,1970-07-01,-4.342823
gdp,RWA,1971-07-01,-4.380130
gdp,RWA,1972-07-01,-4.446935
gdp,RWA,1973-07-01,-4.487630
gdp,RWA,1974-07-01,-4.488371
gdp,RWA,1975-07-01,-4.527219
gdp,RWA,1976-07-01,-4.421569
gdp,RWA,1977-07-01,-4.466510
gdp,RWA,1978-07-01,-4.451844
gdp,RWA,1979-07-01,-4.390008
gdp,RWA,1980-07-01,-4.323168
gdp,RWA,1981-07-01,-4.317459
gdp,RWA,1982-07-01,-4.304589
gdp,RWA,1983-07-01,-4.315542
gdp,RWA,1984-07-01,-4.453769
gdp,RWA,1985-07-01,-4.476414
gdp,RWA,1986-07-01,-4.481351
gdp,RWA,1987-07-01,-4.539388
gdp,RWA,1988-07-01,-4.559095
gdp,RWA,1989-07-01,-4.616696
gdp,RWA,1990-07-01,-4.674552
gdp,RWA,1991-07-01,-4.705926
gdp,RWA,1992-07-01,-4.690161
gdp,RWA,1993-07-01,-4.826719
gdp,RWA,1994-07-01,-5.390794
gdp,RWA,1995-07-01,-4.923731
gdp,RWA,1996-07-01,-4.996666
gdp,RWA,1997-07-01,-5.043381
gdp,RWA,1998-07-01,-5.031931
gdp,RWA,1999-07-01,-5.032784
gdp,RWA,2000-07-01,-4.989303
gdp,RWA,2001-07-01,-4.916346
gdp,RWA,2002-07-01,-4.813567
gdp,RWA,2003-07-01,-4.832741
gdp,RWA,2004-07-01,-4.815838
gdp,RWA,2005-07-01,-4.777825
gdp,RWA,2006-07-01,-4.734057
gdp,RWA,2007-07-01,-4.697428
gdp,RWA,2008-07-01,-4.609577
gdp,RWA,2009-07-01,-4.539892
gdp,RWA,2010-07-01,-4.512480
gdp,RWA,2011-07-01,-4.468030
gdp,RWA,2012-07-01,-4.423734
gdp,RWA,2013-07-01,-4.415041
gdp,RWA,2014-07-01,-4.401042
gdp,RWA,2015-07-01,-4.361037
gdp,RWA,2016-07-01,-4.339867
gdp,RWA,2017-07-01,-4.334707
gdp,RWA,2018-07-01,-4.303622
gdp,RWA,2019-07-01,-4.257990
gdp,RWA,2020-07-01,-4.283460
gdp,RWA,2021-07-01,-4.282735
gdp,RWA,2022-07-01,-4.230158
gdp,RWA,2023-07-01,-4.190708
gdp,RWA,2024-07-01,-4.160295
gdp,RWA,2025-07-01,-4.108536
gdp,SAS,1960-07-01,-4.047836
gdp,SAS,1961-07-01,-4.039022
gdp,SAS,1962-07-01,-4.074730
gdp,SAS,1963-07-01,-4.079582
gdp,SAS,1964-07-01,-4.071105
gdp,SAS,1965-07-01,-4.162584
gdp,SAS,1966-07-01,-4.229991
gdp,SAS,1967-07-01,-4.205915
gdp,SAS,1968-07-01,-4.223755
gdp,SAS,1969-07-01,-4.209953
gdp,SAS,1970-07-01,-4.173129
gdp,SAS,1971-07-01,-4.208119
gdp,SAS,1972-07-01,-4.292001
gdp,SAS,1973-07-01,-4.327217
gdp,SAS,1974-07-01,-4.313326
gdp,SAS,1975-07-01,-4.254560
gdp,SAS,1976-07-01,-4.299382
gdp,SAS,1977-07-01,-4.294232
gdp,SAS,1978-07-01,-4.303876
gdp,SAS,1979-07-01,-4.383467
gdp,SAS,1980-07-01,-4.337994
gdp,SAS,1981-07-01,-4.316945
gdp,SAS,1982-07-01,-4.279796
gdp,SAS,1983-07-01,-4.274596
gdp,SAS,1984-07-01,-4.319021
gdp,SAS,1985-07-01,-4.324723
gdp,SAS,1986-07-01,-4.326501
gdp,SAS,1987-07-01,-4.336471
gdp,SAS,1988-07-01,-4.308684
gdp,SAS,1989-07-01,-4.304004
gdp,SAS,1990-07-01,-4.278699
gdp,SAS,1991-07-01,-4.270463
gdp,SAS,1992-07-01,-4.259551
gdp,SAS,1993-07-01,-4.247178
gdp,SAS,1994-07-01,-4.232911
gdp,SAS,1995-07-01,-4.197955
gdp,SAS,1996-07-01,-4.174816
gdp,SAS,1997-07-01,-4.184595
gdp,SAS,1998-07-01,-4.177966
gdp,SAS,1999-07-01,-4.153370
gdp,SAS,2000-07-01,-4.160854
gdp,SAS,2001-07-01,-4.134140
gdp,SAS,2002-07-01,-4.122345
gdp,SAS,2003-07-01,-4.086147
gdp,SAS,2004-07-01,-4.058325
gdp,SAS,2005-07-01,-4.025353
gdp,SAS,2006-07-01,-3.982145
gdp,SAS,2007-07-01,-3.934186
gdp,SAS,2008-07-01,-3.905324
gdp,SAS,2009-07-01,-3.812809
gdp,SAS,2010-07-01,-3.765839
gdp,SAS,2011-07-01,-3.733701
gdp,SAS,2012-07-01,-3.706447
gdp,SAS,2013-07-01,-3.671504
gdp,SAS,2014-07-01,-3.630551
gdp,SAS,2015-07-01,-3.588986
gdp,SAS,2016-07-01,-3.533960
gdp,SAS,2017-07-01,-3.496804
gdp,SAS,2018-07-01,-3.468726
gdp,SAS,2019-07-01,-3.459128
gdp,SAS,2020-07-01,-3.494878
gdp,SAS,2021-07-01,-3.472993
gdp,SAS,2022-07-01,-3.431681
gdp,SAS,2023-07-01,-3.395533
gdp,SAS,2024-07-01,-3.356955
gdp,SAS,2025-07-01,-3.313124
gdp,SAU,1960-07-01,-0.168952
gdp,SAU,1961-07-01,-0.099548
gdp,SAU,1962-07-01,-0.067489
gdp,SAU,1963-07-01,-0.049639
gdp,SAU,1964-07-01,-0.045046
gdp,SAU,1965-07-01,-0.017179
gdp,SAU,1966-07-01,-0.027206
gdp,SAU,1967-07-01,0.006458
gdp,SAU,1968-07-01,0.004397
gdp,SAU,1969-07-01,0.002140
gdp,SAU,1970-07-01,0.392567
gdp,SAU,1971-07-01,0.470213
gdp,SAU,1972-07-01,0.554207
gdp,SAU,1973-07-01,0.661642
gdp,SAU,1974-07-01,0.773915
gdp,SAU,1975-07-01,0.676976
gdp,SAU,1976-07-01,0.721944
gdp,SAU,1977-07-01,0.688397
gdp,SAU,1978-07-01,0.589710
gdp,SAU,1979-07-01,0.615538
gdp,SAU,1980-07-01,0.625451
gdp,SAU,1981-07-01,0.579819
gdp,SAU,1982-07-01,0.370881
gdp,SAU,1983-07-01,0.157856
gdp,SAU,1984-07-01,-0.003715
gdp,SAU,1985-07-01,-0.167921
gdp,SAU,1986-07-01,-0.239539
gdp,SAU,1987-07-01,-0.352895
gdp,SAU,1988-07-01,-0.374030
gdp,SAU,1989-07-01,-0.447053
gdp,SAU,1990-07-01,-0.413703
gdp,SAU,1991-07-01,-0.367971
gdp,SAU,1992-07-01,-0.389980
gdp,SAU,1993-07-01,-0.444434
gdp,SAU,1994-07-01,-0.504986
gdp,SAU,1995-07-01,-0.557877
gdp,SAU,1996-07-01,-0.590721
gdp,SAU,1997-07-01,-0.634637
gdp,SAU,1998-07-01,-0.676546
gdp,SAU,1999-07-01,-0.754377
gdp,SAU,2000-07-01,-0.781712
gdp,SAU,2001-07-01,-0.829895
gdp,SAU,2002-07-01,-0.894151
gdp,SAU,2003-07-01,-0.876818
gdp,SAU,2004-07-01,-0.868447
gdp,SAU,2005-07-01,-0.879998
gdp,SAU,2006-07-01,-0.908031
gdp,SAU,2007-07-01,-0.937960
gdp,SAU,2008-07-01,-0.909413
gdp,SAU,2009-07-01,-0.924417
gdp,SAU,2010-07-01,-0.883460
gdp,SAU,2011-07-01,-0.825272
gdp,SAU,2012-07-01,-0.825931
gdp,SAU,2013-07-01,-0.864407
gdp,SAU,2014-07-01,-0.866418
gdp,SAU,2015-07-01,-0.893837
gdp,SAU,2016-07-01,-0.924566
gdp,SAU,2017-07-01,-0.930912
gdp,SAU,2018-07-01,-0.896983
gdp,SAU,2019-07-01,-0.896564
gdp,SAU,2020-07-01,-0.958568
gdp,SAU,2021-07-01,-0.928892
gdp,SAU,2022-07-01,-0.878983
gdp,SAU,2023-07-01,-0.940649
gdp,SAU,2024-07-01,-0.978764
gdp,SAU,2025-07-01,-0.997195
gdp,SDN,1960-07-01,-3.104477
gdp,SDN,1961-07-01,-3.137972
gdp,SDN,1962-07-01,-3.143096
gdp,SDN,1963-07-01,-3.229320
gdp,SDN,1964-07-01,-3.312759
gdp,SDN,1965-07-01,-3.326816
gdp,SDN,1966-07-01,-3.443812
gdp,SDN,1967-07-01,-3.472400
gdp,SDN,1968-07-01,-3.519165
gdp,SDN,1969-07-01,-3.555530
gdp,SDN,1970-07-01,-3.518106
gdp,SDN,1971-07-01,-3.546198
gdp,SDN,1972-07-01,-3.670116
gdp,SDN,1973-07-01,-3.746226
gdp,SDN,1974-07-01,-3.660230
gdp,SDN,1975-07-01,-3.535463
gdp,SDN,1976-07-01,-3.457584
gdp,SDN,1977-07-01,-3.465280
gdp,SDN,1978-07-01,-3.606281
gdp,SDN,1979-07-01,-3.715784
gdp,SDN,1980-07-01,-3.727077
gdp,SDN,1981-07-01,-3.708635
gdp,SDN,1982-07-01,-3.659102
gdp,SDN,1983-07-01,-3.705422
gdp,SDN,1984-07-01,-3.839896
gdp,SDN,1985-07-01,-3.954823
gdp,SDN,1986-07-01,-3.945690
gdp,SDN,1987-07-01,-3.855749
gdp,SDN,1988-07-01,-3.903264
gdp,SDN,1989-07-01,-3.855997
gdp,SDN,1990-07-01,-3.937277
gdp,SDN,1991-07-01,-3.870689
gdp,SDN,1992-07-01,-3.846947
gdp,SDN,1993-07-01,-3.836307
gdp,SDN,1994-07-01,-3.878345
gdp,SDN,1995-07-01,-3.861219
gdp,SDN,1996-07-01,-3.851944
gdp,SDN,1997-07-01,-3.738536
gdp,SDN,1998-07-01,-3.752851
gdp,SDN,1999-07-01,-3.782909
gdp,SDN,2000-07-01,-3.778591
gdp,SDN,2001-07-01,-3.743655
gdp,SDN,2002-07-01,-3.721230
gdp,SDN,2003-07-01,-3.706032
gdp,SDN,2004-07-01,-3.710963
gdp,SDN,2005-07-01,-3.708826
gdp,SDN,2006-07-01,-3.691707
gdp,SDN,2007-07-01,-3.675461
gdp,SDN,2008-07-01,-3.660226
gdp,SDN,2009-07-01,-3.685217
gdp,SDN,2010-07-01,-3.695791
gdp,SDN,2011-07-01,-3.646329
gdp,SDN,2012-07-01,-3.735708
gdp,SDN,2013-07-01,-3.752832
gdp,SDN,2014-07-01,-3.751323
gdp,SDN,2015-07-01,-3.783922
gdp,SDN,2016-07-01,-3.790409
gdp,SDN,2017-07-01,-3.835334
gdp,SDN,2018-07-01,-3.920761
gdp,SDN,2019-07-01,-3.992497
gdp,SDN,2020-07-01,-4.031234
gdp,SDN,2021-07-01,-4.135166
gdp,SDN,2022-07-01,-4.191045
gdp,SDN,2023-07-01,-4.573617
gdp,SDN,2024-07-01,-4.750057
gdp,SDN,2025-07-01,-4.759796
gdp,SEN,1960-07-01,-2.803361
gdp,SEN,1961-07-01,-2.808203
gdp,SEN,1962-07-01,-2.881605
gdp,SEN,1963-07-01,-2.920026
gdp,SEN,1964-07-01,-2.952790
gdp,SEN,1965-07-01,-3.017879
gdp,SEN,1966-07-01,-3.070254
gdp,SEN,1967-07-01,-3.126047
gdp,SEN,1968-07-01,-3.131782
gdp,SEN,1969-07-01,-3.250153
gdp,SEN,1970-07-01,-3.188366
gdp,SEN,1971-07-01,-3.239420
gdp,SEN,1972-07-01,-3.247977
gdp,SEN,1973-07-01,-3.380630
gdp,SEN,1974-07-01,-3.354026
gdp,SEN,1975-07-01,-3.297176
gdp,SEN,1976-07-01,-3.280997
gdp,SEN,1977-07-01,-3.367714
gdp,SEN,1978-07-01,-3.474692
gdp,SEN,1979-07-01,-3.451072
gdp,SEN,1980-07-01,-3.424524
gdp,SEN,1981-07-01,-3.414855
gdp,SEN,1982-07-01,-3.336367
gdp,SEN,1983-07-01,-3.457022
gdp,SEN,1984-07-01,-3.506899
gdp,SEN,1985-07-01,-3.532749
gdp,SEN,1986-07-01,-3.555502
gdp,SEN,1987-07-01,-3.548981
gdp,SEN,1988-07-01,-3.617983
gdp,SEN,1989-07-01,-3.634381
gdp,SEN,1990-07-01,-3.677944
gdp,SEN,1991-07-01,-3.665665
gdp,SEN,1992-07-01,-3.701270
gdp,SEN,1993-07-01,-3.729236
gdp,SEN,1994-07-01,-3.783716
gdp,SEN,1995-07-01,-3.770701
gdp,SEN,1996-07-01,-3.800542
gdp,SEN,1997-07-01,-3.825606
gdp,SEN,1998-07-01,-3.823858
gdp,SEN,1999-07-01,-3.821913
gdp,SEN,2000-07-01,-3.836717
gdp,SEN,2001-07-01,-3.818374
gdp,SEN,2002-07-01,-3.849767
gdp,SEN,2003-07-01,-3.838383
gdp,SEN,2004-07-01,-3.844960
gdp,SEN,2005-07-01,-3.851178
gdp,SEN,2006-07-01,-3.869239
gdp,SEN,2007-07-01,-3.874918
gdp,SEN,2008-07-01,-3.853627
gdp,SEN,2009-07-01,-3.815265
gdp,SEN,2010-07-01,-3.823921
gdp,SEN,2011-07-01,-3.843546
gdp,SEN,2012-07-01,-3.845716
gdp,SEN,2013-07-01,-3.864905
gdp,SEN,2014-07-01,-3.853165
gdp,SEN,2015-07-01,-3.843192
gdp,SEN,2016-07-01,-3.821528
gdp,SEN,2017-07-01,-3.796296
gdp,SEN,2018-07-01,-3.787428
gdp,SEN,2019-07-01,-3.789860
gdp,SEN,2020-07-01,-3.777740
gdp,SEN,2021-07-01,-3.797866
gdp,SEN,2022-07-01,-3.803996
gdp,SEN,2023-07-01,-3.806873
gdp,SEN,2024-07-01,-3.785406
gdp,SEN,2025-07-01,-3.759854
gdp,SGP,1960-07-01,-1.659745
gdp,SGP,1961-07-01,-1.621122
gdp,SGP,1962-07-01,-1.619827
gdp,SGP,1963-07-01,-1.578094
gdp,SGP,1964-07-01,-1.677737
gdp,SGP,1965-07-01,-1.676146
gdp,SGP,1966-07-01,-1.655488
gdp,SGP,1967-07-01,-1.573519
gdp,SGP,1968-07-01,-1.500793
gdp,SGP,1969-07-01,-1.407025
gdp,SGP,1970-07-01,-1.282569
gdp,SGP,1971-07-01,-1.203646
gdp,SGP,1972-07-01,-1.137678
gdp,SGP,1973-07-01,-1.100963
gdp,SGP,1974-07-01,-1.043672
gdp,SGP,1975-07-01,-1.007244
gdp,SGP,1976-07-01,-0.991962
gdp,SGP,1977-07-01,-0.974688
gdp,SGP,1978-07-01,-0.955168
gdp,SGP,1979-07-01,-0.896673
gdp,SGP,1980-07-01,-0.800858
gdp,SGP,1981-07-01,-0.761481
gdp,SGP,1982-07-01,-0.709026
gdp,SGP,1983-07-01,-0.675607
gdp,SGP,1984-07-01,-0.671446
gdp,SGP,1985-07-01,-0.711048
gdp,SGP,1986-07-01,-0.721563
gdp,SGP,1987-07-01,-0.659088
gdp,SGP,1988-07-01,-0.609575
gdp,SGP,1989-07-01,-0.568800
gdp,SGP,1990-07-01,-0.521397
gdp,SGP,1991-07-01,-0.470664
gdp,SGP,1992-07-01,-0.457170
gdp,SGP,1993-07-01,-0.387934
gdp,SGP,1994-07-01,-0.341315
gdp,SGP,1995-07-01,-0.316979
gdp,SGP,1996-07-01,-0.310967
gdp,SGP,1997-07-01,-0.296128
gdp,SGP,1998-07-01,-0.384453
gdp,SGP,1999-07-01,-0.372125
gdp,SGP,2000-07-01,-0.331755
gdp,SGP,2001-07-01,-0.369108
gdp,SGP,2002-07-01,-0.347334
gdp,SGP,2003-07-01,-0.307088
gdp,SGP,2004-07-01,-0.253344
gdp,SGP,2005-07-01,-0.230798
gdp,SGP,2006-07-01,-0.193674
gdp,SGP,2007-07-01,-0.159289
gdp,SGP,2008-07-01,-0.185718
gdp,SGP,2009-07-01,-0.179729
gdp,SGP,2010-07-01,-0.080004
gdp,SGP,2011-07-01,-0.048158
gdp,SGP,2012-07-01,-0.043941
gdp,SGP,2013-07-01,-0.026474
gdp,SGP,2014-07-01,-0.017823
gdp,SGP,2015-07-01,-0.021404
gdp,SGP,2016-07-01,-0.006189
gdp,SGP,2017-07-01,0.017933
gdp,SGP,2018-07-01,0.021236
gdp,SGP,2019-07-01,0.000955
gdp,SGP,2020-07-01,-0.007583
gdp,SGP,2021-07-01,0.072583
gdp,SGP,2022-07-01,0.059581
gdp,SGP,2023-07-01,0.004701
gdp,SGP,2024-07-01,0.018864
gdp,SGP,2025-07-01,0.039507
gdp,SLB,1980-07-01,-2.642913
gdp,SLB,1981-07-01,-2.711041
gdp,SLB,1982-07-01,-2.734612
gdp,SLB,1983-07-01,-2.766277
gdp,SLB,1984-07-01,-2.859647
gdp,SLB,1985-07-01,-2.956910
gdp,SLB,1986-07-01,-3.016419
gdp,SLB,1987-07-01,-2.992861
gdp,SLB,1988-07-01,-3.044438
gdp,SLB,1989-07-01,-3.060974
gdp,SLB,1990-07-01,-3.077712
gdp,SLB,1991-07-01,-3.035610
gdp,SLB,1992-07-01,-2.966969
gdp,SLB,1993-07-01,-2.971454
gdp,SLB,1994-07-01,-2.950231
gdp,SLB,1995-07-01,-2.897862
gdp,SLB,1996-07-01,-2.936177
gdp,SLB,1997-07-01,-3.005372
gdp,SLB,1998-07-01,-3.052801
gdp,SLB,1999-07-01,-3.119867
gdp,SLB,2000-07-01,-3.325647
gdp,SLB,2001-07-01,-3.427631
gdp,SLB,2002-07-01,-3.482463
gdp,SLB,2003-07-01,-3.456611
gdp,SLB,2004-07-01,-3.429064
gdp,SLB,2005-07-01,-3.400767
gdp,SLB,2006-07-01,-3.395521
gdp,SLB,2007-07-01,-3.387367
gdp,SLB,2008-07-01,-3.335761
gdp,SLB,2009-07-01,-3.290858
gdp,SLB,2010-07-01,-3.244552
gdp,SLB,2011-07-01,-3.217277
gdp,SLB,2012-07-01,-3.244250
gdp,SLB,2013-07-01,-3.243119
gdp,SLB,2014-07-01,-3.284510
gdp,SLB,2015-07-01,-3.324776
gdp,SLB,2016-07-01,-3.316173
gdp,SLB,2017-07-01,-3.337794
gdp,SLB,2018-07-01,-3.367673
gdp,SLB,2019-07-01,-3.397196
gdp,SLB,2020-07-01,-3.428682
gdp,SLB,2021-07-01,-3.513104
gdp,SLB,2022-07-01,-3.582462
gdp,SLB,2023-07-01,-3.599101
gdp,SLB,2024-07-01,-3.611222
gdp,SLB,2025-07-01,-3.615310
gdp,SLE,1960-07-01,-3.067227
gdp,SLE,1961-07-01,-3.071151
gdp,SLE,1962-07-01,-3.086937
gdp,SLE,1963-07-01,-3.115691
gdp,SLE,1964-07-01,-3.110999
gdp,SLE,1965-07-01,-3.109290
gdp,SLE,1966-07-01,-3.162310
gdp,SLE,1967-07-01,-3.194560
gdp,SLE,1968-07-01,-3.230460
gdp,SLE,1969-07-01,-3.188304
gdp,SLE,1970-07-01,-3.115081
gdp,SLE,1971-07-01,-3.119368
gdp,SLE,1972-07-01,-3.169268
gdp,SLE,1973-07-01,-3.210835
gdp,SLE,1974-07-01,-3.180368
gdp,SLE,1975-07-01,-3.170284
gdp,SLE,1976-07-01,-3.235807
gdp,SLE,1977-07-01,-3.288980
gdp,SLE,1978-07-01,-3.327793
gdp,SLE,1979-07-01,-3.323314
gdp,SLE,1980-07-01,-3.283786
gdp,SLE,1981-07-01,-3.290850
gdp,SLE,1982-07-01,-3.236939
gdp,SLE,1983-07-01,-3.315191
gdp,SLE,1984-07-01,-3.358191
gdp,SLE,1985-07-01,-3.466898
gdp,SLE,1986-07-01,-3.503832
gdp,SLE,1987-07-01,-3.485856
gdp,SLE,1988-07-01,-3.618125
gdp,SLE,1989-07-01,-3.662451
gdp,SLE,1990-07-01,-3.676449
gdp,SLE,1991-07-01,-3.650467
gdp,SLE,1992-07-01,-3.863101
gdp,SLE,1993-07-01,-3.861189
gdp,SLE,1994-07-01,-3.911927
gdp,SLE,1995-07-01,-4.011343
gdp,SLE,1996-07-01,-4.024138
gdp,SLE,1997-07-01,-4.129074
gdp,SLE,1998-07-01,-4.153421
gdp,SLE,1999-07-01,-4.213870
gdp,SLE,2000-07-01,-4.202455
gdp,SLE,2001-07-01,-4.326680
gdp,SLE,2002-07-01,-4.156698
gdp,SLE,2003-07-01,-4.125721
gdp,SLE,2004-07-01,-4.125252
gdp,SLE,2005-07-01,-4.134558
gdp,SLE,2006-07-01,-4.132508
gdp,SLE,2007-07-01,-4.127987
gdp,SLE,2008-07-01,-4.108436
gdp,SLE,2009-07-01,-4.085309
gdp,SLE,2010-07-01,-4.069039
gdp,SLE,2011-07-01,-4.024843
gdp,SLE,2012-07-01,-3.964264
gdp,SLE,2013-07-01,-3.865399
gdp,SLE,2014-07-01,-3.987627
gdp,SLE,2015-07-01,-4.076474
gdp,SLE,2016-07-01,-4.047807
gdp,SLE,2017-07-01,-4.057440
gdp,SLE,2018-07-01,-4.075755
gdp,SLE,2019-07-01,-4.065762
gdp,SLE,2020-07-01,-4.076340
gdp,SLE,2021-07-01,-4.099920
gdp,SLE,2022-07-01,-4.089643
gdp,SLE,2023-07-01,-4.076762
gdp,SLE,2024-07-01,-4.073900
gdp,SLE,2025-07-01,-4.065365
gdp,SLV,1965-07-01,-2.145039
gdp,SLV,1966-07-01,-2.155497
gdp,SLV,1967-07-01,-2.144587
gdp,SLV,1968-07-01,-2.177478
gdp,SLV,1969-07-01,-2.191101
gdp,SLV,1970-07-01,-2.177759
gdp,SLV,1971-07-01,-2.183552
gdp,SLV,1972-07-01,-2.188180
gdp,SLV,1973-07-01,-2.209524
gdp,SLV,1974-07-01,-2.165977
gdp,SLV,1975-07-01,-2.147520
gdp,SLV,1976-07-01,-2.162812
gdp,SLV,1977-07-01,-2.153728
gdp,SLV,1978-07-01,-2.166507
gdp,SLV,1979-07-01,-2.248785
gdp,SLV,1980-07-01,-2.422333
gdp,SLV,1981-07-01,-2.503124
gdp,SLV,1982-07-01,-2.551845
gdp,SLV,1983-07-01,-2.590444
gdp,SLV,1984-07-01,-2.657459
gdp,SLV,1985-07-01,-2.703278
gdp,SLV,1986-07-01,-2.745968
gdp,SLV,1987-07-01,-2.765987
gdp,SLV,1988-07-01,-2.799320
gdp,SLV,1989-07-01,-2.836003
gdp,SLV,1990-07-01,-2.815027
gdp,SLV,1991-07-01,-2.803255
gdp,SLV,1992-07-01,-2.772482
gdp,SLV,1993-07-01,-2.743111
gdp,SLV,1994-07-01,-2.734020
gdp,SLV,1995-07-01,-2.710714
gdp,SLV,1996-07-01,-2.735492
gdp,SLV,1997-07-01,-2.742812
gdp,SLV,1998-07-01,-2.755008
gdp,SLV,1999-07-01,-2.774524
gdp,SLV,2000-07-01,-2.797117
gdp,SLV,2001-07-01,-2.792118
gdp,SLV,2002-07-01,-2.787202
gdp,SLV,2003-07-01,-2.792644
gdp,SLV,2004-07-01,-2.813302
gdp,SLV,2005-07-01,-2.812023
gdp,SLV,2006-07-01,-2.786847
gdp,SLV,2007-07-01,-2.780119
gdp,SLV,2008-07-01,-2.753715
gdp,SLV,2009-07-01,-2.743302
gdp,SLV,2010-07-01,-2.743419
gdp,SLV,2011-07-01,-2.717255
gdp,SLV,2012-07-01,-2.707977
gdp,SLV,2013-07-01,-2.703317
gdp,SLV,2014-07-01,-2.707260
gdp,SLV,2015-07-01,-2.707951
gdp,SLV,2016-07-01,-2.695817
gdp,SLV,2017-07-01,-2.692991
gdp,SLV,2018-07-01,-2.693532
gdp,SLV,2019-07-01,-2.690212
gdp,SLV,2020-07-01,-2.749297
gdp,SLV,2021-07-01,-2.698328
gdp,SLV,2022-07-01,-2.692360
gdp,SLV,2023-07-01,-2.684711
gdp,SLV,2024-07-01,-2.681601
gdp,SLV,2025-07-01,-2.663744
gdp,SMR,1997-07-01,0.092065
gdp,SMR,1998-07-01,0.119350
gdp,SMR,1999-07-01,0.157987
gdp,SMR,2000-07-01,0.137940
gdp,SMR,2001-07-01,0.179855
gdp,SMR,2002-07-01,0.162636
gdp,SMR,2003-07-01,0.168934
gdp,SMR,2004-07-01,0.128567
gdp,SMR,2005-07-01,0.114719
gdp,SMR,2006-07-01,0.122886
gdp,SMR,2007-07-01,0.147777
gdp,SMR,2008-07-01,0.136732
gdp,SMR,2009-07-01,0.019280
gdp,SMR,2010-07-01,-0.061296
gdp,SMR,2011-07-01,-0.135974
gdp,SMR,2012-07-01,-0.249367
gdp,SMR,2013-07-01,-0.257759
gdp,SMR,2014-07-01,-0.270021
gdp,SMR,2015-07-01,-0.275799
gdp,SMR,2016-07-01,-0.268982
gdp,SMR,2017-07-01,-0.305389
gdp,SMR,2018-07-01,-0.334327
gdp,SMR,2019-07-01,-0.338315
gdp,SMR,2020-07-01,-0.385070
gdp,SMR,2021-07-01,-0.298058
gdp,SMR,2022-07-01,-0.226657
gdp,SMR,2023-07-01,-0.246447
gdp,SOM,1960-07-01,-4.087107
gdp,SOM,1961-07-01,-4.152419
gdp,SOM,1962-07-01,-4.153967
gdp,SOM,1963-07-01,-4.181081
gdp,SOM,1964-07-01,-4.312782
gdp,SOM,1965-07-01,-4.449890
gdp,SOM,1966-07-01,-4.440498
gdp,SOM,1967-07-01,-4.422819
gdp,SOM,1968-07-01,-4.465920
gdp,SOM,1969-07-01,-4.530094
gdp,SOM,1970-07-01,-4.502220
gdp,SOM,1971-07-01,-4.527016
gdp,SOM,1972-07-01,-4.454971
gdp,SOM,1973-07-01,-4.656470
gdp,SOM,1974-07-01,-4.660341
gdp,SOM,1975-07-01,-4.536453
gdp,SOM,1976-07-01,-4.623195
gdp,SOM,1977-07-01,-4.557153
gdp,SOM,1978-07-01,-4.615243
gdp,SOM,1979-07-01,-4.810273
gdp,SOM,1980-07-01,-4.865943
gdp,SOM,1981-07-01,-4.828266
gdp,SOM,1982-07-01,-4.776746
gdp,SOM,1983-07-01,-4.967350
gdp,SOM,1984-07-01,-5.032851
gdp,SOM,1985-07-01,-5.014194
gdp,SOM,1986-07-01,-5.101882
gdp,SOM,1987-07-01,-5.066502
gdp,SOM,1988-07-01,-5.065736
gdp,SOM,1989-07-01,-5.038186
gdp,SOM,1990-07-01,-5.018062
gdp,SOM,1991-07-01,-4.935810
gdp,SOM,1992-07-01,-4.997369
gdp,SOM,1993-07-01,-5.000476
gdp,SOM,1994-07-01,-5.274703
gdp,SOM,1995-07-01,-5.286243
gdp,SOM,1996-07-01,-5.270577
gdp,SOM,1997-07-01,-5.325435
gdp,SOM,1998-07-01,-5.335266
gdp,SOM,1999-07-01,-5.340376
gdp,SOM,2000-07-01,-5.340536
gdp,SOM,2001-07-01,-5.311358
gdp,SOM,2002-07-01,-5.282918
gdp,SOM,2003-07-01,-5.265275
gdp,SOM,2004-07-01,-5.261925
gdp,SOM,2005-07-01,-5.252982
gdp,SOM,2006-07-01,-5.238605
gdp,SOM,2007-07-01,-5.215270
gdp,SOM,2008-07-01,-5.171778
gdp,SOM,2009-07-01,-5.097351
gdp,SOM,2010-07-01,-5.075503
gdp,SOM,2011-07-01,-5.025381
gdp,SOM,2012-07-01,-4.984287
gdp,SOM,2013-07-01,-4.925936
gdp,SOM,2014-07-01,-4.892786
gdp,SOM,2015-07-01,-4.848778
gdp,SOM,2016-07-01,-4.829458
gdp,SOM,2017-07-01,-4.748160
gdp,SOM,2018-07-01,-4.786488
gdp,SOM,2019-07-01,-4.815981
gdp,SOM,2020-07-01,-4.856856
gdp,SOM,2021-07-01,-4.917666
gdp,SOM,2022-07-01,-4.940334
gdp,SOM,2023-07-01,-4.950919
gdp,SOM,2024-07-01,-4.963397
gdp,SOM,2025-07-01,-4.983481
gdp,SRB,1995-07-01,-2.627991
gdp,SRB,1996-07-01,-2.592769
gdp,SRB,1997-07-01,-2.535568
gdp,SRB,1998-07-01,-2.511658
gdp,SRB,1999-07-01,-2.652312
gdp,SRB,2000-07-01,-2.619167
gdp,SRB,2001-07-01,-2.551473
gdp,SRB,2002-07-01,-2.495243
gdp,SRB,2003-07-01,-2.467037
gdp,SRB,2004-07-01,-2.428477
gdp,SRB,2005-07-01,-2.393140
gdp,SRB,2006-07-01,-2.368765
gdp,SRB,2007-07-01,-2.299636
gdp,SRB,2008-07-01,-2.236734
gdp,SRB,2009-07-01,-2.229785
gdp,SRB,2010-07-01,-2.227918
gdp,SRB,2011-07-01,-2.227414
gdp,SRB,2012-07-01,-2.241661
gdp,SRB,2013-07-01,-2.245683
gdp,SRB,2014-07-01,-2.275992
gdp,SRB,2015-07-01,-2.279051
gdp,SRB,2016-07-01,-2.254671
gdp,SRB,2017-07-01,-2.243340
gdp,SRB,2018-07-01,-2.215801
gdp,SRB,2019-07-01,-2.184385
gdp,SRB,2020-07-01,-2.162151
gdp,SRB,2021-07-01,-2.134354
gdp,SRB,2022-07-01,-2.101743
gdp,SRB,2023-07-01,-2.079433
gdp,SRB,2024-07-01,-2.053084
gdp,SRB,2025-07-01,-2.043458
gdp,SSA,1960-07-01,-2.797692
gdp,SSA,1961-07-01,-2.817139
gdp,SSA,1962-07-01,-2.826778
gdp,SSA,1963-07-01,-2.819711
gdp,SSA,1964-07-01,-2.838937
gdp,SSA,1965-07-01,-2.868242
gdp,SSA,1966-07-01,-2.925306
gdp,SSA,1967-07-01,-2.972704
gdp,SSA,1968-07-01,-3.005108
gdp,SSA,1969-07-01,-2.966293
gdp,SSA,1970-07-01,-2.908538
gdp,SSA,1971-07-01,-2.880968
gdp,SSA,1972-07-01,-2.919227
gdp,SSA,1973-07-01,-2.950131
gdp,SSA,1974-07-01,-2.891132
gdp,SSA,1975-07-01,-2.909743
gdp,SSA,1976-07-01,-2.930559
gdp,SSA,1977-07-01,-2.966211
gdp,SSA,1978-07-01,-3.040487
gdp,SSA,1979-07-01,-3.052185
gdp,SSA,1980-07-01,-3.032763
gdp,SSA,1981-07-01,-3.086088
gdp,SSA,1982-07-01,-3.101303
gdp,SSA,1983-07-01,-3.192355
gdp,SSA,1984-07-01,-3.259937
gdp,SSA,1985-07-01,-3.301076
gdp,SSA,1986-07-01,-3.336229
gdp,SSA,1987-07-01,-3.361273
gdp,SSA,1988-07-01,-3.377787
gdp,SSA,1989-07-01,-3.409811
gdp,SSA,1990-07-01,-3.422730
gdp,SSA,1991-07-01,-3.431512
gdp,SSA,1992-07-01,-3.484270
gdp,SSA,1993-07-01,-3.536189
gdp,SSA,1994-07-01,-3.579750
gdp,SSA,1995-07-01,-3.588093
gdp,SSA,1996-07-01,-3.590171
gdp,SSA,1997-07-01,-3.608109
gdp,SSA,1998-07-01,-3.642012
gdp,SSA,1999-07-01,-3.682388
gdp,SSA,2000-07-01,-3.704012
gdp,SSA,2001-07-01,-3.689019
gdp,SSA,2002-07-01,-3.661469
gdp,SSA,2003-07-01,-3.666947
gdp,SSA,2004-07-01,-3.657825
gdp,SSA,2005-07-01,-3.651832
gdp,SSA,2006-07-01,-3.638284
gdp,SSA,2007-07-01,-3.616327
gdp,SSA,2008-07-01,-3.584915
gdp,SSA,2009-07-01,-3.546637
gdp,SSA,2010-07-01,-3.533451
gdp,SSA,2011-07-01,-3.526481
gdp,SSA,2012-07-01,-3.535662
gdp,SSA,2013-07-01,-3.525006
gdp,SSA,2014-07-01,-3.522891
gdp,SSA,2015-07-01,-3.542014
gdp,SSA,2016-07-01,-3.565688
gdp,SSA,2017-07-01,-3.584618
gdp,SSA,2018-07-01,-3.606930
gdp,SSA,2019-07-01,-3.628199
gdp,SSA,2020-07-01,-3.662187
gdp,SSA,2021-07-01,-3.710402
gdp,SSA,2022-07-01,-3.714957
gdp,SSA,2023-07-01,-3.733522
gdp,SSA,2024-07-01,-3.740372
gdp,SSA,2025-07-01,-3.740280
gdp,SSD,2008-07-01,-3.155291
gdp,SSD,2009-07-01,-3.118407
gdp,SSD,2010-07-01,-3.135988
gdp,SSD,2011-07-01,-3.245238
gdp,SSD,2012-07-01,-3.922092
gdp,SSD,2013-07-01,-3.849531
gdp,SSD,2014-07-01,-3.839458
gdp,SSD,2015-07-01,-3.963310
gdp,SSF,1960-07-01,-2.797397
gdp,SSF,1961-07-01,-2.816879
gdp,SSF,1962-07-01,-2.826506
gdp,SSF,1963-07-01,-2.819419
gdp,SSF,1964-07-01,-2.838641
gdp,SSF,1965-07-01,-2.867977
gdp,SSF,1966-07-01,-2.924979
gdp,SSF,1967-07-01,-2.972369
gdp,SSF,1968-07-01,-3.004747
gdp,SSF,1969-07-01,-2.965982
gdp,SSF,1970-07-01,-2.908221
gdp,SSF,1971-07-01,-2.880607
gdp,SSF,1972-07-01,-2.918846
gdp,SSF,1973-07-01,-2.949718
gdp,SSF,1974-07-01,-2.890756
gdp,SSF,1975-07-01,-2.909345
gdp,SSF,1976-07-01,-2.930092
gdp,SSF,1977-07-01,-2.965804
gdp,SSF,1978-07-01,-3.039938
gdp,SSF,1979-07-01,-3.051542
gdp,SSF,1980-07-01,-3.032191
gdp,SSF,1981-07-01,-3.085536
gdp,SSF,1982-07-01,-3.100755
gdp,SSF,1983-07-01,-3.191787
gdp,SSF,1984-07-01,-3.259351
gdp,SSF,1985-07-01,-3.300426
gdp,SSF,1986-07-01,-3.335585
gdp,SSF,1987-07-01,-3.360615
gdp,SSF,1988-07-01,-3.377120
gdp,SSF,1989-07-01,-3.409076
gdp,SSF,1990-07-01,-3.421947
gdp,SSF,1991-07-01,-3.430706
gdp,SSF,1992-07-01,-3.483387
gdp,SSF,1993-07-01,-3.535219
gdp,SSF,1994-07-01,-3.578817
gdp,SSF,1995-07-01,-3.587188
gdp,SSF,1996-07-01,-3.589217
gdp,SSF,1997-07-01,-3.607068
gdp,SSF,1998-07-01,-3.640970
gdp,SSF,1999-07-01,-3.681349
gdp,SSF,2000-07-01,-3.702962
gdp,SSF,2001-07-01,-3.688039
gdp,SSF,2002-07-01,-3.660543
gdp,SSF,2003-07-01,-3.666119
gdp,SSF,2004-07-01,-3.657079
gdp,SSF,2005-07-01,-3.651059
gdp,SSF,2006-07-01,-3.637482
gdp,SSF,2007-07-01,-3.615499
gdp,SSF,2008-07-01,-3.584157
gdp,SSF,2009-07-01,-3.545925
gdp,SSF,2010-07-01,-3.532750
gdp,SSF,2011-07-01,-3.525735
gdp,SSF,2012-07-01,-3.534916
gdp,SSF,2013-07-01,-3.524291
gdp,SSF,2014-07-01,-3.522181
gdp,SSF,2015-07-01,-3.541257
gdp,SSF,2016-07-01,-3.564839
gdp,SSF,2017-07-01,-3.583726
gdp,SSF,2018-07-01,-3.606017
gdp,SSF,2019-07-01,-3.627255
gdp,SSF,2020-07-01,-3.661332
gdp,SSF,2021-07-01,-3.709572
gdp,SSF,2022-07-01,-3.714091
gdp,SSF,2023-07-01,-3.732630
gdp,SSF,2024-07-01,-3.739482
gdp,SSF,2025-07-01,-3.739373
gdp,SST,1974-07-01,-1.644160
gdp,SST,1975-07-01,-1.647706
gdp,SST,1976-07-01,-1.605775
gdp,SST,1977-07-01,-1.577386
gdp,SST,1978-07-01,-1.567825
gdp,SST,1979-07-01,-1.496159
gdp,SST,1980-07-01,-1.495544
gdp,SST,1981-07-01,-1.562770
gdp,SST,1982-07-01,-1.535754
gdp,SST,1983-07-01,-1.597571
gdp,SST,1984-07-01,-1.648353
gdp,SST,1985-07-01,-1.682593
gdp,SST,1986-07-01,-1.703981
gdp,SST,1987-07-01,-1.714432
gdp,SST,1988-07-01,-1.737965
gdp,SST,1989-07-01,-1.749936
gdp,SST,1990-07-01,-1.744698
gdp,SST,1991-07-01,-1.749923
gdp,SST,1992-07-01,-1.789445
gdp,SST,1993-07-01,-1.805404
gdp,SST,1994-07-01,-1.810745
gdp,SST,1995-07-01,-1.794676
gdp,SST,1996-07-01,-1.793539
gdp,SST,1997-07-01,-1.786132
gdp,SST,1998-07-01,-1.793388
gdp,SST,1999-07-01,-1.799185
gdp,SST,2000-07-01,-1.775718
gdp,SST,2001-07-01,-1.763114
gdp,SST,2002-07-01,-1.750018
gdp,SST,2003-07-01,-1.734349
gdp,SST,2004-07-01,-1.728314
gdp,SST,2005-07-01,-1.716096
gdp,SST,2006-07-01,-1.680490
gdp,SST,2007-07-01,-1.655594
gdp,SST,2008-07-01,-1.645780
gdp,SST,2009-07-01,-1.665279
gdp,SST,2010-07-01,-1.672757
gdp,SST,2011-07-01,-1.665153
gdp,SST,2012-07-01,-1.668567
gdp,SST,2013-07-01,-1.680407
gdp,SST,2014-07-01,-1.684460
gdp,SST,2015-07-01,-1.693614
gdp,SST,2016-07-01,-1.696443
gdp,SST,2017-07-01,-1.692529
gdp,SST,2018-07-01,-1.694204
gdp,SST,2019-07-01,-1.694804
gdp,SST,2020-07-01,-1.751197
gdp,SST,2021-07-01,-1.747837
gdp,SST,2022-07-01,-1.705840
gdp,SST,2023-07-01,-1.686444
gdp,SST,2024-07-01,-1.653544
gdp,SST,2025-07-01,-1.634313
gdp,STP,1970-07-01,-3.243099
gdp,STP,1971-07-01,-3.232208
gdp,STP,1972-07-01,-3.271410
gdp,STP,1973-07-01,-3.322437
gdp,STP,1974-07-01,-3.274980
gdp,STP,1975-07-01,-3.234439
gdp,STP,1976-07-01,-3.286368
gdp,STP,1977-07-01,-3.137514
gdp,STP,1978-07-01,-3.179171
gdp,STP,1979-07-01,-3.073799
gdp,STP,1980-07-01,-3.096038
gdp,STP,1981-07-01,-3.240937
gdp,STP,1982-07-01,-3.201389
gdp,STP,1983-07-01,-3.294671
gdp,STP,1984-07-01,-3.437190
gdp,STP,1985-07-01,-3.401309
gdp,STP,1986-07-01,-3.508875
gdp,STP,1987-07-01,-3.588245
gdp,STP,1988-07-01,-3.626461
gdp,STP,1989-07-01,-3.647874
gdp,STP,1990-07-01,-3.701728
gdp,STP,1991-07-01,-3.697195
gdp,STP,1992-07-01,-3.729985
gdp,STP,1993-07-01,-3.751235
gdp,STP,1994-07-01,-3.773922
gdp,STP,1995-07-01,-3.784867
gdp,STP,1996-07-01,-3.810584
gdp,STP,1997-07-01,-3.846351
gdp,STP,1998-07-01,-3.866936
gdp,STP,1999-07-01,-3.889476
gdp,STP,2000-07-01,-3.924844
gdp,STP,2001-07-01,-3.910506
gdp,STP,2002-07-01,-3.908983
gdp,STP,2003-07-01,-3.873933
gdp,STP,2004-07-01,-3.892648
gdp,STP,2005-07-01,-3.878263
gdp,STP,2006-07-01,-3.835575
gdp,STP,2007-07-01,-3.834365
gdp,STP,2008-07-01,-3.789450
gdp,STP,2009-07-01,-3.745183
gdp,STP,2010-07-01,-3.770897
gdp,STP,2011-07-01,-3.779638
gdp,STP,2012-07-01,-3.785492
gdp,STP,2013-07-01,-3.768344
gdp,STP,2014-07-01,-3.755976
gdp,STP,2015-07-01,-3.779498
gdp,STP,2016-07-01,-3.756023
gdp,STP,2017-07-01,-3.749046
gdp,STP,2018-07-01,-3.744989
gdp,STP,2019-07-01,-3.760538
gdp,STP,2020-07-01,-3.728278
gdp,STP,2021-07-01,-3.788194
gdp,STP,2022-07-01,-3.825126
gdp,STP,2023-07-01,-3.862081
gdp,STP,2024-07-01,-3.885353
gdp,STP,2025-07-01,-3.911113
gdp,SUR,1960-07-01,-1.572792
gdp,SUR,1961-07-01,-1.565139
gdp,SUR,1962-07-01,-1.610670
gdp,SUR,1963-07-01,-1.630032
gdp,SUR,1964-07-01,-1.649174
gdp,SUR,1965-07-01,-1.620227
gdp,SUR,1966-07-01,-1.530225
gdp,SUR,1967-07-01,-1.464076
gdp,SUR,1968-07-01,-1.461966
gdp,SUR,1969-07-01,-1.472776
gdp,SUR,1970-07-01,-1.470243
gdp,SUR,1971-07-01,-1.484125
gdp,SUR,1972-07-01,-1.544546
gdp,SUR,1973-07-01,-1.603948
gdp,SUR,1974-07-01,-1.580089
gdp,SUR,1975-07-01,-1.534170
gdp,SUR,1976-07-01,-1.485413
gdp,SUR,1977-07-01,-1.415101
gdp,SUR,1978-07-01,-1.385165
gdp,SUR,1979-07-01,-1.401041
gdp,SUR,1980-07-01,-1.475079
gdp,SUR,1981-07-01,-1.421951
gdp,SUR,1982-07-01,-1.440045
gdp,SUR,1983-07-01,-1.521303
gdp,SUR,1984-07-01,-1.610753
gdp,SUR,1985-07-01,-1.635366
gdp,SUR,1986-07-01,-1.665948
gdp,SUR,1987-07-01,-1.766586
gdp,SUR,1988-07-01,-1.736624
gdp,SUR,1989-07-01,-1.737355
gdp,SUR,1990-07-01,-1.800737
gdp,SUR,1991-07-01,-1.765739
gdp,SUR,1992-07-01,-1.788685
gdp,SUR,1993-07-01,-1.876207
gdp,SUR,1994-07-01,-1.877192
gdp,SUR,1995-07-01,-1.908749
gdp,SUR,1996-07-01,-1.945442
gdp,SUR,1997-07-01,-1.942309
gdp,SUR,1998-07-01,-1.972397
gdp,SUR,1999-07-01,-2.042363
gdp,SUR,2000-07-01,-2.071038
gdp,SUR,2001-07-01,-2.050101
gdp,SUR,2002-07-01,-2.050395
gdp,SUR,2003-07-01,-2.027946
gdp,SUR,2004-07-01,-1.989586
gdp,SUR,2005-07-01,-1.981028
gdp,SUR,2006-07-01,-1.953417
gdp,SUR,2007-07-01,-1.925295
gdp,SUR,2008-07-01,-1.888035
gdp,SUR,2009-07-01,-1.835174
gdp,SUR,2010-07-01,-1.814535
gdp,SUR,2011-07-01,-1.776761
gdp,SUR,2012-07-01,-1.776238
gdp,SUR,2013-07-01,-1.772005
gdp,SUR,2014-07-01,-1.797521
gdp,SUR,2015-07-01,-1.864109
gdp,SUR,2016-07-01,-1.935132
gdp,SUR,2017-07-01,-1.947025
gdp,SUR,2018-07-01,-1.931819
gdp,SUR,2019-07-01,-1.950949
gdp,SUR,2020-07-01,-2.110641
gdp,SUR,2021-07-01,-2.202495
gdp,SUR,2022-07-01,-2.206443
gdp,SUR,2023-07-01,-2.212400
gdp,SUR,2024-07-01,-2.222064
gdp,SUR,2025-07-01,-2.228969
gdp,SVK,1990-07-01,-1.517211
gdp,SVK,1991-07-01,-1.661057
gdp,SVK,1992-07-01,-1.751712
gdp,SVK,1993-07-01,-1.750654
gdp,SVK,1994-07-01,-1.721625
gdp,SVK,1995-07-01,-1.682342
gdp,SVK,1996-07-01,-1.650462
gdp,SVK,1997-07-01,-1.630373
gdp,SVK,1998-07-01,-1.626365
gdp,SVK,1999-07-01,-1.667419
gdp,SVK,2000-07-01,-1.687043
gdp,SVK,2001-07-01,-1.655994
gdp,SVK,2002-07-01,-1.619989
gdp,SVK,2003-07-01,-1.590884
gdp,SVK,2004-07-01,-1.566689
gdp,SVK,2005-07-01,-1.528979
gdp,SVK,2006-07-01,-1.461351
gdp,SVK,2007-07-01,-1.369248
gdp,SVK,2008-07-01,-1.309537
gdp,SVK,2009-07-01,-1.332628
gdp,SVK,2010-07-01,-1.285994
gdp,SVK,2011-07-01,-1.269581
gdp,SVK,2012-07-01,-1.270362
gdp,SVK,2013-07-01,-1.277819
gdp,SVK,2014-07-01,-1.269035
gdp,SVK,2015-07-01,-1.240563
gdp,SVK,2016-07-01,-1.232736
gdp,SVK,2017-07-01,-1.223296
gdp,SVK,2018-07-01,-1.208233
gdp,SVK,2019-07-01,-1.207441
gdp,SVK,2020-07-01,-1.209375
gdp,SVK,2021-07-01,-1.210363
gdp,SVK,2022-07-01,-1.221319
gdp,SVK,2023-07-01,-1.220185
gdp,SVK,2024-07-01,-1.218071
gdp,SVK,2025-07-01,-1.224664
gdp,SVN,1990-07-01,-1.057463
gdp,SVN,1991-07-01,-1.136865
gdp,SVN,1992-07-01,-1.212334
gdp,SVN,1993-07-01,-1.195873
gdp,SVN,1994-07-01,-1.170049
gdp,SVN,1995-07-01,-1.144596
gdp,SVN,1996-07-01,-1.140650
gdp,SVN,1997-07-01,-1.120356
gdp,SVN,1998-07-01,-1.120195
gdp,SVN,1999-07-01,-1.104860
gdp,SVN,2000-07-01,-1.102278
gdp,SVN,2001-07-01,-1.075571
gdp,SVN,2002-07-01,-1.052096
gdp,SVN,2003-07-01,-1.040226
gdp,SVN,2004-07-01,-1.024910
gdp,SVN,2005-07-01,-1.013851
gdp,SVN,2006-07-01,-0.977456
gdp,SVN,2007-07-01,-0.924419
gdp,SVN,2008-07-01,-0.884511
gdp,SVN,2009-07-01,-0.937621
gdp,SVN,2010-07-01,-0.949056
gdp,SVN,2011-07-01,-0.952199
gdp,SVN,2012-07-01,-0.998538
gdp,SVN,2013-07-01,-1.021558
gdp,SVN,2014-07-01,-1.012253
gdp,SVN,2015-07-01,-1.010405
gdp,SVN,2016-07-01,-0.991419
gdp,SVN,2017-07-01,-0.958971
gdp,SVN,2018-07-01,-0.943106
gdp,SVN,2019-07-01,-0.935976
gdp,SVN,2020-07-01,-0.959263
gdp,SVN,2021-07-01,-0.939267
gdp,SVN,2022-07-01,-0.934061
gdp,SVN,2023-07-01,-0.935238
gdp,SVN,2024-07-01,-0.939288
gdp,SVN,2025-07-01,-0.946587
gdp,SWE,1960-07-01,-0.121880
gdp,SWE,1961-07-01,-0.077495
gdp,SWE,1962-07-01,-0.085134
gdp,SWE,1963-07-01,-0.067529
gdp,SWE,1964-07-01,-0.051505
gdp,SWE,1965-07-01,-0.072954
gdp,SWE,1966-07-01,-0.113202
gdp,SWE,1967-07-01,-0.101579
gdp,SWE,1968-07-01,-0.108359
gdp,SWE,1969-07-01,-0.087266
gdp,SWE,1970-07-01,-0.024387
gdp,SWE,1971-07-01,-0.041620
gdp,SWE,1972-07-01,-0.062461
gdp,SWE,1973-07-01,-0.070647
gdp,SWE,1974-07-01,-0.027511
gdp,SWE,1975-07-01,0.005643
gdp,SWE,1976-07-01,-0.030445
gdp,SWE,1977-07-01,-0.085235
gdp,SWE,1978-07-01,-0.114062
gdp,SWE,1979-07-01,-0.098696
gdp,SWE,1980-07-01,-0.071702
gdp,SWE,1981-07-01,-0.083610
gdp,SWE,1982-07-01,-0.044044
gdp,SWE,1983-07-01,-0.061344
gdp,SWE,1984-07-01,-0.082035
gdp,SWE,1985-07-01,-0.094301
gdp,SWE,1986-07-01,-0.094869
gdp,SWE,1987-07-01,-0.090242
gdp,SWE,1988-07-01,-0.101410
gdp,SWE,1989-07-01,-0.108501
gdp,SWE,1990-07-01,-0.116096
gdp,SWE,1991-07-01,-0.119992
gdp,SWE,1992-07-01,-0.158260
gdp,SWE,1993-07-01,-0.198901
gdp,SWE,1994-07-01,-0.193872
gdp,SWE,1995-07-01,-0.173574
gdp,SWE,1996-07-01,-0.183661
gdp,SWE,1997-07-01,-0.185515
gdp,SWE,1998-07-01,-0.176687
gdp,SWE,1999-07-01,-0.171603
gdp,SWE,2000-07-01,-0.156777
gdp,SWE,2001-07-01,-0.145558
gdp,SWE,2002-07-01,-0.133874
gdp,SWE,2003-07-01,-0.137937
gdp,SWE,2004-07-01,-0.129425
gdp,SWE,2005-07-01,-0.130902
gdp,SWE,2006-07-01,-0.108648
gdp,SWE,2007-07-01,-0.094654
gdp,SWE,2008-07-01,-0.103395
gdp,SWE,2009-07-01,-0.120533
gdp,SWE,2010-07-01,-0.091277
gdp,SWE,2011-07-01,-0.075279
gdp,SWE,2012-07-01,-0.101479
gdp,SWE,2013-07-01,-0.112031
gdp,SWE,2014-07-01,-0.116220
gdp,SWE,2015-07-01,-0.104899
gdp,SWE,2016-07-01,-0.106550
gdp,SWE,2017-07-01,-0.118721
gdp,SWE,2018-07-01,-0.136159
gdp,SWE,2019-07-01,-0.140907
gdp,SWE,2020-07-01,-0.142543
gdp,SWE,2021-07-01,-0.155739
gdp,SWE,2022-07-01,-0.169304
gdp,SWE,2023-07-01,-0.196769
gdp,SWE,2024-07-01,-0.207725
gdp,SWE,2025-07-01,-0.211113
gdp,SWZ,1970-07-01,-3.328166
gdp,SWZ,1971-07-01,-3.245904
gdp,SWZ,1972-07-01,-3.261031
gdp,SWZ,1973-07-01,-3.248107
gdp,SWZ,1974-07-01,-3.206409
gdp,SWZ,1975-07-01,-3.093619
gdp,SWZ,1976-07-01,-3.188393
gdp,SWZ,1977-07-01,-3.245495
gdp,SWZ,1978-07-01,-3.308534
gdp,SWZ,1979-07-01,-3.331100
gdp,SWZ,1980-07-01,-3.234737
gdp,SWZ,1981-07-01,-3.146581
gdp,SWZ,1982-07-01,-3.140431
gdp,SWZ,1983-07-01,-3.197019
gdp,SWZ,1984-07-01,-3.231018
gdp,SWZ,1985-07-01,-3.262434
gdp,SWZ,1986-07-01,-3.211158
gdp,SWZ,1987-07-01,-3.138662
gdp,SWZ,1988-07-01,-3.152912
gdp,SWZ,1989-07-01,-3.104522
gdp,SWZ,1990-07-01,-2.961641
gdp,SWZ,1991-07-01,-2.969916
gdp,SWZ,1992-07-01,-2.996968
gdp,SWZ,1993-07-01,-3.009486
gdp,SWZ,1994-07-01,-3.012890
gdp,SWZ,1995-07-01,-2.979542
gdp,SWZ,1996-07-01,-2.987042
gdp,SWZ,1997-07-01,-3.004781
gdp,SWZ,1998-07-01,-3.024122
gdp,SWZ,1999-07-01,-3.041185
gdp,SWZ,2000-07-01,-3.062837
gdp,SWZ,2001-07-01,-3.057650
gdp,SWZ,2002-07-01,-3.033099
gdp,SWZ,2003-07-01,-3.014518
gdp,SWZ,2004-07-01,-3.013524
gdp,SWZ,2005-07-01,-2.985801
gdp,SWZ,2006-07-01,-2.943508
gdp,SWZ,2007-07-01,-2.917331
gdp,SWZ,2008-07-01,-2.901453
gdp,SWZ,2009-07-01,-2.858765
gdp,SWZ,2010-07-01,-2.845230
gdp,SWZ,2011-07-01,-2.840145
gdp,SWZ,2012-07-01,-2.820084
gdp,SWZ,2013-07-01,-2.798782
gdp,SWZ,2014-07-01,-2.800950
gdp,SWZ,2015-07-01,-2.810818
gdp,SWZ,2016-07-01,-2.797768
gdp,SWZ,2017-07-01,-2.788044
gdp,SWZ,2018-07-01,-2.819985
gdp,SWZ,2019-07-01,-2.787328
gdp,SWZ,2020-07-01,-2.803009
gdp,SWZ,2021-07-01,-2.831205
gdp,SWZ,2022-07-01,-2.856749
gdp,SWZ,2023-07-01,-2.852191
gdp,SWZ,2024-07-01,-2.850232
gdp,SWZ,2025-07-01,-2.835994
gdp,SXM,2009-07-01,-0.322972
gdp,SXM,2010-07-01,-0.318614
gdp,SXM,2011-07-01,-0.295139
gdp,SXM,2012-07-01,-0.317801
gdp,SXM,2013-07-01,-0.341660
gdp,SXM,2014-07-01,-0.365503
gdp,SXM,2015-07-01,-0.407050
gdp,SXM,2016-07-01,-0.428144
gdp,SXM,2017-07-01,-0.543178
gdp,SXM,2018-07-01,-0.655775
gdp,SXM,2019-07-01,-0.588895
gdp,SXM,2020-07-01,-0.721995
gdp,SXM,2021-07-01,-0.749000
gdp,SXM,2022-07-01,-0.651656
gdp,SXM,2023-07-01,-0.649427
gdp,SXM,2024-07-01,-0.651777
gdp,SXM,2025-07-01,-0.647633
gdp,SYC,1960-07-01,-1.790303
gdp,SYC,1961-07-01,-1.874634
gdp,SYC,1962-07-01,-1.864257
gdp,SYC,1963-07-01,-1.821805
gdp,SYC,1964-07-01,-1.831839
gdp,SYC,1965-07-01,-1.917148
gdp,SYC,1966-07-01,-1.863383
gdp,SYC,1967-07-01,-1.896735
gdp,SYC,1968-07-01,-1.885026
gdp,SYC,1969-07-01,-1.929572
gdp,SYC,1970-07-01,-1.858394
gdp,SYC,1971-07-01,-1.751230
gdp,SYC,1972-07-01,-1.754669
gdp,SYC,1973-07-01,-1.728655
gdp,SYC,1974-07-01,-1.719356
gdp,SYC,1975-07-01,-1.699276
gdp,SYC,1976-07-01,-1.611677
gdp,SYC,1977-07-01,-1.731692
gdp,SYC,1978-07-01,-1.588972
gdp,SYC,1979-07-01,-1.471047
gdp,SYC,1980-07-01,-1.520365
gdp,SYC,1981-07-01,-1.587311
gdp,SYC,1982-07-01,-1.586397
gdp,SYC,1983-07-01,-1.627041
gdp,SYC,1984-07-01,-1.652014
gdp,SYC,1985-07-01,-1.594136
gdp,SYC,1986-07-01,-1.617578
gdp,SYC,1987-07-01,-1.637459
gdp,SYC,1988-07-01,-1.621137
gdp,SYC,1989-07-01,-1.555828
gdp,SYC,1990-07-01,-1.496219
gdp,SYC,1991-07-01,-1.467862
gdp,SYC,1992-07-01,-1.423927
gdp,SYC,1993-07-01,-1.388234
gdp,SYC,1994-07-01,-1.466795
gdp,SYC,1995-07-01,-1.491241
gdp,SYC,1996-07-01,-1.436021
gdp,SYC,1997-07-01,-1.364170
gdp,SYC,1998-07-01,-1.391551
gdp,SYC,1999-07-01,-1.427935
gdp,SYC,2000-07-01,-1.424048
gdp,SYC,2001-07-01,-1.447509
gdp,SYC,2002-07-01,-1.473611
gdp,SYC,2003-07-01,-1.541949
gdp,SYC,2004-07-01,-1.595665
gdp,SYC,2005-07-01,-1.539093
gdp,SYC,2006-07-01,-1.487825
gdp,SYC,2007-07-01,-1.418220
gdp,SYC,2008-07-01,-1.459897
gdp,SYC,2009-07-01,-1.454059
gdp,SYC,2010-07-01,-1.456051
gdp,SYC,2011-07-01,-1.346519
gdp,SYC,2012-07-01,-1.340346
gdp,SYC,2013-07-01,-1.359746
gdp,SYC,2014-07-01,-1.352432
gdp,SYC,2015-07-01,-1.310393
gdp,SYC,2016-07-01,-1.219566
gdp,SYC,2017-07-01,-1.181926
gdp,SYC,2018-07-01,-1.166625
gdp,SYC,2019-07-01,-1.142187
gdp,SYC,2020-07-01,-1.250487
gdp,SYC,2021-07-01,-1.311160
gdp,SYC,2022-07-01,-1.424924
gdp,SYC,2023-07-01,-1.394242
gdp,SYC,2024-07-01,-1.392385
gdp,SYC,2025-07-01,-1.363458
gdp,SYR,1960-07-01,-3.603454
gdp,SYR,1961-07-01,-3.536686
gdp,SYR,1962-07-01,-3.390651
gdp,SYR,1963-07-01,-3.539839
gdp,SYR,1964-07-01,-3.524231
gdp,SYR,1965-07-01,-3.582083
gdp,SYR,1966-07-01,-3.744663
gdp,SYR,1967-07-01,-3.710909
gdp,SYR,1968-07-01,-3.743239
gdp,SYR,1969-07-01,-3.624320
gdp,SYR,1970-07-01,-3.665694
gdp,SYR,1971-07-01,-3.633192
gdp,SYR,1972-07-01,-3.479254
gdp,SYR,1973-07-01,-3.668972
gdp,SYR,1974-07-01,-3.458606
gdp,SYR,1975-07-01,-3.329197
gdp,SYR,1976-07-01,-3.290792
gdp,SYR,1977-07-01,-3.378446
gdp,SYR,1978-07-01,-3.361230
gdp,SYR,1979-07-01,-3.406474
gdp,SYR,1980-07-01,-3.292406
gdp,SYR,1981-07-01,-3.266174
gdp,SYR,1982-07-01,-3.244108
gdp,SYR,1983-07-01,-3.290969
gdp,SYR,1984-07-01,-3.466412
gdp,SYR,1985-07-01,-3.444186
gdp,SYR,1986-07-01,-3.586736
gdp,SYR,1987-07-01,-3.629565
gdp,SYR,1988-07-01,-3.529751
gdp,SYR,1989-07-01,-3.736224
gdp,SYR,1990-07-01,-3.739225
gdp,SYR,1991-07-01,-3.682339
gdp,SYR,1992-07-01,-3.611816
gdp,SYR,1993-07-01,-3.596263
gdp,SYR,1994-07-01,-3.583342
gdp,SYR,1995-07-01,-3.558343
gdp,SYR,1996-07-01,-3.517104
gdp,SYR,1997-07-01,-3.525808
gdp,SYR,1998-07-01,-3.518151
gdp,SYR,1999-07-01,-3.615063
gdp,SYR,2000-07-01,-3.662108
gdp,SYR,2001-07-01,-3.649035
gdp,SYR,2002-07-01,-3.605129
gdp,SYR,2003-07-01,-3.642029
gdp,SYR,2004-07-01,-3.628494
gdp,SYR,2005-07-01,-3.618912
gdp,SYR,2006-07-01,-3.630316
gdp,SYR,2007-07-01,-3.647023
gdp,SYR,2008-07-01,-3.630302
gdp,SYR,2009-07-01,-3.553602
gdp,SYR,2010-07-01,-3.543862
gdp,SYR,2011-07-01,-3.540804
gdp,SYR,2012-07-01,-3.855963
gdp,SYR,2013-07-01,-4.125317
gdp,SYR,2014-07-01,-4.184633
gdp,SYR,2015-07-01,-4.205598
gdp,SYR,2016-07-01,-4.270021
gdp,SYR,2017-07-01,-4.296236
gdp,SYR,2018-07-01,-4.323974
gdp,SYR,2019-07-01,-4.371055
gdp,SYR,2020-07-01,-4.370051
gdp,SYR,2021-07-01,-4.437596
gdp,SYR,2022-07-01,-4.496663
gdp,TCA,2007-07-01,-0.368372
gdp,TCA,2008-07-01,-0.323673
gdp,TCA,2009-07-01,-0.547800
gdp,TCA,2010-07-01,-0.595605
gdp,TCA,2011-07-01,-0.594583
gdp,TCA,2012-07-01,-0.676949
gdp,TCA,2013-07-01,-0.726094
gdp,TCA,2014-07-01,-0.700207
gdp,TCA,2015-07-01,-0.657475
gdp,TCA,2016-07-01,-0.643303
gdp,TCA,2017-07-01,-0.144255
gdp,TCA,2018-07-01,-0.142692
gdp,TCA,2019-07-01,-0.152374
gdp,TCA,2020-07-01,-0.567874
gdp,TCA,2021-07-01,-0.385617
gdp,TCA,2022-07-01,-0.286322
gdp,TCA,2023-07-01,-0.185978
gdp,TCA,2024-07-01,-0.156357
gdp,TCD,1960-07-01,-3.164528
gdp,TCD,1961-07-01,-3.176970
gdp,TCD,1962-07-01,-3.188835
gdp,TCD,1963-07-01,-3.253984
gdp,TCD,1964-07-01,-3.342237
gdp,TCD,1965-07-01,-3.405705
gdp,TCD,1966-07-01,-3.494937
gdp,TCD,1967-07-01,-3.520556
gdp,TCD,1968-07-01,-3.581714
gdp,TCD,1969-07-01,-3.556086
gdp,TCD,1970-07-01,-3.548967
gdp,TCD,1971-07-01,-3.612552
gdp,TCD,1972-07-01,-3.663957
gdp,TCD,1973-07-01,-3.820384
gdp,TCD,1974-07-01,-3.780329
gdp,TCD,1975-07-01,-3.703697
gdp,TCD,1976-07-01,-3.737274
gdp,TCD,1977-07-01,-3.769049
gdp,TCD,1978-07-01,-3.835267
gdp,TCD,1979-07-01,-4.117810
gdp,TCD,1980-07-01,-4.170258
gdp,TCD,1981-07-01,-4.176348
gdp,TCD,1982-07-01,-4.143527
gdp,TCD,1983-07-01,-4.083093
gdp,TCD,1984-07-01,-4.137190
gdp,TCD,1985-07-01,-3.982111
gdp,TCD,1986-07-01,-4.078505
gdp,TCD,1987-07-01,-4.162745
gdp,TCD,1988-07-01,-4.084498
gdp,TCD,1989-07-01,-4.097327
gdp,TCD,1990-07-01,-4.175063
gdp,TCD,1991-07-01,-4.115283
gdp,TCD,1992-07-01,-4.101489
gdp,TCD,1993-07-01,-4.309934
gdp,TCD,1994-07-01,-4.263627
gdp,TCD,1995-07-01,-4.309987
gdp,TCD,1996-07-01,-4.357775
gdp,TCD,1997-07-01,-4.368772
gdp,TCD,1998-07-01,-4.368167
gdp,TCD,1999-07-01,-4.445441
gdp,TCD,2000-07-01,-4.517704
gdp,TCD,2001-07-01,-4.440777
gdp,TCD,2002-07-01,-4.401694
gdp,TCD,2003-07-01,-4.323291
gdp,TCD,2004-07-01,-4.106438
gdp,TCD,2005-07-01,-4.011933
gdp,TCD,2006-07-01,-4.071175
gdp,TCD,2007-07-01,-4.074808
gdp,TCD,2008-07-01,-4.071130
gdp,TCD,2009-07-01,-4.086174
gdp,TCD,2010-07-01,-4.010752
gdp,TCD,2011-07-01,-4.009680
gdp,TCD,2012-07-01,-3.972711
gdp,TCD,2013-07-01,-3.993811
gdp,TCD,2014-07-01,-4.026057
gdp,TCD,2015-07-01,-4.046434
gdp,TCD,2016-07-01,-4.130095
gdp,TCD,2017-07-01,-4.196816
gdp,TCD,2018-07-01,-4.197957
gdp,TCD,2019-07-01,-4.198086
gdp,TCD,2020-07-01,-4.208731
gdp,TCD,2021-07-01,-4.298372
gdp,TCD,2022-07-01,-4.311707
gdp,TCD,2023-07-01,-4.338935
gdp,TCD,2024-07-01,-4.358034
gdp,TCD,2025-07-01,-4.353922
gdp,TEA,1960-07-01,-4.054042
gdp,TEA,1961-07-01,-4.203687
gdp,TEA,1962-07-01,-4.267378
gdp,TEA,1963-07-01,-4.258824
gdp,TEA,1964-07-01,-4.222841
gdp,TEA,1965-07-01,-4.194023
gdp,TEA,1966-07-01,-4.195463
gdp,TEA,1967-07-01,-4.249614
gdp,TEA,1968-07-01,-4.295374
gdp,TEA,1969-07-01,-4.234995
gdp,TEA,1970-07-01,-4.126028
gdp,TEA,1971-07-01,-4.107012
gdp,TEA,1972-07-01,-4.124317
gdp,TEA,1973-07-01,-4.113515
gdp,TEA,1974-07-01,-4.081908
gdp,TEA,1975-07-01,-4.023919
gdp,TEA,1976-07-01,-4.056979
gdp,TEA,1977-07-01,-4.036027
gdp,TEA,1978-07-01,-4.007191
gdp,TEA,1979-07-01,-3.975310
gdp,TEA,1980-07-01,-3.906464
gdp,TEA,1981-07-01,-3.883057
gdp,TEA,1982-07-01,-3.810111
gdp,TEA,1983-07-01,-3.788535
gdp,TEA,1984-07-01,-3.770437
gdp,TEA,1985-07-01,-3.742258
gdp,TEA,1986-07-01,-3.714753
gdp,TEA,1987-07-01,-3.669293
gdp,TEA,1988-07-01,-3.625292
gdp,TEA,1989-07-01,-3.613325
gdp,TEA,1990-07-01,-3.586742
gdp,TEA,1991-07-01,-3.509766
gdp,TEA,1992-07-01,-3.438218
gdp,TEA,1993-07-01,-3.358723
gdp,TEA,1994-07-01,-3.295451
gdp,TEA,1995-07-01,-3.228531
gdp,TEA,1996-07-01,-3.179592
gdp,TEA,1997-07-01,-3.152202
gdp,TEA,1998-07-01,-3.166713
gdp,TEA,1999-07-01,-3.150330
gdp,TEA,2000-07-01,-3.114843
gdp,TEA,2001-07-01,-3.056384
gdp,TEA,2002-07-01,-2.994564
gdp,TEA,2003-07-01,-2.935678
gdp,TEA,2004-07-01,-2.884731
gdp,TEA,2005-07-01,-2.822088
gdp,TEA,2006-07-01,-2.742900
gdp,TEA,2007-07-01,-2.643817
gdp,TEA,2008-07-01,-2.560405
gdp,TEA,2009-07-01,-2.455982
gdp,TEA,2010-07-01,-2.387229
gdp,TEA,2011-07-01,-2.320331
gdp,TEA,2012-07-01,-2.270705
gdp,TEA,2013-07-01,-2.222106
gdp,TEA,2014-07-01,-2.179383
gdp,TEA,2015-07-01,-2.143607
gdp,TEA,2016-07-01,-2.098241
gdp,TEA,2017-07-01,-2.058667
gdp,TEA,2018-07-01,-2.025160
gdp,TEA,2019-07-01,-1.993858
gdp,TEA,2020-07-01,-1.959928
gdp,TEA,2021-07-01,-1.946832
gdp,TEA,2022-07-01,-1.933525
gdp,TEA,2023-07-01,-1.904795
gdp,TEA,2024-07-01,-1.876053
gdp,TEA,2025-07-01,-1.845233
gdp,TEC,1989-07-01,-1.963863
gdp,TEC,1990-07-01,-1.992216
gdp,TEC,1991-07-01,-2.043401
gdp,TEC,1992-07-01,-2.168341
gdp,TEC,1993-07-01,-2.232792
gdp,TEC,1994-07-01,-2.350107
gdp,TEC,1995-07-01,-2.366593
gdp,TEC,1996-07-01,-2.383386
gdp,TEC,1997-07-01,-2.386825
gdp,TEC,1998-07-01,-2.426282
gdp,TEC,1999-07-01,-2.436744
gdp,TEC,2000-07-01,-2.393906
gdp,TEC,2001-07-01,-2.366536
gdp,TEC,2002-07-01,-2.324747
gdp,TEC,2003-07-01,-2.283938
gdp,TEC,2004-07-01,-2.237171
gdp,TEC,2005-07-01,-2.198359
gdp,TEC,2006-07-01,-2.141316
gdp,TEC,2007-07-01,-2.078050
gdp,TEC,2008-07-01,-2.028168
gdp,TEC,2009-07-01,-2.044791
gdp,TEC,2010-07-01,-2.020731
gdp,TEC,2011-07-01,-1.975493
gdp,TEC,2012-07-01,-1.960749
gdp,TEC,2013-07-01,-1.945845
gdp,TEC,2014-07-01,-1.945158
gdp,TEC,2015-07-01,-1.956639
gdp,TEC,2016-07-01,-1.952990
gdp,TEC,2017-07-01,-1.932065
gdp,TEC,2018-07-01,-1.922215
gdp,TEC,2019-07-01,-1.918965
gdp,TEC,2020-07-01,-1.910369
gdp,TEC,2021-07-01,-1.895839
gdp,TEC,2022-07-01,-1.890875
gdp,TEC,2023-07-01,-1.868872
gdp,TEC,2024-07-01,-1.850306
gdp,TEC,2025-07-01,-1.844017
gdp,TGO,1960-07-01,-3.743963
gdp,TGO,1961-07-01,-3.652827
gdp,TGO,1962-07-01,-3.677223
gdp,TGO,1963-07-01,-3.675464
gdp,TGO,1964-07-01,-3.603687
gdp,TGO,1965-07-01,-3.529376
gdp,TGO,1966-07-01,-3.511319
gdp,TGO,1967-07-01,-3.492325
gdp,TGO,1968-07-01,-3.501293
gdp,TGO,1969-07-01,-3.464204
gdp,TGO,1970-07-01,-3.480390
gdp,TGO,1971-07-01,-3.532347
gdp,TGO,1972-07-01,-3.527817
gdp,TGO,1973-07-01,-3.561745
gdp,TGO,1974-07-01,-3.525170
gdp,TGO,1975-07-01,-3.513587
gdp,TGO,1976-07-01,-3.601231
gdp,TGO,1977-07-01,-3.592792
gdp,TGO,1978-07-01,-3.555208
gdp,TGO,1979-07-01,-3.653715
gdp,TGO,1980-07-01,-3.533466
gdp,TGO,1981-07-01,-3.613476
gdp,TGO,1982-07-01,-3.650381
gdp,TGO,1983-07-01,-3.765546
gdp,TGO,1984-07-01,-3.796362
gdp,TGO,1985-07-01,-3.802474
gdp,TGO,1986-07-01,-3.842902
gdp,TGO,1987-07-01,-3.893099
gdp,TGO,1988-07-01,-3.890760
gdp,TGO,1989-07-01,-3.907232
gdp,TGO,1990-07-01,-3.946320
gdp,TGO,1991-07-01,-3.967723
gdp,TGO,1992-07-01,-4.057450
gdp,TGO,1993-07-01,-4.223648
gdp,TGO,1994-07-01,-4.115436
gdp,TGO,1995-07-01,-4.105970
gdp,TGO,1996-07-01,-4.089715
gdp,TGO,1997-07-01,-4.020684
gdp,TGO,1998-07-01,-4.101253
gdp,TGO,1999-07-01,-4.136792
gdp,TGO,2000-07-01,-4.198465
gdp,TGO,2001-07-01,-4.214739
gdp,TGO,2002-07-01,-4.209539
gdp,TGO,2003-07-01,-4.188422
gdp,TGO,2004-07-01,-4.251139
gdp,TGO,2005-07-01,-4.348607
gdp,TGO,2006-07-01,-4.368776
gdp,TGO,2007-07-01,-4.422521
gdp,TGO,2008-07-01,-4.406765
gdp,TGO,2009-07-01,-4.351083
gdp,TGO,2010-07-01,-4.343608
gdp,TGO,2011-07-01,-4.321864
gdp,TGO,2012-07-01,-4.298677
gdp,TGO,2013-07-01,-4.277036
gdp,TGO,2014-07-01,-4.259407
gdp,TGO,2015-07-01,-4.246331
gdp,TGO,2016-07-01,-4.233352
gdp,TGO,2017-07-01,-4.228411
gdp,TGO,2018-07-01,-4.223048
gdp,TGO,2019-07-01,-4.216835
gdp,TGO,2020-07-01,-4.192181
gdp,TGO,2021-07-01,-4.219069
gdp,TGO,2022-07-01,-4.193812
gdp,TGO,2023-07-01,-4.173433
gdp,TGO,2024-07-01,-4.150130
gdp,TGO,2025-07-01,-4.126873
gdp,THA,1960-07-01,-3.467456
gdp,THA,1961-07-01,-3.450692
gdp,THA,1962-07-01,-3.451300
gdp,THA,1963-07-01,-3.432800
gdp,THA,1964-07-01,-3.439087
gdp,THA,1965-07-01,-3.439866
gdp,THA,1966-07-01,-3.415458
gdp,THA,1967-07-01,-3.375844
gdp,THA,1968-07-01,-3.363434
gdp,THA,1969-07-01,-3.348903
gdp,THA,1970-07-01,-3.259041
gdp,THA,1971-07-01,-3.257974
gdp,THA,1972-07-01,-3.283216
gdp,THA,1973-07-01,-3.257510
gdp,THA,1974-07-01,-3.224739
gdp,THA,1975-07-01,-3.188719
gdp,THA,1976-07-01,-3.165619
gdp,THA,1977-07-01,-3.129242
gdp,THA,1978-07-01,-3.096343
gdp,THA,1979-07-01,-3.085155
gdp,THA,1980-07-01,-3.043165
gdp,THA,1981-07-01,-3.021100
gdp,THA,1982-07-01,-2.960765
gdp,THA,1983-07-01,-2.961467
gdp,THA,1984-07-01,-2.985735
gdp,THA,1985-07-01,-2.990750
gdp,THA,1986-07-01,-2.979570
gdp,THA,1987-07-01,-2.931029
gdp,THA,1988-07-01,-2.855156
gdp,THA,1989-07-01,-2.783213
gdp,THA,1990-07-01,-2.701117
gdp,THA,1991-07-01,-2.620846
gdp,THA,1992-07-01,-2.579758
gdp,THA,1993-07-01,-2.529862
gdp,THA,1994-07-01,-2.494909
gdp,THA,1995-07-01,-2.445687
gdp,THA,1996-07-01,-2.429917
gdp,THA,1997-07-01,-2.502648
gdp,THA,1998-07-01,-2.627314
gdp,THA,1999-07-01,-2.630436
gdp,THA,2000-07-01,-2.626999
gdp,THA,2001-07-01,-2.602907
gdp,THA,2002-07-01,-2.560437
gdp,THA,2003-07-01,-2.519309
gdp,THA,2004-07-01,-2.495776
gdp,THA,2005-07-01,-2.488379
gdp,THA,2006-07-01,-2.466018
gdp,THA,2007-07-01,-2.431422
gdp,THA,2008-07-01,-2.413671
gdp,THA,2009-07-01,-2.393117
gdp,THA,2010-07-01,-2.345512
gdp,THA,2011-07-01,-2.350963
gdp,THA,2012-07-01,-2.301883
gdp,THA,2013-07-01,-2.294627
gdp,THA,2014-07-01,-2.307097
gdp,THA,2015-07-01,-2.301898
gdp,THA,2016-07-01,-2.282811
gdp,THA,2017-07-01,-2.263463
gdp,THA,2018-07-01,-2.248500
gdp,THA,2019-07-01,-2.249980
gdp,THA,2020-07-01,-2.289392
gdp,THA,2021-07-01,-2.333253
gdp,THA,2022-07-01,-2.326564
gdp,THA,2023-07-01,-2.324561
gdp,THA,2024-07-01,-2.312969
gdp,THA,2025-07-01,-2.304325
gdp,TJK,1985-07-01,-3.203993
gdp,TJK,1986-07-01,-3.227006
gdp,TJK,1987-07-01,-3.298483
gdp,TJK,1988-07-01,-3.235174
gdp,TJK,1989-07-01,-3.358336
gdp,TJK,1990-07-01,-3.396404
gdp,TJK,1991-07-01,-3.481646
gdp,TJK,1992-07-01,-3.864223
gdp,TJK,1993-07-01,-4.070601
gdp,TJK,1994-07-01,-4.354746
gdp,TJK,1995-07-01,-4.522835
gdp,TJK,1996-07-01,-4.750588
gdp,TJK,1997-07-01,-4.777404
gdp,TJK,1998-07-01,-4.763775
gdp,TJK,1999-07-01,-4.767900
gdp,TJK,2000-07-01,-4.729005
gdp,TJK,2001-07-01,-4.656451
gdp,TJK,2002-07-01,-4.580691
gdp,TJK,2003-07-01,-4.514551
gdp,TJK,2004-07-01,-4.464645
gdp,TJK,2005-07-01,-4.444385
gdp,TJK,2006-07-01,-4.413551
gdp,TJK,2007-07-01,-4.367987
gdp,TJK,2008-07-01,-4.303437
gdp,TJK,2009-07-01,-4.250787
gdp,TJK,2010-07-01,-4.227332
gdp,TJK,2011-07-01,-4.185852
gdp,TJK,2012-07-01,-4.152084
gdp,TJK,2013-07-01,-4.119057
gdp,TJK,2014-07-01,-4.096268
gdp,TJK,2015-07-01,-4.084446
gdp,TJK,2016-07-01,-4.053233
gdp,TJK,2017-07-01,-4.026536
gdp,TJK,2018-07-01,-4.000729
gdp,TJK,2019-07-01,-3.973337
gdp,TJK,2020-07-01,-3.927914
gdp,TJK,2021-07-01,-3.918276
gdp,TJK,2022-07-01,-3.881923
gdp,TJK,2023-07-01,-3.843065
gdp,TJK,2024-07-01,-3.799528
gdp,TJK,2025-07-01,-3.753348
gdp,TKM,1987-07-01,-2.629301
gdp,TKM,1988-07-01,-2.586985
gdp,TKM,1989-07-01,-2.685644
gdp,TKM,1990-07-01,-2.416516
gdp,TKM,1991-07-01,-2.474251
gdp,TKM,1992-07-01,-2.679887
gdp,TKM,1993-07-01,-2.700951
gdp,TKM,1994-07-01,-2.938816
gdp,TKM,1995-07-01,-3.046067
gdp,TKM,1996-07-01,-3.023793
gdp,TKM,1997-07-01,-3.193258
gdp,TKM,1998-07-01,-3.173733
gdp,TKM,1999-07-01,-3.074648
gdp,TKM,2000-07-01,-3.070186
gdp,TKM,2001-07-01,-3.047311
gdp,TKM,2002-07-01,-3.072243
gdp,TKM,2003-07-01,-3.078655
gdp,TKM,2004-07-01,-3.077550
gdp,TKM,2005-07-01,-2.998870
gdp,TKM,2006-07-01,-2.931172
gdp,TKM,2007-07-01,-2.855267
gdp,TKM,2008-07-01,-2.728867
gdp,TKM,2009-07-01,-2.654527
gdp,TKM,2010-07-01,-2.605123
gdp,TKM,2011-07-01,-2.496584
gdp,TKM,2012-07-01,-2.428193
gdp,TKM,2013-07-01,-2.367063
gdp,TKM,2014-07-01,-2.308174
gdp,TKM,2015-07-01,-2.289557
gdp,TKM,2016-07-01,-2.262249
gdp,TKM,2017-07-01,-2.239934
gdp,TKM,2018-07-01,-2.225651
gdp,TKM,2019-07-01,-2.206672
gdp,TKM,2020-07-01,-2.145732
gdp,TKM,2021-07-01,-2.164412
gdp,TKM,2022-07-01,-2.142457
gdp,TKM,2023-07-01,-2.120277
gdp,TKM,2024-07-01,-2.094802
gdp,TKM,2025-07-01,-2.066322
gdp,TLA,1960-07-01,-1.740079
gdp,TLA,1961-07-01,-1.716100
gdp,TLA,1962-07-01,-1.744893
gdp,TLA,1963-07-01,-1.781871
gdp,TLA,1964-07-01,-1.780067
gdp,TLA,1965-07-01,-1.803523
gdp,TLA,1966-07-01,-1.835945
gdp,TLA,1967-07-01,-1.835066
gdp,TLA,1968-07-01,-1.828726
gdp,TLA,1969-07-01,-1.812133
gdp,TLA,1970-07-01,-1.763833
gdp,TLA,1971-07-01,-1.744018
gdp,TLA,1972-07-01,-1.741243
gdp,TLA,1973-07-01,-1.733190
gdp,TLA,1974-07-01,-1.681397
gdp,TLA,1975-07-01,-1.657460
gdp,TLA,1976-07-01,-1.670475
gdp,TLA,1977-07-01,-1.681986
gdp,TLA,1978-07-01,-1.706280
gdp,TLA,1979-07-01,-1.679991
gdp,TLA,1980-07-01,-1.627455
gdp,TLA,1981-07-01,-1.656351
gdp,TLA,1982-07-01,-1.653046
gdp,TLA,1983-07-01,-1.737977
gdp,TLA,1984-07-01,-1.783968
gdp,TLA,1985-07-01,-1.806857
gdp,TLA,1986-07-01,-1.816817
gdp,TLA,1987-07-01,-1.828455
gdp,TLA,1988-07-01,-1.874325
gdp,TLA,1989-07-01,-1.909338
gdp,TLA,1990-07-01,-1.936227
gdp,TLA,1991-07-01,-1.905825
gdp,TLA,1992-07-01,-1.916158
gdp,TLA,1993-07-01,-1.903246
gdp,TLA,1994-07-01,-1.897938
gdp,TLA,1995-07-01,-1.921458
gdp,TLA,1996-07-01,-1.925359
gdp,TLA,1997-07-01,-1.919325
gdp,TLA,1998-07-01,-1.939075
gdp,TLA,1999-07-01,-1.986964
gdp,TLA,2000-07-01,-1.995411
gdp,TLA,2001-07-01,-2.006158
gdp,TLA,2002-07-01,-2.025748
gdp,TLA,2003-07-01,-2.035455
gdp,TLA,2004-07-01,-2.021814
gdp,TLA,2005-07-01,-2.018132
gdp,TLA,2006-07-01,-1.995799
gdp,TLA,2007-07-01,-1.965007
gdp,TLA,2008-07-01,-1.930687
gdp,TLA,2009-07-01,-1.931127
gdp,TLA,2010-07-01,-1.898219
gdp,TLA,2011-07-01,-1.872231
gdp,TLA,2012-07-01,-1.870991
gdp,TLA,2013-07-01,-1.867406
gdp,TLA,2014-07-01,-1.882422
gdp,TLA,2015-07-01,-1.911693
gdp,TLA,2016-07-01,-1.939163
gdp,TLA,2017-07-01,-1.949842
gdp,TLA,2018-07-01,-1.969122
gdp,TLA,2019-07-01,-1.994871
gdp,TLA,2020-07-01,-2.047279
gdp,TLA,2021-07-01,-2.041205
gdp,TLA,2022-07-01,-2.026282
gdp,TLA,2023-07-01,-2.031551
gdp,TLA,2024-07-01,-2.034121
gdp,TLA,2025-07-01,-2.033864
gdp,TLS,1990-07-01,-4.125675
gdp,TLS,1991-07-01,-4.032758
gdp,TLS,1992-07-01,-3.980704
gdp,TLS,1993-07-01,-3.924789
gdp,TLS,1994-07-01,-3.910901
gdp,TLS,1995-07-01,-3.888432
gdp,TLS,1996-07-01,-3.864457
gdp,TLS,1997-07-01,-3.884234
gdp,TLS,1998-07-01,-3.963895
gdp,TLS,1999-07-01,-4.315453
gdp,TLS,2000-07-01,-3.772806
gdp,TLS,2001-07-01,-3.707311
gdp,TLS,2002-07-01,-3.863411
gdp,TLS,2003-07-01,-3.946461
gdp,TLS,2004-07-01,-3.984184
gdp,TLS,2005-07-01,-4.000294
gdp,TLS,2006-07-01,-4.089540
gdp,TLS,2007-07-01,-4.030709
gdp,TLS,2008-07-01,-3.941512
gdp,TLS,2009-07-01,-3.835202
gdp,TLS,2010-07-01,-3.788287
gdp,TLS,2011-07-01,-3.761270
gdp,TLS,2012-07-01,-3.750442
gdp,TLS,2013-07-01,-3.754025
gdp,TLS,2014-07-01,-3.747068
gdp,TLS,2015-07-01,-3.763084
gdp,TLS,2016-07-01,-3.762656
gdp,TLS,2017-07-01,-3.831211
gdp,TLS,2018-07-01,-3.878450
gdp,TLS,2019-07-01,-3.701375
gdp,TLS,2020-07-01,-3.419820
gdp,TLS,2021-07-01,-3.443644
gdp,TLS,2022-07-01,-3.706664
gdp,TLS,2023-07-01,-3.938357
gdp,TLS,2024-07-01,-4.063466
gdp,TLS,2025-07-01,-4.024881
gdp,TMN,1960-07-01,-2.925102
gdp,TMN,1961-07-01,-2.919904
gdp,TMN,1962-07-01,-2.963562
gdp,TMN,1963-07-01,-2.912028
gdp,TMN,1964-07-01,-2.884046
gdp,TMN,1965-07-01,-2.844820
gdp,TMN,1966-07-01,-2.854192
gdp,TMN,1967-07-01,-2.822588
gdp,TMN,1968-07-01,-2.770088
gdp,TMN,1969-07-01,-2.713977
gdp,TMN,1970-07-01,-2.648765
gdp,TMN,1971-07-01,-2.641592
gdp,TMN,1972-07-01,-2.596857
gdp,TMN,1973-07-01,-2.616696
gdp,TMN,1974-07-01,-2.558823
gdp,TMN,1975-07-01,-2.545184
gdp,TMN,1976-07-01,-2.476628
gdp,TMN,1977-07-01,-2.524529
gdp,TMN,1978-07-01,-2.615992
gdp,TMN,1979-07-01,-2.671141
gdp,TMN,1980-07-01,-2.723053
gdp,TMN,1981-07-01,-2.783466
gdp,TMN,1982-07-01,-2.682798
gdp,TMN,1983-07-01,-2.703188
gdp,TMN,1984-07-01,-2.794255
gdp,TMN,1985-07-01,-2.814953
gdp,TMN,1986-07-01,-2.888521
gdp,TMN,1987-07-01,-2.933679
gdp,TMN,1988-07-01,-2.977114
gdp,TMN,1989-07-01,-3.005278
gdp,TMN,1990-07-01,-2.947461
gdp,TMN,1991-07-01,-2.948935
gdp,TMN,1992-07-01,-2.948566
gdp,TMN,1993-07-01,-2.973902
gdp,TMN,1994-07-01,-3.003569
gdp,TMN,1995-07-01,-3.013535
gdp,TMN,1996-07-01,-3.004455
gdp,TMN,1997-07-01,-3.025765
gdp,TMN,1998-07-01,-3.028975
gdp,TMN,1999-07-01,-3.046324
gdp,TMN,2000-07-01,-3.040464
gdp,TMN,2001-07-01,-3.032627
gdp,TMN,2002-07-01,-3.028666
gdp,TMN,2003-07-01,-3.043759
gdp,TMN,2004-07-01,-3.021431
gdp,TMN,2005-07-01,-3.021168
gdp,TMN,2006-07-01,-3.008709
gdp,TMN,2007-07-01,-2.984141
gdp,TMN,2008-07-01,-2.963564
gdp,TMN,2009-07-01,-2.923155
gdp,TMN,2010-07-01,-2.915759
gdp,TMN,2011-07-01,-2.948663
gdp,TMN,2012-07-01,-2.948565
gdp,TMN,2013-07-01,-2.970098
gdp,TMN,2014-07-01,-2.981588
gdp,TMN,2015-07-01,-3.008830
gdp,TMN,2016-07-01,-2.981449
gdp,TMN,2017-07-01,-2.981945
gdp,TMN,2018-07-01,-3.002055
gdp,TMN,2019-07-01,-3.026360
gdp,TMN,2020-07-01,-3.044571
gdp,TMN,2021-07-01,-3.077498
gdp,TMN,2022-07-01,-3.071327
gdp,TMN,2023-07-01,-3.080541
gdp,TMN,2024-07-01,-3.091493
gdp,TMN,2025-07-01,-3.104298
gdp,TON,1981-07-01,-2.500590
gdp,TON,1982-07-01,-2.427264
gdp,TON,1983-07-01,-2.443492
gdp,TON,1984-07-01,-2.487384
gdp,TON,1985-07-01,-2.455787
gdp,TON,1986-07-01,-2.459886
gdp,TON,1987-07-01,-2.459219
gdp,TON,1988-07-01,-2.516068
gdp,TON,1989-07-01,-2.543172
gdp,TON,1990-07-01,-2.574196
gdp,TON,1991-07-01,-2.499527
gdp,TON,1992-07-01,-2.519031
gdp,TON,1993-07-01,-2.497101
gdp,TON,1994-07-01,-2.476629
gdp,TON,1995-07-01,-2.431382
gdp,TON,1996-07-01,-2.456351
gdp,TON,1997-07-01,-2.497817
gdp,TON,1998-07-01,-2.514415
gdp,TON,1999-07-01,-2.533410
gdp,TON,2000-07-01,-2.531560
gdp,TON,2001-07-01,-2.522291
gdp,TON,2002-07-01,-2.492193
gdp,TON,2003-07-01,-2.516316
gdp,TON,2004-07-01,-2.570487
gdp,TON,2005-07-01,-2.607805
gdp,TON,2006-07-01,-2.653014
gdp,TON,2007-07-01,-2.692738
gdp,TON,2008-07-01,-2.639682
gdp,TON,2009-07-01,-2.659175
gdp,TON,2010-07-01,-2.670935
gdp,TON,2011-07-01,-2.615230
gdp,TON,2012-07-01,-2.619700
gdp,TON,2013-07-01,-2.625599
gdp,TON,2014-07-01,-2.618465
gdp,TON,2015-07-01,-2.623607
gdp,TON,2016-07-01,-2.564484
gdp,TON,2017-07-01,-2.548719
gdp,TON,2018-07-01,-2.568825
gdp,TON,2019-07-01,-2.593006
gdp,TON,2020-07-01,-2.550317
gdp,TON,2021-07-01,-2.615813
gdp,TON,2022-07-01,-2.652308
gdp,TON,2023-07-01,-2.641239
gdp,TON,2024-07-01,-2.638124
gdp,TON,2025-07-01,-2.622503
gdp,TSA,1960-07-01,-4.047836
gdp,TSA,1961-07-01,-4.039022
gdp,TSA,1962-07-01,-4.074730
gdp,TSA,1963-07-01,-4.079582
gdp,TSA,1964-07-01,-4.071105
gdp,TSA,1965-07-01,-4.162584
gdp,TSA,1966-07-01,-4.229991
gdp,TSA,1967-07-01,-4.205915
gdp,TSA,1968-07-01,-4.223755
gdp,TSA,1969-07-01,-4.209953
gdp,TSA,1970-07-01,-4.173129
gdp,TSA,1971-07-01,-4.208119
gdp,TSA,1972-07-01,-4.292001
gdp,TSA,1973-07-01,-4.327217
gdp,TSA,1974-07-01,-4.313326
gdp,TSA,1975-07-01,-4.254560
gdp,TSA,1976-07-01,-4.299382
gdp,TSA,1977-07-01,-4.294232
gdp,TSA,1978-07-01,-4.303876
gdp,TSA,1979-07-01,-4.383467
gdp,TSA,1980-07-01,-4.337994
gdp,TSA,1981-07-01,-4.316945
gdp,TSA,1982-07-01,-4.279796
gdp,TSA,1983-07-01,-4.274596
gdp,TSA,1984-07-01,-4.319021
gdp,TSA,1985-07-01,-4.324723
gdp,TSA,1986-07-01,-4.326501
gdp,TSA,1987-07-01,-4.336471
gdp,TSA,1988-07-01,-4.308684
gdp,TSA,1989-07-01,-4.304004
gdp,TSA,1990-07-01,-4.278699
gdp,TSA,1991-07-01,-4.270463
gdp,TSA,1992-07-01,-4.259551
gdp,TSA,1993-07-01,-4.247178
gdp,TSA,1994-07-01,-4.232911
gdp,TSA,1995-07-01,-4.197955
gdp,TSA,1996-07-01,-4.174816
gdp,TSA,1997-07-01,-4.184595
gdp,TSA,1998-07-01,-4.177966
gdp,TSA,1999-07-01,-4.153370
gdp,TSA,2000-07-01,-4.160854
gdp,TSA,2001-07-01,-4.134140
gdp,TSA,2002-07-01,-4.122345
gdp,TSA,2003-07-01,-4.086147
gdp,TSA,2004-07-01,-4.058325
gdp,TSA,2005-07-01,-4.025353
gdp,TSA,2006-07-01,-3.982145
gdp,TSA,2007-07-01,-3.934186
gdp,TSA,2008-07-01,-3.905324
gdp,TSA,2009-07-01,-3.812809
gdp,TSA,2010-07-01,-3.765839
gdp,TSA,2011-07-01,-3.733701
gdp,TSA,2012-07-01,-3.706447
gdp,TSA,2013-07-01,-3.671504
gdp,TSA,2014-07-01,-3.630551
gdp,TSA,2015-07-01,-3.588986
gdp,TSA,2016-07-01,-3.533960
gdp,TSA,2017-07-01,-3.496804
gdp,TSA,2018-07-01,-3.468726
gdp,TSA,2019-07-01,-3.459128
gdp,TSA,2020-07-01,-3.494878
gdp,TSA,2021-07-01,-3.472993
gdp,TSA,2022-07-01,-3.431681
gdp,TSA,2023-07-01,-3.395533
gdp,TSA,2024-07-01,-3.356955
gdp,TSA,2025-07-01,-3.313124
gdp,TSS,1960-07-01,-2.797397
gdp,TSS,1961-07-01,-2.816879
gdp,TSS,1962-07-01,-2.826506
gdp,TSS,1963-07-01,-2.819419
gdp,TSS,1964-07-01,-2.838641
gdp,TSS,1965-07-01,-2.867977
gdp,TSS,1966-07-01,-2.924979
gdp,TSS,1967-07-01,-2.972369
gdp,TSS,1968-07-01,-3.004747
gdp,TSS,1969-07-01,-2.965982
gdp,TSS,1970-07-01,-2.908221
gdp,TSS,1971-07-01,-2.880607
gdp,TSS,1972-07-01,-2.918846
gdp,TSS,1973-07-01,-2.949718
gdp,TSS,1974-07-01,-2.890756
gdp,TSS,1975-07-01,-2.909345
gdp,TSS,1976-07-01,-2.930092
gdp,TSS,1977-07-01,-2.965804
gdp,TSS,1978-07-01,-3.039938
gdp,TSS,1979-07-01,-3.051542
gdp,TSS,1980-07-01,-3.032191
gdp,TSS,1981-07-01,-3.085536
gdp,TSS,1982-07-01,-3.100755
gdp,TSS,1983-07-01,-3.191787
gdp,TSS,1984-07-01,-3.259351
gdp,TSS,1985-07-01,-3.300426
gdp,TSS,1986-07-01,-3.335585
gdp,TSS,1987-07-01,-3.360615
gdp,TSS,1988-07-01,-3.377120
gdp,TSS,1989-07-01,-3.409076
gdp,TSS,1990-07-01,-3.421947
gdp,TSS,1991-07-01,-3.430706
gdp,TSS,1992-07-01,-3.483387
gdp,TSS,1993-07-01,-3.535219
gdp,TSS,1994-07-01,-3.578817
gdp,TSS,1995-07-01,-3.587188
gdp,TSS,1996-07-01,-3.589217
gdp,TSS,1997-07-01,-3.607068
gdp,TSS,1998-07-01,-3.640970
gdp,TSS,1999-07-01,-3.681349
gdp,TSS,2000-07-01,-3.702962
gdp,TSS,2001-07-01,-3.688039
gdp,TSS,2002-07-01,-3.660543
gdp,TSS,2003-07-01,-3.666119
gdp,TSS,2004-07-01,-3.657079
gdp,TSS,2005-07-01,-3.651059
gdp,TSS,2006-07-01,-3.637482
gdp,TSS,2007-07-01,-3.615499
gdp,TSS,2008-07-01,-3.584157
gdp,TSS,2009-07-01,-3.545925
gdp,TSS,2010-07-01,-3.532750
gdp,TSS,2011-07-01,-3.525735
gdp,TSS,2012-07-01,-3.534916
gdp,TSS,2013-07-01,-3.524291
gdp,TSS,2014-07-01,-3.522181
gdp,TSS,2015-07-01,-3.541257
gdp,TSS,2016-07-01,-3.564839
gdp,TSS,2017-07-01,-3.583726
gdp,TSS,2018-07-01,-3.606017
gdp,TSS,2019-07-01,-3.627255
gdp,TSS,2020-07-01,-3.661332
gdp,TSS,2021-07-01,-3.709572
gdp,TSS,2022-07-01,-3.714091
gdp,TSS,2023-07-01,-3.732630
gdp,TSS,2024-07-01,-3.739482
gdp,TSS,2025-07-01,-3.739373
gdp,TTO,1960-07-01,-1.487805
gdp,TTO,1961-07-01,-1.383926
gdp,TTO,1962-07-01,-1.420264
gdp,TTO,1963-07-01,-1.413095
gdp,TTO,1964-07-01,-1.399909
gdp,TTO,1965-07-01,-1.459322
gdp,TTO,1966-07-01,-1.486491
gdp,TTO,1967-07-01,-1.494271
gdp,TTO,1968-07-01,-1.493409
gdp,TTO,1969-07-01,-1.499227
gdp,TTO,1970-07-01,-1.465931
gdp,TTO,1971-07-01,-1.486482
gdp,TTO,1972-07-01,-1.483032
gdp,TTO,1973-07-01,-1.524639
gdp,TTO,1974-07-01,-1.485195
gdp,TTO,1975-07-01,-1.470741
gdp,TTO,1976-07-01,-1.463751
gdp,TTO,1977-07-01,-1.423946
gdp,TTO,1978-07-01,-1.384491
gdp,TTO,1979-07-01,-1.382220
gdp,TTO,1980-07-01,-1.283850
gdp,TTO,1981-07-01,-1.266205
gdp,TTO,1982-07-01,-1.212397
gdp,TTO,1983-07-01,-1.367697
gdp,TTO,1984-07-01,-1.498805
gdp,TTO,1985-07-01,-1.585047
gdp,TTO,1986-07-01,-1.656371
gdp,TTO,1987-07-01,-1.739853
gdp,TTO,1988-07-01,-1.822063
gdp,TTO,1989-07-01,-1.866347
gdp,TTO,1990-07-01,-1.867263
gdp,TTO,1991-07-01,-1.830092
gdp,TTO,1992-07-01,-1.762188
gdp,TTO,1993-07-01,-1.789751
gdp,TTO,1994-07-01,-1.788069
gdp,TTO,1995-07-01,-1.770546
gdp,TTO,1996-07-01,-1.731467
gdp,TTO,1997-07-01,-1.694170
gdp,TTO,1998-07-01,-1.651610
gdp,TTO,1999-07-01,-1.613125
gdp,TTO,2000-07-01,-1.579073
gdp,TTO,2001-07-01,-1.542226
gdp,TTO,2002-07-01,-1.478284
gdp,TTO,2003-07-01,-1.367389
gdp,TTO,2004-07-01,-1.324362
gdp,TTO,2005-07-01,-1.250593
gdp,TTO,2006-07-01,-1.147019
gdp,TTO,2007-07-01,-1.114935
gdp,TTO,2008-07-01,-1.077391
gdp,TTO,2009-07-01,-1.088593
gdp,TTO,2010-07-01,-1.079825
gdp,TTO,2011-07-01,-1.098162
gdp,TTO,2012-07-01,-1.053247
gdp,TTO,2013-07-01,-1.037520
gdp,TTO,2014-07-01,-1.021998
gdp,TTO,2015-07-01,-1.050329
gdp,TTO,2016-07-01,-1.141986
gdp,TTO,2017-07-01,-1.211311
gdp,TTO,2018-07-01,-1.246065
gdp,TTO,2019-07-01,-1.265277
gdp,TTO,2020-07-01,-1.334157
gdp,TTO,2021-07-01,-1.400089
gdp,TTO,2022-07-01,-1.409466
gdp,TTO,2023-07-01,-1.416851
gdp,TTO,2024-07-01,-1.410618
gdp,TTO,2025-07-01,-1.434270
gdp,TUN,1961-07-01,-2.598080
gdp,TUN,1962-07-01,-2.701071
gdp,TUN,1963-07-01,-2.856475
gdp,TUN,1964-07-01,-2.960924
gdp,TUN,1965-07-01,-3.051955
gdp,TUN,1966-07-01,-3.089148
gdp,TUN,1967-07-01,-3.124426
gdp,TUN,1968-07-01,-3.086970
gdp,TUN,1969-07-01,-3.086594
gdp,TUN,1970-07-01,-3.056470
gdp,TUN,1971-07-01,-3.000902
gdp,TUN,1972-07-01,-2.903400
gdp,TUN,1973-07-01,-2.981079
gdp,TUN,1974-07-01,-2.915147
gdp,TUN,1975-07-01,-2.860943
gdp,TUN,1976-07-01,-2.854753
gdp,TUN,1977-07-01,-2.882516
gdp,TUN,1978-07-01,-2.888002
gdp,TUN,1979-07-01,-2.867562
gdp,TUN,1980-07-01,-2.806764
gdp,TUN,1981-07-01,-2.791097
gdp,TUN,1982-07-01,-2.790323
gdp,TUN,1983-07-01,-2.801035
gdp,TUN,1984-07-01,-2.829640
gdp,TUN,1985-07-01,-2.832637
gdp,TUN,1986-07-01,-2.897382
gdp,TUN,1987-07-01,-2.882194
gdp,TUN,1988-07-01,-2.936716
gdp,TUN,1989-07-01,-2.968000
gdp,TUN,1990-07-01,-2.919874
gdp,TUN,1991-07-01,-2.888202
gdp,TUN,1992-07-01,-2.854821
gdp,TUN,1993-07-01,-2.867119
gdp,TUN,1994-07-01,-2.881027
gdp,TUN,1995-07-01,-2.888077
gdp,TUN,1996-07-01,-2.858885
gdp,TUN,1997-07-01,-2.850930
gdp,TUN,1998-07-01,-2.849098
gdp,TUN,1999-07-01,-2.837511
gdp,TUN,2000-07-01,-2.831548
gdp,TUN,2001-07-01,-2.804570
gdp,TUN,2002-07-01,-2.809280
gdp,TUN,2003-07-01,-2.792296
gdp,TUN,2004-07-01,-2.769648
gdp,TUN,2005-07-01,-2.769148
gdp,TUN,2006-07-01,-2.744687
gdp,TUN,2007-07-01,-2.699244
gdp,TUN,2008-07-01,-2.659036
gdp,TUN,2009-07-01,-2.604383
gdp,TUN,2010-07-01,-2.604006
gdp,TUN,2011-07-01,-2.643373
gdp,TUN,2012-07-01,-2.628011
gdp,TUN,2013-07-01,-2.629287
gdp,TUN,2014-07-01,-2.627676
gdp,TUN,2015-07-01,-2.650383
gdp,TUN,2016-07-01,-2.660472
gdp,TUN,2017-07-01,-2.666058
gdp,TUN,2018-07-01,-2.673515
gdp,TUN,2019-07-01,-2.687762
gdp,TUN,2020-07-01,-2.764980
gdp,TUN,2021-07-01,-2.783044
gdp,TUN,2022-07-01,-2.780980
gdp,TUN,2023-07-01,-2.806507
gdp,TUN,2024-07-01,-2.814704
gdp,TUN,2025-07-01,-2.812042
gdp,TUR,1960-07-01,-2.048113
gdp,TUR,1961-07-01,-2.070262
gdp,TUR,1962-07-01,-2.086876
gdp,TUR,1963-07-01,-2.055496
gdp,TUR,1964-07-01,-2.071051
gdp,TUR,1965-07-01,-2.117853
gdp,TUR,1966-07-01,-2.088414
gdp,TUR,1967-07-01,-2.081944
gdp,TUR,1968-07-01,-2.078527
gdp,TUR,1969-07-01,-2.083781
gdp,TUR,1970-07-01,-2.065964
gdp,TUR,1971-07-01,-2.055283
gdp,TUR,1972-07-01,-2.048175
gdp,TUR,1973-07-01,-2.084580
gdp,TUR,1974-07-01,-2.037734
gdp,TUR,1975-07-01,-1.977276
gdp,TUR,1976-07-01,-1.941177
gdp,TUR,1977-07-01,-1.963454
gdp,TUR,1978-07-01,-2.011996
gdp,TUR,1979-07-01,-2.058018
gdp,TUR,1980-07-01,-2.090612
gdp,TUR,1981-07-01,-2.078327
gdp,TUR,1982-07-01,-2.036965
gdp,TUR,1983-07-01,-2.047627
gdp,TUR,1984-07-01,-2.066860
gdp,TUR,1985-07-01,-2.079514
gdp,TUR,1986-07-01,-2.057831
gdp,TUR,1987-07-01,-2.012610
gdp,TUR,1988-07-01,-2.041480
gdp,TUR,1989-07-01,-2.084803
gdp,TUR,1990-07-01,-2.022295
gdp,TUR,1991-07-01,-2.018266
gdp,TUR,1992-07-01,-2.006934
gdp,TUR,1993-07-01,-1.964417
gdp,TUR,1994-07-01,-2.056845
gdp,TUR,1995-07-01,-2.011962
gdp,TUR,1996-07-01,-1.983299
gdp,TUR,1997-07-01,-1.958225
gdp,TUR,1998-07-01,-1.985443
gdp,TUR,1999-07-01,-2.065102
gdp,TUR,2000-07-01,-2.039249
gdp,TUR,2001-07-01,-2.107445
gdp,TUR,2002-07-01,-2.064719
gdp,TUR,2003-07-01,-2.038934
gdp,TUR,2004-07-01,-1.983958
gdp,TUR,2005-07-01,-1.932469
gdp,TUR,2006-07-01,-1.892272
gdp,TUR,2007-07-01,-1.854391
gdp,TUR,2008-07-01,-1.849564
gdp,TUR,2009-07-01,-1.878557
gdp,TUR,2010-07-01,-1.829917
gdp,TUR,2011-07-01,-1.748014
gdp,TUR,2012-07-01,-1.728454
gdp,TUR,2013-07-01,-1.673218
gdp,TUR,2014-07-01,-1.658692
gdp,TUR,2015-07-01,-1.636652
gdp,TUR,2016-07-01,-1.627584
gdp,TUR,2017-07-01,-1.582555
gdp,TUR,2018-07-01,-1.585366
gdp,TUR,2019-07-01,-1.607090
gdp,TUR,2020-07-01,-1.573805
gdp,TUR,2021-07-01,-1.529398
gdp,TUR,2022-07-01,-1.505495
gdp,TUR,2023-07-01,-1.481035
gdp,TUR,2024-07-01,-1.468504
gdp,TUR,2025-07-01,-1.453451
gdp,TUV,1970-07-01,-2.340213
gdp,TUV,1971-07-01,-2.379807
gdp,TUV,1972-07-01,-2.441246
gdp,TUV,1973-07-01,-2.504181
gdp,TUV,1974-07-01,-2.531064
gdp,TUV,1975-07-01,-2.583754
gdp,TUV,1976-07-01,-2.681068
gdp,TUV,1977-07-01,-2.797441
gdp,TUV,1978-07-01,-2.898947
gdp,TUV,1979-07-01,-2.955165
gdp,TUV,1980-07-01,-2.974432
gdp,TUV,1981-07-01,-2.985496
gdp,TUV,1982-07-01,-3.150400
gdp,TUV,1983-07-01,-3.116318
gdp,TUV,1984-07-01,-3.119971
gdp,TUV,1985-07-01,-3.188541
gdp,TUV,1986-07-01,-3.030731
gdp,TUV,1987-07-01,-2.958704
gdp,TUV,1988-07-01,-2.831424
gdp,TUV,1989-07-01,-2.894478
gdp,TUV,1990-07-01,-2.774418
gdp,TUV,1991-07-01,-2.739184
gdp,TUV,1992-07-01,-2.744673
gdp,TUV,1993-07-01,-2.728036
gdp,TUV,1994-07-01,-2.666227
gdp,TUV,1995-07-01,-2.740047
gdp,TUV,1996-07-01,-2.833569
gdp,TUV,1997-07-01,-2.775890
gdp,TUV,1998-07-01,-2.669389
gdp,TUV,1999-07-01,-2.725191
gdp,TUV,2000-07-01,-2.768364
gdp,TUV,2001-07-01,-2.765436
gdp,TUV,2002-07-01,-2.696977
gdp,TUV,2003-07-01,-2.767891
gdp,TUV,2004-07-01,-2.827857
gdp,TUV,2005-07-01,-2.903623
gdp,TUV,2006-07-01,-2.920121
gdp,TUV,2007-07-01,-2.876128
gdp,TUV,2008-07-01,-2.817645
gdp,TUV,2009-07-01,-2.854090
gdp,TUV,2010-07-01,-2.911736
gdp,TUV,2011-07-01,-2.862346
gdp,TUV,2012-07-01,-2.920122
gdp,TUV,2013-07-01,-2.902278
gdp,TUV,2014-07-01,-2.901162
gdp,TUV,2015-07-01,-2.830651
gdp,TUV,2016-07-01,-2.791151
gdp,TUV,2017-07-01,-2.770747
gdp,TUV,2018-07-01,-2.769429
gdp,TUV,2019-07-01,-2.647688
gdp,TUV,2020-07-01,-2.635990
gdp,TUV,2021-07-01,-2.674209
gdp,TUV,2022-07-01,-2.789262
gdp,TUV,2023-07-01,-2.757700
gdp,TUV,2024-07-01,-2.724841
gdp,TUV,2025-07-01,-2.708645
gdp,TZA,1960-07-01,-3.124925
gdp,TZA,1961-07-01,-3.148290
gdp,TZA,1962-07-01,-3.134066
gdp,TZA,1963-07-01,-3.131309
gdp,TZA,1964-07-01,-3.150099
gdp,TZA,1965-07-01,-3.187261
gdp,TZA,1966-07-01,-3.159170
gdp,TZA,1967-07-01,-3.150234
gdp,TZA,1968-07-01,-3.158590
gdp,TZA,1969-07-01,-3.181158
gdp,TZA,1970-07-01,-3.830288
gdp,TZA,1971-07-01,-3.846638
gdp,TZA,1972-07-01,-3.854122
gdp,TZA,1973-07-01,-3.875422
gdp,TZA,1974-07-01,-3.876037
gdp,TZA,1975-07-01,-3.861390
gdp,TZA,1976-07-01,-3.908217
gdp,TZA,1977-07-01,-3.979055
gdp,TZA,1978-07-01,-4.037015
gdp,TZA,1979-07-01,-4.066076
gdp,TZA,1980-07-01,-4.058498
gdp,TZA,1981-07-01,-4.114070
gdp,TZA,1982-07-01,-4.120538
gdp,TZA,1983-07-01,-4.192948
gdp,TZA,1984-07-01,-4.241072
gdp,TZA,1985-07-01,-4.293287
gdp,TZA,1986-07-01,-4.297643
gdp,TZA,1987-07-01,-4.308402
gdp,TZA,1988-07-01,-4.300458
gdp,TZA,1989-07-01,-4.316713
gdp,TZA,1990-07-01,-4.282008
gdp,TZA,1991-07-01,-4.272333
gdp,TZA,1992-07-01,-4.312162
gdp,TZA,1993-07-01,-4.345443
gdp,TZA,1994-07-01,-4.395477
gdp,TZA,1995-07-01,-4.406381
gdp,TZA,1996-07-01,-4.405609
gdp,TZA,1997-07-01,-4.422596
gdp,TZA,1998-07-01,-4.444639
gdp,TZA,1999-07-01,-4.459147
gdp,TZA,2000-07-01,-4.472118
gdp,TZA,2001-07-01,-4.439742
gdp,TZA,2002-07-01,-4.404614
gdp,TZA,2003-07-01,-4.385396
gdp,TZA,2004-07-01,-4.368621
gdp,TZA,2005-07-01,-4.349245
gdp,TZA,2006-07-01,-4.331743
gdp,TZA,2007-07-01,-4.304441
gdp,TZA,2008-07-01,-4.267787
gdp,TZA,2009-07-01,-4.206185
gdp,TZA,2010-07-01,-4.188272
gdp,TZA,2011-07-01,-4.149896
gdp,TZA,2012-07-01,-4.149273
gdp,TZA,2013-07-01,-4.127035
gdp,TZA,2014-07-01,-4.109487
gdp,TZA,2015-07-01,-4.103211
gdp,TZA,2016-07-01,-4.080880
gdp,TZA,2017-07-01,-4.066374
gdp,TZA,2018-07-01,-4.067569
gdp,TZA,2019-07-01,-4.061189
gdp,TZA,2020-07-01,-4.046110
gdp,TZA,2021-07-01,-4.091776
gdp,TZA,2022-07-01,-4.095700
gdp,TZA,2023-07-01,-4.095799
gdp,TZA,2024-07-01,-4.088529
gdp,TZA,2025-07-01,-4.076188
gdp,UGA,1982-07-01,-4.447994
gdp,UGA,1983-07-01,-4.452604
gdp,UGA,1984-07-01,-4.544030
gdp,UGA,1985-07-01,-4.637722
gdp,UGA,1986-07-01,-4.687746
gdp,UGA,1987-07-01,-4.704890
gdp,UGA,1988-07-01,-4.689150
gdp,UGA,1989-07-01,-4.686365
gdp,UGA,1990-07-01,-4.663365
gdp,UGA,1991-07-01,-4.627674
gdp,UGA,1992-07-01,-4.648876
gdp,UGA,1993-07-01,-4.617396
gdp,UGA,1994-07-01,-4.616122
gdp,UGA,1995-07-01,-4.548958
gdp,UGA,1996-07-01,-4.514533
gdp,UGA,1997-07-01,-4.525251
gdp,UGA,1998-07-01,-4.539302
gdp,UGA,1999-07-01,-4.529532
gdp,UGA,2000-07-01,-4.558877
gdp,UGA,2001-07-01,-4.538543
gdp,UGA,2002-07-01,-4.493720
gdp,UGA,2003-07-01,-4.481556
gdp,UGA,2004-07-01,-4.474196
gdp,UGA,2005-07-01,-4.467169
gdp,UGA,2006-07-01,-4.411847
gdp,UGA,2007-07-01,-4.370815
gdp,UGA,2008-07-01,-4.308434
gdp,UGA,2009-07-01,-4.237176
gdp,UGA,2010-07-01,-4.229905
gdp,UGA,2011-07-01,-4.177059
gdp,UGA,2012-07-01,-4.183094
gdp,UGA,2013-07-01,-4.189940
gdp,UGA,2014-07-01,-4.186617
gdp,UGA,2015-07-01,-4.187823
gdp,UGA,2016-07-01,-4.184515
gdp,UGA,2017-07-01,-4.205937
gdp,UGA,2018-07-01,-4.202148
gdp,UGA,2019-07-01,-4.194021
gdp,UGA,2020-07-01,-4.173151
gdp,UGA,2021-07-01,-4.228702
gdp,UGA,2022-07-01,-4.233155
gdp,UGA,2023-07-01,-4.229864
gdp,UGA,2024-07-01,-4.216556
gdp,UGA,2025-07-01,-4.198340
gdp,UKR,1987-07-01,-2.458072
gdp,UKR,1988-07-01,-2.468623
gdp,UKR,1989-07-01,-2.460967
gdp,UKR,1990-07-01,-2.536531
gdp,UKR,1991-07-01,-2.615347
gdp,UKR,1992-07-01,-2.743270
gdp,UKR,1993-07-01,-2.910886
gdp,UKR,1994-07-01,-3.192939
gdp,UKR,1995-07-01,-3.329717
gdp,UKR,1996-07-01,-3.451935
gdp,UKR,1997-07-01,-3.505255
gdp,UKR,1998-07-01,-3.548587
gdp,UKR,1999-07-01,-3.577841
gdp,UKR,2000-07-01,-3.540920
gdp,UKR,2001-07-01,-3.447073
gdp,UKR,2002-07-01,-3.393851
gdp,UKR,2003-07-01,-3.314455
gdp,UKR,2004-07-01,-3.224485
gdp,UKR,2005-07-01,-3.211016
gdp,UKR,2006-07-01,-3.149384
gdp,UKR,2007-07-01,-3.076179
gdp,UKR,2008-07-01,-3.040479
gdp,UKR,2009-07-01,-3.165552
gdp,UKR,2010-07-01,-3.139977
gdp,UKR,2011-07-01,-3.091360
gdp,UKR,2012-07-01,-3.102373
gdp,UKR,2013-07-01,-3.113506
gdp,UKR,2014-07-01,-3.182696
gdp,UKR,2015-07-01,-3.301105
gdp,UKR,2016-07-01,-3.282288
gdp,UKR,2017-07-01,-3.271437
gdp,UKR,2018-07-01,-3.254631
gdp,UKR,2019-07-01,-3.236992
gdp,UKR,2020-07-01,-3.243205
gdp,UKR,2021-07-01,-3.258174
gdp,UKR,2022-07-01,-3.535476
gdp,UKR,2023-07-01,-3.412522
gdp,UKR,2024-07-01,-3.402316
gdp,UKR,2025-07-01,-3.431780
gdp,UMC,1960-07-01,-2.946296
gdp,UMC,1961-07-01,-2.953726
gdp,UMC,1962-07-01,-2.983007
gdp,UMC,1963-07-01,-2.992561
gdp,UMC,1964-07-01,-2.977545
gdp,UMC,1965-07-01,-2.978240
gdp,UMC,1966-07-01,-2.995856
gdp,UMC,1967-07-01,-2.997292
gdp,UMC,1968-07-01,-2.992999
gdp,UMC,1969-07-01,-2.960358
gdp,UMC,1970-07-01,-2.897342
gdp,UMC,1971-07-01,-2.878698
gdp,UMC,1972-07-01,-2.869805
gdp,UMC,1973-07-01,-2.863246
gdp,UMC,1974-07-01,-2.809421
gdp,UMC,1975-07-01,-2.772902
gdp,UMC,1976-07-01,-2.770971
gdp,UMC,1977-07-01,-2.781428
gdp,UMC,1978-07-01,-2.804777
gdp,UMC,1979-07-01,-2.787819
gdp,UMC,1980-07-01,-2.747080
gdp,UMC,1981-07-01,-2.760385
gdp,UMC,1982-07-01,-2.720291
gdp,UMC,1983-07-01,-2.759682
gdp,UMC,1984-07-01,-2.789081
gdp,UMC,1985-07-01,-2.795329
gdp,UMC,1986-07-01,-2.801854
gdp,UMC,1987-07-01,-2.797151
gdp,UMC,1988-07-01,-2.812797
gdp,UMC,1989-07-01,-2.827023
gdp,UMC,1990-07-01,-2.823865
gdp,UMC,1991-07-01,-2.794754
gdp,UMC,1992-07-01,-2.785875
gdp,UMC,1993-07-01,-2.756469
gdp,UMC,1994-07-01,-2.742577
gdp,UMC,1995-07-01,-2.725575
gdp,UMC,1996-07-01,-2.702880
gdp,UMC,1997-07-01,-2.687264
gdp,UMC,1998-07-01,-2.702210
gdp,UMC,1999-07-01,-2.716404
gdp,UMC,2000-07-01,-2.697712
gdp,UMC,2001-07-01,-2.673275
gdp,UMC,2002-07-01,-2.642837
gdp,UMC,2003-07-01,-2.613297
gdp,UMC,2004-07-01,-2.575246
gdp,UMC,2005-07-01,-2.536663
gdp,UMC,2006-07-01,-2.481279
gdp,UMC,2007-07-01,-2.410551
gdp,UMC,2008-07-01,-2.350033
gdp,UMC,2009-07-01,-2.289164
gdp,UMC,2010-07-01,-2.234444
gdp,UMC,2011-07-01,-2.184453
gdp,UMC,2012-07-01,-2.152268
gdp,UMC,2013-07-01,-2.119956
gdp,UMC,2014-07-01,-2.097278
gdp,UMC,2015-07-01,-2.082642
gdp,UMC,2016-07-01,-2.056063
gdp,UMC,2017-07-01,-2.029176
gdp,UMC,2018-07-01,-2.012032
gdp,UMC,2019-07-01,-1.997811
gdp,UMC,2020-07-01,-1.983497
gdp,UMC,2021-07-01,-1.972912
gdp,UMC,2022-07-01,-1.960324
gdp,UMC,2023-07-01,-1.938790
gdp,UMC,2024-07-01,-1.918697
gdp,UMC,2025-07-01,-1.897070
gdp,URY,1960-07-01,-1.051757
gdp,URY,1961-07-01,-1.045898
gdp,URY,1962-07-01,-1.117725
gdp,URY,1963-07-01,-1.156370
gdp,URY,1964-07-01,-1.185896
gdp,URY,1965-07-01,-1.235522
gdp,URY,1966-07-01,-1.266606
gdp,URY,1967-07-01,-1.326719
gdp,URY,1968-07-01,-1.353044
gdp,URY,1969-07-01,-1.323816
gdp,URY,1970-07-01,-1.297315
gdp,URY,1971-07-01,-1.325183
gdp,URY,1972-07-01,-1.384376
gdp,URY,1973-07-01,-1.432479
gdp,URY,1974-07-01,-1.395287
gdp,URY,1975-07-01,-1.330605
gdp,URY,1976-07-01,-1.341599
gdp,URY,1977-07-01,-1.368526
gdp,URY,1978-07-01,-1.365030
gdp,URY,1979-07-01,-1.329856
gdp,URY,1980-07-01,-1.264989
gdp,URY,1981-07-01,-1.268578
gdp,URY,1982-07-01,-1.347648
gdp,URY,1983-07-01,-1.496192
gdp,URY,1984-07-01,-1.573468
gdp,URY,1985-07-01,-1.595732
gdp,URY,1986-07-01,-1.541326
gdp,URY,1987-07-01,-1.495059
gdp,URY,1988-07-01,-1.518105
gdp,URY,1989-07-01,-1.539692
gdp,URY,1990-07-01,-1.549973
gdp,URY,1991-07-01,-1.506517
gdp,URY,1992-07-01,-1.456480
gdp,URY,1993-07-01,-1.449497
gdp,URY,1994-07-01,-1.411660
gdp,URY,1995-07-01,-1.446045
gdp,URY,1996-07-01,-1.422444
gdp,URY,1997-07-01,-1.377191
gdp,URY,1998-07-01,-1.370123
gdp,URY,1999-07-01,-1.425277
gdp,URY,2000-07-01,-1.477343
gdp,URY,2001-07-01,-1.518616
gdp,URY,2002-07-01,-1.608081
gdp,URY,2003-07-01,-1.619745
gdp,URY,2004-07-01,-1.600014
gdp,URY,2005-07-01,-1.553888
gdp,URY,2006-07-01,-1.532678
gdp,URY,2007-07-01,-1.481359
gdp,URY,2008-07-01,-1.405861
gdp,URY,2009-07-01,-1.331827
gdp,URY,2010-07-01,-1.277383
gdp,URY,2011-07-01,-1.237130
gdp,URY,2012-07-01,-1.219584
gdp,URY,2013-07-01,-1.190617
gdp,URY,2014-07-01,-1.178990
gdp,URY,2015-07-01,-1.199815
gdp,URY,2016-07-01,-1.196572
gdp,URY,2017-07-01,-1.199374
gdp,URY,2018-07-01,-1.222894
gdp,URY,2019-07-01,-1.234799
gdp,URY,2020-07-01,-1.286619
gdp,URY,2021-07-01,-1.287280
gdp,URY,2022-07-01,-1.259779
gdp,URY,2023-07-01,-1.272050
gdp,URY,2024-07-01,-1.256841
gdp,URY,2025-07-01,-1.254749
gdp,UZB,1987-07-01,-3.112650
gdp,UZB,1988-07-01,-3.084685
gdp,UZB,1989-07-01,-3.107058
gdp,UZB,1990-07-01,-3.122695
gdp,UZB,1991-07-01,-3.137221
gdp,UZB,1992-07-01,-3.301359
gdp,UZB,1993-07-01,-3.361723
gdp,UZB,1994-07-01,-3.463748
gdp,UZB,1995-07-01,-3.507394
gdp,UZB,1996-07-01,-3.534713
gdp,UZB,1997-07-01,-3.532769
gdp,UZB,1998-07-01,-3.538566
gdp,UZB,1999-07-01,-3.545788
gdp,UZB,2000-07-01,-3.549622
gdp,UZB,2001-07-01,-3.520599
gdp,UZB,2002-07-01,-3.501485
gdp,UZB,2003-07-01,-3.491188
gdp,UZB,2004-07-01,-3.460139
gdp,UZB,2005-07-01,-3.430481
gdp,UZB,2006-07-01,-3.389329
gdp,UZB,2007-07-01,-3.323172
gdp,UZB,2008-07-01,-3.243751
gdp,UZB,2009-07-01,-3.147488
gdp,UZB,2010-07-01,-3.108241
gdp,UZB,2011-07-01,-3.052997
gdp,UZB,2012-07-01,-3.011765
gdp,UZB,2013-07-01,-2.964590
gdp,UZB,2014-07-01,-2.923894
gdp,UZB,2015-07-01,-2.885761
gdp,UZB,2016-07-01,-2.848237
gdp,UZB,2017-07-01,-2.836600
gdp,UZB,2018-07-01,-2.821581
gdp,UZB,2019-07-01,-2.794313
gdp,UZB,2020-07-01,-2.771791
gdp,UZB,2021-07-01,-2.770449
gdp,UZB,2022-07-01,-2.750705
gdp,UZB,2023-07-01,-2.730366
gdp,UZB,2024-07-01,-2.703393
gdp,UZB,2025-07-01,-2.664216
gdp,VCT,1960-07-01,-2.308347
gdp,VCT,1961-07-01,-2.287641
gdp,VCT,1962-07-01,-2.310979
gdp,VCT,1963-07-01,-2.418994
gdp,VCT,1964-07-01,-2.439198
gdp,VCT,1965-07-01,-2.492962
gdp,VCT,1966-07-01,-2.556684
gdp,VCT,1967-07-01,-2.682150
gdp,VCT,1968-07-01,-2.666654
gdp,VCT,1969-07-01,-2.669088
gdp,VCT,1970-07-01,-2.567020
gdp,VCT,1971-07-01,-2.566942
gdp,VCT,1972-07-01,-2.387116
gdp,VCT,1973-07-01,-2.559336
gdp,VCT,1974-07-01,-2.645847
gdp,VCT,1975-07-01,-2.721379
gdp,VCT,1976-07-01,-2.673662
gdp,VCT,1977-07-01,-2.592457
gdp,VCT,1978-07-01,-2.550029
gdp,VCT,1979-07-01,-2.543717
gdp,VCT,1980-07-01,-2.514494
gdp,VCT,1981-07-01,-2.492852
gdp,VCT,1982-07-01,-2.429821
gdp,VCT,1983-07-01,-2.452208
gdp,VCT,1984-07-01,-2.457546
gdp,VCT,1985-07-01,-2.437152
gdp,VCT,1986-07-01,-2.414582
gdp,VCT,1987-07-01,-2.441803
gdp,VCT,1988-07-01,-2.347916
gdp,VCT,1989-07-01,-2.366111
gdp,VCT,1990-07-01,-2.337686
gdp,VCT,1991-07-01,-2.315608
gdp,VCT,1992-07-01,-2.277084
gdp,VCT,1993-07-01,-2.251421
gdp,VCT,1994-07-01,-2.292834
gdp,VCT,1995-07-01,-2.233761
gdp,VCT,1996-07-01,-2.247000
gdp,VCT,1997-07-01,-2.244214
gdp,VCT,1998-07-01,-2.236670
gdp,VCT,1999-07-01,-2.246859
gdp,VCT,2000-07-01,-2.261018
gdp,VCT,2001-07-01,-2.242912
gdp,VCT,2002-07-01,-2.197094
gdp,VCT,2003-07-01,-2.149483
gdp,VCT,2004-07-01,-2.134953
gdp,VCT,2005-07-01,-2.131980
gdp,VCT,2006-07-01,-2.078287
gdp,VCT,2007-07-01,-2.051606
gdp,VCT,2008-07-01,-2.034724
gdp,VCT,2009-07-01,-2.009038
gdp,VCT,2010-07-01,-2.067927
gdp,VCT,2011-07-01,-2.076044
gdp,VCT,2012-07-01,-2.073448
gdp,VCT,2013-07-01,-2.056971
gdp,VCT,2014-07-01,-2.056979
gdp,VCT,2015-07-01,-2.045198
gdp,VCT,2016-07-01,-2.008985
gdp,VCT,2017-07-01,-2.004502
gdp,VCT,2018-07-01,-1.989609
gdp,VCT,2019-07-01,-1.996046
gdp,VCT,2020-07-01,-2.008382
gdp,VCT,2021-07-01,-2.039154
gdp,VCT,2022-07-01,-2.019995
gdp,VCT,2023-07-01,-1.981687
gdp,VCT,2024-07-01,-1.952817
gdp,VCT,2025-07-01,-1.928716
gdp,VEN,1960-07-01,-1.542709
gdp,VEN,1961-07-01,-1.553056
gdp,VEN,1962-07-01,-1.549976
gdp,VEN,1963-07-01,-1.574851
gdp,VEN,1964-07-01,-1.545839
gdp,VEN,1965-07-01,-1.588149
gdp,VEN,1966-07-01,-1.657755
gdp,VEN,1967-07-01,-1.676356
gdp,VEN,1968-07-01,-1.674653
gdp,VEN,1969-07-01,-1.719912
gdp,VEN,1970-07-01,-1.667127
gdp,VEN,1971-07-01,-1.702742
gdp,VEN,1972-07-01,-1.760561
gdp,VEN,1973-07-01,-1.766920
gdp,VEN,1974-07-01,-1.761277
gdp,VEN,1975-07-01,-1.750025
gdp,VEN,1976-07-01,-1.747677
gdp,VEN,1977-07-01,-1.751015
gdp,VEN,1978-07-01,-1.799938
gdp,VEN,1979-07-01,-1.841030
gdp,VEN,1980-07-01,-1.902243
gdp,VEN,1981-07-01,-1.957921
gdp,VEN,1982-07-01,-1.932281
gdp,VEN,1983-07-01,-2.096462
gdp,VEN,1984-07-01,-2.133849
gdp,VEN,1985-07-01,-2.185563
gdp,VEN,1986-07-01,-2.176432
gdp,VEN,1987-07-01,-2.179506
gdp,VEN,1988-07-01,-2.174554
gdp,VEN,1989-07-01,-2.377134
gdp,VEN,1990-07-01,-2.343992
gdp,VEN,1991-07-01,-2.261870
gdp,VEN,1992-07-01,-2.247423
gdp,VEN,1993-07-01,-2.281341
gdp,VEN,1994-07-01,-2.353889
gdp,VEN,1995-07-01,-2.351098
gdp,VEN,1996-07-01,-2.399913
gdp,VEN,1997-07-01,-2.390373
gdp,VEN,1998-07-01,-2.437910
gdp,VEN,1999-07-01,-2.553939
gdp,VEN,2000-07-01,-2.566973
gdp,VEN,2001-07-01,-2.551319
gdp,VEN,2002-07-01,-2.668292
gdp,VEN,2003-07-01,-2.785767
gdp,VEN,2004-07-01,-2.664158
gdp,VEN,2005-07-01,-2.608902
gdp,VEN,2006-07-01,-2.548644
gdp,VEN,2007-07-01,-2.490054
gdp,VEN,2008-07-01,-2.445405
gdp,VEN,2009-07-01,-2.455405
gdp,VEN,2010-07-01,-2.502632
gdp,VEN,2011-07-01,-2.482671
gdp,VEN,2012-07-01,-2.454628
gdp,VEN,2013-07-01,-2.467127
gdp,VEN,2014-07-01,-2.534806
gdp,VEN,2015-07-01,-2.630245
gdp,VEN,2016-07-01,-2.834355
gdp,VEN,2017-07-01,-3.015946
gdp,VEN,2018-07-01,-3.232901
gdp,VEN,2019-07-01,-3.546883
gdp,VEN,2020-07-01,-3.858717
gdp,VEN,2021-07-01,-3.903338
gdp,VEN,2022-07-01,-3.844043
gdp,VEN,2023-07-01,-3.828405
gdp,VEN,2024-07-01,-3.796269
gdp,VEN,2025-07-01,-3.800756
gdp,VIR,2002-07-01,-0.125181
gdp,VIR,2003-07-01,-0.148090
gdp,VIR,2004-07-01,-0.143901
gdp,VIR,2005-07-01,-0.134547
gdp,VIR,2006-07-01,-0.117145
gdp,VIR,2007-07-01,-0.087857
gdp,VIR,2008-07-01,-0.067975
gdp,VIR,2009-07-01,-0.101393
gdp,VIR,2010-07-01,-0.113147
gdp,VIR,2011-07-01,-0.205732
gdp,VIR,2012-07-01,-0.379754
gdp,VIR,2013-07-01,-0.456700
gdp,VIR,2014-07-01,-0.490096
gdp,VIR,2015-07-01,-0.513830
gdp,VIR,2016-07-01,-0.506302
gdp,VIR,2017-07-01,-0.528844
gdp,VIR,2018-07-01,-0.530991
gdp,VIR,2019-07-01,-0.519574
gdp,VIR,2020-07-01,-0.507177
gdp,VIR,2021-07-01,-0.525327
gdp,VIR,2022-07-01,-0.553435
gdp,VNM,1984-07-01,-4.039386
gdp,VNM,1985-07-01,-4.057225
gdp,VNM,1986-07-01,-4.076060
gdp,VNM,1987-07-01,-4.086178
gdp,VNM,1988-07-01,-4.088174
gdp,VNM,1989-07-01,-4.064274
gdp,VNM,1990-07-01,-4.042848
gdp,VNM,1991-07-01,-3.991459
gdp,VNM,1992-07-01,-3.949536
gdp,VNM,1993-07-01,-3.905101
gdp,VNM,1994-07-01,-3.865697
gdp,VNM,1995-07-01,-3.805888
gdp,VNM,1996-07-01,-3.757236
gdp,VNM,1997-07-01,-3.724865
gdp,VNM,1998-07-01,-3.715368
gdp,VNM,1999-07-01,-3.717059
gdp,VNM,2000-07-01,-3.691524
gdp,VNM,2001-07-01,-3.641562
gdp,VNM,2002-07-01,-3.598099
gdp,VNM,2003-07-01,-3.560360
gdp,VNM,2004-07-01,-3.525898
gdp,VNM,2005-07-01,-3.487447
gdp,VNM,2006-07-01,-3.451043
gdp,VNM,2007-07-01,-3.410182
gdp,VNM,2008-07-01,-3.365060
gdp,VNM,2009-07-01,-3.292583
gdp,VNM,2010-07-01,-3.259907
gdp,VNM,2011-07-01,-3.216866
gdp,VNM,2012-07-01,-3.189641
gdp,VNM,2013-07-01,-3.160788
gdp,VNM,2014-07-01,-3.127650
gdp,VNM,2015-07-01,-3.093560
gdp,VNM,2016-07-01,-3.051576
gdp,VNM,2017-07-01,-3.014269
gdp,VNM,2018-07-01,-2.976722
gdp,VNM,2019-07-01,-2.935754
gdp,VNM,2020-07-01,-2.891659
gdp,VNM,2021-07-01,-2.933260
gdp,VNM,2022-07-01,-2.878077
gdp,VNM,2023-07-01,-2.856900
gdp,VNM,2024-07-01,-2.813132
gdp,VNM,2025-07-01,-2.758186
gdp,VUT,1979-07-01,-2.241548
gdp,VUT,1980-07-01,-2.373330
gdp,VUT,1981-07-01,-2.367866
gdp,VUT,1982-07-01,-2.343819
gdp,VUT,1983-07-01,-2.374027
gdp,VUT,1984-07-01,-2.368576
gdp,VUT,1985-07-01,-2.415822
gdp,VUT,1986-07-01,-2.467606
gdp,VUT,1987-07-01,-2.547594
gdp,VUT,1988-07-01,-2.622192
gdp,VUT,1989-07-01,-2.659120
gdp,VUT,1990-07-01,-2.580998
gdp,VUT,1991-07-01,-2.560441
gdp,VUT,1992-07-01,-2.580487
gdp,VUT,1993-07-01,-2.611591
gdp,VUT,1994-07-01,-2.575766
gdp,VUT,1995-07-01,-2.603498
gdp,VUT,1996-07-01,-2.628220
gdp,VUT,1997-07-01,-2.633292
gdp,VUT,1998-07-01,-2.674685
gdp,VUT,1999-07-01,-2.727337
gdp,VUT,2000-07-01,-2.721602
gdp,VUT,2001-07-01,-2.780961
gdp,VUT,2002-07-01,-2.866907
gdp,VUT,2003-07-01,-2.868520
gdp,VUT,2004-07-01,-2.882354
gdp,VUT,2005-07-01,-2.879933
gdp,VUT,2006-07-01,-2.840740
gdp,VUT,2007-07-01,-2.847205
gdp,VUT,2008-07-01,-2.809465
gdp,VUT,2009-07-01,-2.770067
gdp,VUT,2010-07-01,-2.799119
gdp,VUT,2011-07-01,-2.797501
gdp,VUT,2012-07-01,-2.824073
gdp,VUT,2013-07-01,-2.855089
gdp,VUT,2014-07-01,-2.863849
gdp,VUT,2015-07-01,-2.872760
gdp,VUT,2016-07-01,-2.869622
gdp,VUT,2017-07-01,-2.868928
gdp,VUT,2018-07-01,-2.891409
gdp,VUT,2019-07-01,-2.902831
gdp,VUT,2020-07-01,-2.959936
gdp,VUT,2021-07-01,-3.052951
gdp,VUT,2022-07-01,-3.040971
gdp,VUT,2023-07-01,-3.028253
gdp,VUT,2024-07-01,-3.031972
gdp,VUT,2025-07-01,-3.040353
gdp,WLD,1960-07-01,-1.644732
gdp,WLD,1961-07-01,-1.626064
gdp,WLD,1962-07-01,-1.635722
gdp,WLD,1963-07-01,-1.636582
gdp,WLD,1964-07-01,-1.635761
gdp,WLD,1965-07-01,-1.651131
gdp,WLD,1966-07-01,-1.670676
gdp,WLD,1967-07-01,-1.668193
gdp,WLD,1968-07-01,-1.667823
gdp,WLD,1969-07-01,-1.651451
gdp,WLD,1970-07-01,-1.625813
gdp,WLD,1971-07-01,-1.626275
gdp,WLD,1972-07-01,-1.632867
gdp,WLD,1973-07-01,-1.635450
gdp,WLD,1974-07-01,-1.620472
gdp,WLD,1975-07-01,-1.619022
gdp,WLD,1976-07-01,-1.629081
gdp,WLD,1977-07-01,-1.643115
gdp,WLD,1978-07-01,-1.663394
gdp,WLD,1979-07-01,-1.660683
gdp,WLD,1980-07-01,-1.648154
gdp,WLD,1981-07-01,-1.662412
gdp,WLD,1982-07-01,-1.648702
gdp,WLD,1983-07-01,-1.676894
gdp,WLD,1984-07-01,-1.709490
gdp,WLD,1985-07-01,-1.723146
gdp,WLD,1986-07-01,-1.733199
gdp,WLD,1987-07-01,-1.739323
gdp,WLD,1988-07-01,-1.744639
gdp,WLD,1989-07-01,-1.753051
gdp,WLD,1990-07-01,-1.751149
gdp,WLD,1991-07-01,-1.741227
gdp,WLD,1992-07-01,-1.757867
gdp,WLD,1993-07-01,-1.769292
gdp,WLD,1994-07-01,-1.778287
gdp,WLD,1995-07-01,-1.776631
gdp,WLD,1996-07-01,-1.781698
gdp,WLD,1997-07-01,-1.788618
gdp,WLD,1998-07-01,-1.807759
gdp,WLD,1999-07-01,-1.821862
gdp,WLD,2000-07-01,-1.819679
gdp,WLD,2001-07-01,-1.812610
gdp,WLD,2002-07-01,-1.810383
gdp,WLD,2003-07-01,-1.811987
gdp,WLD,2004-07-01,-1.809382
gdp,WLD,2005-07-01,-1.807330
gdp,WLD,2006-07-01,-1.793952
gdp,WLD,2007-07-01,-1.773534
gdp,WLD,2008-07-01,-1.757186
gdp,WLD,2009-07-01,-1.748262
gdp,WLD,2010-07-01,-1.734351
gdp,WLD,2011-07-01,-1.721531
gdp,WLD,2012-07-01,-1.721666
gdp,WLD,2013-07-01,-1.718884
gdp,WLD,2014-07-01,-1.716712
gdp,WLD,2015-07-01,-1.718806
gdp,WLD,2016-07-01,-1.713108
gdp,WLD,2017-07-01,-1.707875
gdp,WLD,2018-07-01,-1.709667
gdp,WLD,2019-07-01,-1.714046
gdp,WLD,2020-07-01,-1.728028
gdp,WLD,2021-07-01,-1.731653
gdp,WLD,2022-07-01,-1.725739
gdp,WLD,2023-07-01,-1.727509
gdp,WLD,2024-07-01,-1.726493
gdp,WLD,2025-07-01,-1.722971
gdp,WSM,1970-07-01,-2.341628
gdp,WSM,1971-07-01,-2.249497
gdp,WSM,1972-07-01,-2.288444
gdp,WSM,1973-07-01,-2.277031
gdp,WSM,1974-07-01,-2.395115
gdp,WSM,1975-07-01,-2.447832
gdp,WSM,1976-07-01,-2.425962
gdp,WSM,1977-07-01,-2.485555
gdp,WSM,1978-07-01,-2.478311
gdp,WSM,1979-07-01,-2.404198
gdp,WSM,1980-07-01,-2.464765
gdp,WSM,1981-07-01,-2.582860
gdp,WSM,1982-07-01,-2.569637
gdp,WSM,1983-07-01,-2.602391
gdp,WSM,1984-07-01,-2.651297
gdp,WSM,1985-07-01,-2.645157
gdp,WSM,1986-07-01,-2.617642
gdp,WSM,1987-07-01,-2.641432
gdp,WSM,1988-07-01,-2.691878
gdp,WSM,1989-07-01,-2.684600
gdp,WSM,1990-07-01,-2.738831
gdp,WSM,1991-07-01,-2.749580
gdp,WSM,1992-07-01,-2.778002
gdp,WSM,1993-07-01,-2.760215
gdp,WSM,1994-07-01,-2.821233
gdp,WSM,1995-07-01,-2.779332
gdp,WSM,1996-07-01,-2.743958
gdp,WSM,1997-07-01,-2.777363
gdp,WSM,1998-07-01,-2.795470
gdp,WSM,1999-07-01,-2.816769
gdp,WSM,2000-07-01,-2.803723
gdp,WSM,2001-07-01,-2.740156
gdp,WSM,2002-07-01,-2.699859
gdp,WSM,2003-07-01,-2.673208
gdp,WSM,2004-07-01,-2.675711
gdp,WSM,2005-07-01,-2.640361
gdp,WSM,2006-07-01,-2.640988
gdp,WSM,2007-07-01,-2.652017
gdp,WSM,2008-07-01,-2.615898
gdp,WSM,2009-07-01,-2.593829
gdp,WSM,2010-07-01,-2.560371
gdp,WSM,2011-07-01,-2.538919
gdp,WSM,2012-07-01,-2.600729
gdp,WSM,2013-07-01,-2.622016
gdp,WSM,2014-07-01,-2.641286
gdp,WSM,2015-07-01,-2.633242
gdp,WSM,2016-07-01,-2.575078
gdp,WSM,2017-07-01,-2.587834
gdp,WSM,2018-07-01,-2.627813
gdp,WSM,2019-07-01,-2.615149
gdp,WSM,2020-07-01,-2.631872
gdp,WSM,2021-07-01,-2.750373
gdp,WSM,2022-07-01,-2.754100
gdp,WSM,2023-07-01,-2.639496
gdp,WSM,2024-07-01,-2.617292
gdp,WSM,2025-07-01,-2.598152
gdp,XKX,2008-07-01,-3.049907
gdp,XKX,2009-07-01,-2.962480
gdp,XKX,2010-07-01,-2.929081
gdp,XKX,2011-07-01,-2.877190
gdp,XKX,2012-07-01,-2.883296
gdp,XKX,2013-07-01,-2.850722
gdp,XKX,2014-07-01,-2.831810
gdp,XKX,2015-07-01,-2.781768
gdp,XKX,2016-07-01,-2.731717
gdp,XKX,2017-07-01,-2.709477
gdp,XKX,2018-07-01,-2.702729
gdp,XKX,2019-07-01,-2.672046
gdp,XKX,2020-07-01,-2.702513
gdp,XKX,2021-07-01,-2.656299
gdp,XKX,2022-07-01,-2.623520
gdp,XKX,2023-07-01,-2.554822
gdp,XKX,2024-07-01,-2.474141
gdp,XKX,2025-07-01,-2.443986
gdp,YEM,1990-07-01,-3.125062
gdp,YEM,1991-07-01,-3.087890
gdp,YEM,1992-07-01,-3.067784
gdp,YEM,1993-07-01,-3.080110
gdp,YEM,1994-07-01,-3.079202
gdp,YEM,1995-07-01,-3.074577
gdp,YEM,1996-07-01,-3.088332
gdp,YEM,1997-07-01,-3.100690
gdp,YEM,1998-07-01,-3.106061
gdp,YEM,1999-07-01,-3.135428
gdp,YEM,2000-07-01,-3.135058
gdp,YEM,2001-07-01,-3.127555
gdp,YEM,2002-07-01,-3.126203
gdp,YEM,2003-07-01,-3.137776
gdp,YEM,2004-07-01,-3.156655
gdp,YEM,2005-07-01,-3.158237
gdp,YEM,2006-07-01,-3.177354
gdp,YEM,2007-07-01,-3.187233
gdp,YEM,2008-07-01,-3.175207
gdp,YEM,2009-07-01,-3.134373
gdp,YEM,2010-07-01,-3.109701
gdp,YEM,2011-07-01,-3.283788
gdp,YEM,2012-07-01,-3.305167
gdp,YEM,2013-07-01,-3.301907
gdp,YEM,2014-07-01,-3.351443
gdp,YEM,2015-07-01,-3.731325
gdp,YEM,2016-07-01,-3.869963
gdp,YEM,2017-07-01,-3.969484
gdp,YEM,2018-07-01,-4.014961
gdp,ZAF,1960-07-01,-1.559342
gdp,ZAF,1961-07-01,-1.555838
gdp,ZAF,1962-07-01,-1.569469
gdp,ZAF,1963-07-01,-1.557302
gdp,ZAF,1964-07-01,-1.553931
gdp,ZAF,1965-07-01,-1.574785
gdp,ZAF,1966-07-01,-1.613767
gdp,ZAF,1967-07-01,-1.589275
gdp,ZAF,1968-07-01,-1.616653
gdp,ZAF,1969-07-01,-1.622215
gdp,ZAF,1970-07-01,-1.591889
gdp,ZAF,1971-07-01,-1.599030
gdp,ZAF,1972-07-01,-1.651805
gdp,ZAF,1973-07-01,-1.681068
gdp,ZAF,1974-07-01,-1.635395
gdp,ZAF,1975-07-01,-1.634363
gdp,ZAF,1976-07-01,-1.682143
gdp,ZAF,1977-07-01,-1.745272
gdp,ZAF,1978-07-01,-1.786151
gdp,ZAF,1979-07-01,-1.796147
gdp,ZAF,1980-07-01,-1.750303
gdp,ZAF,1981-07-01,-1.747371
gdp,ZAF,1982-07-01,-1.758055
gdp,ZAF,1983-07-01,-1.847302
gdp,ZAF,1984-07-01,-1.893402
gdp,ZAF,1985-07-01,-1.970928
gdp,ZAF,1986-07-01,-2.027519
gdp,ZAF,1987-07-01,-2.062928
gdp,ZAF,1988-07-01,-2.084087
gdp,ZAF,1989-07-01,-2.116436
gdp,ZAF,1990-07-01,-2.154820
gdp,ZAF,1991-07-01,-2.173455
gdp,ZAF,1992-07-01,-2.233770
gdp,ZAF,1993-07-01,-2.255382
gdp,ZAF,1994-07-01,-2.267317
gdp,ZAF,1995-07-01,-2.263509
gdp,ZAF,1996-07-01,-2.259777
gdp,ZAF,1997-07-01,-2.277561
gdp,ZAF,1998-07-01,-2.316896
gdp,ZAF,1999-07-01,-2.339366
gdp,ZAF,2000-07-01,-2.336209
gdp,ZAF,2001-07-01,-2.317775
gdp,ZAF,2002-07-01,-2.298493
gdp,ZAF,2003-07-01,-2.298372
gdp,ZAF,2004-07-01,-2.292408
gdp,ZAF,2005-07-01,-2.276135
gdp,ZAF,2006-07-01,-2.249650
gdp,ZAF,2007-07-01,-2.218313
gdp,ZAF,2008-07-01,-2.190109
gdp,ZAF,2009-07-01,-2.182679
gdp,ZAF,2010-07-01,-2.182697
gdp,ZAF,2011-07-01,-2.171466
gdp,ZAF,2012-07-01,-2.177183
gdp,ZAF,2013-07-01,-2.182550
gdp,ZAF,2014-07-01,-2.202090
gdp,ZAF,2015-07-01,-2.230108
gdp,ZAF,2016-07-01,-2.243064
gdp,ZAF,2017-07-01,-2.255440
gdp,ZAF,2018-07-01,-2.280185
gdp,ZAF,2019-07-01,-2.314444
gdp,ZAF,2020-07-01,-2.369220
gdp,ZAF,2021-07-01,-2.395312
gdp,ZAF,2022-07-01,-2.408315
gdp,ZAF,2023-07-01,-2.434262
gdp,ZAF,2024-07-01,-2.459371
gdp,ZAF,2025-07-01,-2.475942
gdp,ZMB,1960-07-01,-2.771971
gdp,ZMB,1961-07-01,-2.795937
gdp,ZMB,1962-07-01,-2.896457
gdp,ZMB,1963-07-01,-2.924524
gdp,ZMB,1964-07-01,-2.883331
gdp,ZMB,1965-07-01,-2.810541
gdp,ZMB,1966-07-01,-2.951244
gdp,ZMB,1967-07-01,-2.920928
gdp,ZMB,1968-07-01,-2.977729
gdp,ZMB,1969-07-01,-3.034702
gdp,ZMB,1970-07-01,-3.007615
gdp,ZMB,1971-07-01,-3.055799
gdp,ZMB,1972-07-01,-3.036362
gdp,ZMB,1973-07-01,-3.120178
gdp,ZMB,1974-07-01,-3.072668
gdp,ZMB,1975-07-01,-3.113676
gdp,ZMB,1976-07-01,-3.126648
gdp,ZMB,1977-07-01,-3.238886
gdp,ZMB,1978-07-01,-3.306900
gdp,ZMB,1979-07-01,-3.387723
gdp,ZMB,1980-07-01,-3.375582
gdp,ZMB,1981-07-01,-3.361600
gdp,ZMB,1982-07-01,-3.394530
gdp,ZMB,1983-07-01,-3.482301
gdp,ZMB,1984-07-01,-3.577661
gdp,ZMB,1985-07-01,-3.623634
gdp,ZMB,1986-07-01,-3.671078
gdp,ZMB,1987-07-01,-3.698592
gdp,ZMB,1988-07-01,-3.696972
gdp,ZMB,1989-07-01,-3.760286
gdp,ZMB,1990-07-01,-3.798116
gdp,ZMB,1991-07-01,-3.808828
gdp,ZMB,1992-07-01,-3.871179
gdp,ZMB,1993-07-01,-3.843212
gdp,ZMB,1994-07-01,-3.984529
gdp,ZMB,1995-07-01,-3.994680
gdp,ZMB,1996-07-01,-3.984293
gdp,ZMB,1997-07-01,-4.003883
gdp,ZMB,1998-07-01,-4.066161
gdp,ZMB,1999-07-01,-4.082801
gdp,ZMB,2000-07-01,-4.101511
gdp,ZMB,2001-07-01,-4.079560
gdp,ZMB,2002-07-01,-4.073850
gdp,ZMB,2003-07-01,-4.056719
gdp,ZMB,2004-07-01,-4.049033
gdp,ZMB,2005-07-01,-4.037219
gdp,ZMB,2006-07-01,-4.013421
gdp,ZMB,2007-07-01,-3.978809
gdp,ZMB,2008-07-01,-3.931287
gdp,ZMB,2009-07-01,-3.843610
gdp,ZMB,2010-07-01,-3.798345
gdp,ZMB,2011-07-01,-3.785000
gdp,ZMB,2012-07-01,-3.758849
gdp,ZMB,2013-07-01,-3.754930
gdp,ZMB,2014-07-01,-3.757752
gdp,ZMB,2015-07-01,-3.781219
gdp,ZMB,2016-07-01,-3.785471
gdp,ZMB,2017-07-01,-3.798845
gdp,ZMB,2018-07-01,-3.812722
gdp,ZMB,2019-07-01,-3.848387
gdp,ZMB,2020-07-01,-3.880556
gdp,ZMB,2021-07-01,-3.906355
gdp,ZMB,2022-07-01,-3.902428
gdp,ZMB,2023-07-01,-3.898775
gdp,ZMB,2024-07-01,-3.907353
gdp,ZMB,2025-07-01,-3.914334
gdp,ZWE,1960-07-01,-2.810732
gdp,ZWE,1961-07-01,-2.786920
gdp,ZWE,1962-07-01,-2.847955
gdp,ZWE,1963-07-01,-2.847581
gdp,ZWE,1964-07-01,-2.932734
gdp,ZWE,1965-07-01,-2.965877
gdp,ZWE,1966-07-01,-3.033703
gdp,ZWE,1967-07-01,-2.998621
gdp,ZWE,1968-07-01,-3.047547
gdp,ZWE,1969-07-01,-2.982841
gdp,ZWE,1970-07-01,-2.800590
gdp,ZWE,1971-07-01,-2.764912
gdp,ZWE,1972-07-01,-2.756148
gdp,ZWE,1973-07-01,-2.807414
gdp,ZWE,1974-07-01,-2.761032
gdp,ZWE,1975-07-01,-2.800320
gdp,ZWE,1976-07-01,-2.869091
gdp,ZWE,1977-07-01,-3.000816
gdp,ZWE,1978-07-01,-3.086016
gdp,ZWE,1979-07-01,-3.089477
gdp,ZWE,1980-07-01,-3.000142
gdp,ZWE,1981-07-01,-2.960307
gdp,ZWE,1982-07-01,-2.945531
gdp,ZWE,1983-07-01,-3.003469
gdp,ZWE,1984-07-01,-3.119486
gdp,ZWE,1985-07-01,-3.118924
gdp,ZWE,1986-07-01,-3.156430
gdp,ZWE,1987-07-01,-3.203088
gdp,ZWE,1988-07-01,-3.193760
gdp,ZWE,1989-07-01,-3.198662
gdp,ZWE,1990-07-01,-3.165745
gdp,ZWE,1991-07-01,-3.123505
gdp,ZWE,1992-07-01,-3.266964
gdp,ZWE,1993-07-01,-3.285082
gdp,ZWE,1994-07-01,-3.225168
gdp,ZWE,1995-07-01,-3.247459
gdp,ZWE,1996-07-01,-3.190879
gdp,ZWE,1997-07-01,-3.214672
gdp,ZWE,1998-07-01,-3.237976
gdp,ZWE,1999-07-01,-3.297662
gdp,ZWE,2000-07-01,-3.366743
gdp,ZWE,2001-07-01,-3.358755
gdp,ZWE,2002-07-01,-3.469108
gdp,ZWE,2003-07-01,-3.686253
gdp,ZWE,2004-07-01,-3.785444
gdp,ZWE,2005-07-01,-3.878737
gdp,ZWE,2006-07-01,-3.943969
gdp,ZWE,2007-07-01,-4.004692
gdp,ZWE,2008-07-01,-4.202831
gdp,ZWE,2009-07-01,-4.057411
gdp,ZWE,2010-07-01,-3.912065
gdp,ZWE,2011-07-01,-3.804663
gdp,ZWE,2012-07-01,-3.681403
gdp,ZWE,2013-07-01,-3.689174
gdp,ZWE,2014-07-01,-3.696364
gdp,ZWE,2015-07-01,-3.713173
gdp,ZWE,2016-07-01,-3.729700
gdp,ZWE,2017-07-01,-3.715221
gdp,ZWE,2018-07-01,-3.704580
gdp,ZWE,2019-07-01,-3.805992
gdp,ZWE,2020-07-01,-3.878861
gdp,ZWE,2021-07-01,-3.872965
gdp,ZWE,2022-07-01,-3.849680
gdp,ZWE,2023-07-01,-3.835021
gdp,ZWE,2024-07-01,-3.854147
gdp,ZWE,2025-07-01,-3.811201
stocks,CHN,1998-12-31,0.000000
stocks,CHN,1999-01-29,-0.247408
stocks,CHN,1999-02-26,-0.262242
stocks,CHN,1999-03-31,-0.176625
stocks,CHN,1999-04-30,0.012344
stocks,CHN,1999-05-31,0.035382
stocks,CHN,1999-06-30,0.368009
stocks,CHN,1999-07-30,0.268735
stocks,CHN,1999-08-31,0.267465
stocks,CHN,1999-09-30,0.255548
stocks,CHN,1999-10-29,0.106174
stocks,CHN,1999-11-30,0.065823
stocks,CHN,1999-12-31,-0.079616
stocks,CHN,2000-01-31,-0.068702
stocks,CHN,2000-02-29,-0.247331
stocks,CHN,2000-03-31,-0.317623
stocks,CHN,2000-04-28,-0.195229
stocks,CHN,2000-05-31,-0.145631
stocks,CHN,2000-06-30,-0.044438
stocks,CHN,2000-07-31,-0.045135
stocks,CHN,2000-08-31,-0.137364
stocks,CHN,2000-09-29,-0.211581
stocks,CHN,2000-10-31,-0.251897
stocks,CHN,2000-11-30,-0.312512
stocks,CHN,2000-12-29,-0.302386
stocks,CHN,2001-01-31,-0.202626
stocks,CHN,2001-02-28,-0.204288
stocks,CHN,2001-03-30,-0.315207
stocks,CHN,2001-04-30,-0.293288
stocks,CHN,2001-05-31,-0.271906
stocks,CHN,2001-06-29,-0.216110
stocks,CHN,2001-07-31,-0.352001
stocks,CHN,2001-08-31,-0.526699
stocks,CHN,2001-09-28,-0.481486
stocks,CHN,2001-10-31,-0.470518
stocks,CHN,2001-11-30,-0.451279
stocks,CHN,2001-12-31,-0.453934
stocks,CHN,2002-01-31,-0.537925
stocks,CHN,2002-02-28,-0.509708
stocks,CHN,2002-03-29,-0.491164
stocks,CHN,2002-04-30,-0.381094
stocks,CHN,2002-05-31,-0.357953
stocks,CHN,2002-06-28,-0.312436
stocks,CHN,2002-07-31,-0.282181
stocks,CHN,2002-08-30,-0.306097
stocks,CHN,2002-09-30,-0.268871
stocks,CHN,2002-10-31,-0.349681
stocks,CHN,2002-11-29,-0.367067
stocks,CHN,2002-12-31,-0.342771
stocks,CHN,2003-01-31,-0.271207
stocks,CHN,2003-02-28,-0.280527
stocks,CHN,2003-03-31,-0.328634
stocks,CHN,2003-04-30,-0.407209
stocks,CHN,2003-05-30,-0.338721
stocks,CHN,2003-06-30,-0.288479
stocks,CHN,2003-07-31,-0.211960
stocks,CHN,2003-08-29,-0.165655
stocks,CHN,2003-09-30,-0.145919
stocks,CHN,2003-10-31,-0.059507
stocks,CHN,2003-11-28,-0.058646
stocks,CHN,2003-12-31,0.036178
stocks,CHN,2004-01-30,0.012085
stocks,CHN,2004-02-27,0.060891
stocks,CHN,2004-03-31,-0.010719
stocks,CHN,2004-04-30,-0.134922
stocks,CHN,2004-05-31,-0.081225
stocks,CHN,2004-06-30,-0.105641
stocks,CHN,2004-07-30,-0.066942
stocks,CHN,2004-08-31,-0.067417
stocks,CHN,2004-09-30,-0.006370
stocks,CHN,2004-10-29,-0.045836
stocks,CHN,2004-11-30,0.010297
stocks,CHN,2004-12-31,-0.041664
stocks,CHN,2005-01-31,-0.038326
stocks,CHN,2005-02-28,0.013128
stocks,CHN,2005-03-31,-0.023237
stocks,CHN,2005-04-29,-0.000538
stocks,CHN,2005-05-31,-0.022502
stocks,CHN,2005-06-30,0.016336
stocks,CHN,2005-07-29,0.049832
stocks,CHN,2005-08-31,0.065267
stocks,CHN,2005-09-30,0.114209
stocks,CHN,2005-10-31,0.027990
stocks,CHN,2005-11-30,0.057164
stocks,CHN,2005-12-30,0.088589
stocks,CHN,2006-01-31,0.193612
stocks,CHN,2006-02-28,0.224273
stocks,CHN,2006-03-31,0.243387
stocks,CHN,2006-04-28,0.281723
stocks,CHN,2006-05-31,0.259465
stocks,CHN,2006-06-30,0.279222
stocks,CHN,2006-07-31,0.302375
stocks,CHN,2006-08-31,0.300803
stocks,CHN,2006-09-29,0.312562
stocks,CHN,2006-10-31,0.345980
stocks,CHN,2006-11-30,0.430788
stocks,CHN,2006-12-29,0.555266
stocks,CHN,2007-01-31,0.494303
stocks,CHN,2007-02-28,0.495724
stocks,CHN,2007-03-30,0.523145
stocks,CHN,2007-04-30,0.518386
stocks,CHN,2007-05-31,0.557260
stocks,CHN,2007-06-29,0.683652
stocks,CHN,2007-07-31,0.813882
stocks,CHN,2007-08-31,0.869010
stocks,CHN,2007-09-28,1.014018
stocks,CHN,2007-10-31,1.151143
stocks,CHN,2007-11-30,1.049766
stocks,CHN,2007-12-31,1.010510
stocks,CHN,2008-01-31,0.830641
stocks,CHN,2008-02-29,0.965277
stocks,CHN,2008-03-31,0.839611
stocks,CHN,2008-04-30,0.936679
stocks,CHN,2008-05-30,0.870636
stocks,CHN,2008-06-30,0.826763
stocks,CHN,2008-07-31,0.861467
stocks,CHN,2008-08-29,0.763133
stocks,CHN,2008-09-30,0.631880
stocks,CHN,2008-10-31,0.561931
stocks,CHN,2008-11-28,0.684044
stocks,CHN,2008-12-31,0.771840
stocks,CHN,2009-01-30,0.770559
stocks,CHN,2009-02-27,0.847548
stocks,CHN,2009-03-31,0.898097
stocks,CHN,2009-04-30,0.911998
stocks,CHN,2009-05-29,1.018539
stocks,CHN,2009-06-30,1.056800
stocks,CHN,2009-07-31,1.087386
stocks,CHN,2009-08-31,0.980996
stocks,CHN,2009-09-30,0.988699
stocks,CHN,2009-10-30,1.071060
stocks,CHN,2009-11-30,1.038266
stocks,CHN,2009-12-31,1.022938
stocks,CHN,2010-01-29,0.968633
stocks,CHN,2010-02-26,0.960617
stocks,CHN,2010-03-31,0.955646
stocks,CHN,2010-04-30,0.936478
stocks,CHN,2010-05-31,0.965090
stocks,CHN,2010-06-30,1.032552
stocks,CHN,2010-07-30,1.008093
stocks,CHN,2010-08-31,1.026317
stocks,CHN,2010-09-30,1.026431
stocks,CHN,2010-10-29,1.026333
stocks,CHN,2010-11-30,1.001832
stocks,CHN,2010-12-31,0.930398
stocks,CHN,2011-01-31,0.901786
stocks,CHN,2011-02-28,0.851240
stocks,CHN,2011-03-31,0.902345
stocks,CHN,2011-04-29,0.888313
stocks,CHN,2011-05-31,0.903071
stocks,CHN,2011-06-30,0.882504
stocks,CHN,2011-07-29,0.894239
stocks,CHN,2011-08-31,0.854053
stocks,CHN,2011-09-30,0.744624
stocks,CHN,2011-10-31,0.781949
stocks,CHN,2011-11-30,0.697799
stocks,CHN,2011-12-30,0.713421
stocks,CHN,2012-01-31,0.770528
stocks,CHN,2012-02-29,0.791281
stocks,CHN,2012-03-30,0.688856
stocks,CHN,2012-04-30,0.730171
stocks,CHN,2012-05-31,0.682754
stocks,CHN,2012-06-29,0.664877
stocks,CHN,2012-07-31,0.665906
stocks,CHN,2012-08-31,0.611624
stocks,CHN,2012-09-28,0.650261
stocks,CHN,2012-10-31,0.724456
stocks,CHN,2012-11-30,0.737367
stocks,CHN,2012-12-31,0.775733
stocks,CHN,2013-01-31,0.764957
stocks,CHN,2013-02-28,0.712768
stocks,CHN,2013-03-29,0.629542
stocks,CHN,2013-04-30,0.621586
stocks,CHN,2013-05-31,0.592652
stocks,CHN,2013-06-28,0.534082
stocks,CHN,2013-07-31,0.522886
stocks,CHN,2013-08-30,0.575512
stocks,CHN,2013-09-30,0.594637
stocks,CHN,2013-10-31,0.576359
stocks,CHN,2013-11-29,0.596376
stocks,CHN,2013-12-31,0.535481
stocks,CHN,2014-01-31,0.500991
stocks,CHN,2014-02-28,0.481660
stocks,CHN,2014-03-31,0.458242
stocks,CHN,2014-04-30,0.429501
stocks,CHN,2014-05-30,0.452190
stocks,CHN,2014-06-30,0.462686
stocks,CHN,2014-07-31,0.554956
stocks,CHN,2014-08-29,0.518483
stocks,CHN,2014-09-30,0.468781
stocks,CHN,2014-10-31,0.487476
stocks,CHN,2014-11-28,0.477543
stocks,CHN,2014-12-31,0.492607
stocks,CHN,2015-01-30,0.543927
stocks,CHN,2015-02-27,0.519676
stocks,CHN,2015-03-31,0.558476
stocks,CHN,2015-04-30,0.703915
stocks,CHN,2015-05-29,0.653628
stocks,CHN,2015-06-30,0.615368
stocks,CHN,2015-07-31,0.482166
stocks,CHN,2015-08-31,0.421159
stocks,CHN,2015-09-30,0.429007
stocks,CHN,2015-10-30,0.437007
stocks,CHN,2015-11-30,0.399929
stocks,CHN,2015-12-31,0.404299
stocks,CHN,2016-01-29,0.323228
stocks,CHN,2016-02-29,0.300521
stocks,CHN,2016-03-31,0.347327
stocks,CHN,2016-04-29,0.340759
stocks,CHN,2016-05-31,0.315813
stocks,CHN,2016-06-30,0.324389
stocks,CHN,2016-07-29,0.321786
stocks,CHN,2016-08-31,0.392117
stocks,CHN,2016-09-30,0.416425
stocks,CHN,2016-10-31,0.416367
stocks,CHN,2016-11-30,0.369642
stocks,CHN,2016-12-30,0.309818
stocks,CHN,2017-01-31,0.355298
stocks,CHN,2017-02-28,0.352188
stocks,CHN,2017-03-31,0.372352
stocks,CHN,2017-04-28,0.388259
stocks,CHN,2017-05-31,0.426869
stocks,CHN,2017-06-30,0.443795
stocks,CHN,2017-07-31,0.509198
stocks,CHN,2017-08-31,0.547961
stocks,CHN,2017-09-29,0.538476
stocks,CHN,2017-10-31,0.555137
stocks,CHN,2017-11-30,0.541349
stocks,CHN,2017-12-29,0.549884
stocks,CHN,2018-01-31,0.612053
stocks,CHN,2018-02-28,0.583870
stocks,CHN,2018-03-30,0.575553
stocks,CHN,2018-04-30,0.571630
stocks,CHN,2018-05-31,0.566433
stocks,CHN,2018-06-29,0.506426
stocks,CHN,2018-07-31,0.446230
stocks,CHN,2018-08-31,0.375597
stocks,CHN,2018-09-28,0.357342
stocks,CHN,2018-10-31,0.307805
stocks,CHN,2018-11-30,0.359961
stocks,CHN,2018-12-31,0.392412
stocks,CHN,2019-01-31,0.418667
stocks,CHN,2019-02-28,0.420372
stocks,CHN,2019-03-29,0.426547
stocks,CHN,2019-04-30,0.409594
stocks,CHN,2019-05-31,0.335327
stocks,CHN,2019-06-28,0.345109
stocks,CHN,2019-07-31,0.324695
stocks,CHN,2019-08-30,0.300152
stocks,CHN,2019-09-30,0.282698
stocks,CHN,2019-10-31,0.301082
stocks,CHN,2019-11-29,0.282481
stocks,CHN,2019-12-31,0.334060
stocks,CHN,2020-01-31,0.283243
stocks,CHN,2020-02-28,0.378610
stocks,CHN,2020-03-31,0.446566
stocks,CHN,2020-04-30,0.384563
stocks,CHN,2020-05-29,0.329552
stocks,CHN,2020-06-30,0.393420
stocks,CHN,2020-07-31,0.426345
stocks,CHN,2020-08-31,0.409632
stocks,CHN,2020-09-30,0.420309
stocks,CHN,2020-10-30,0.498526
stocks,CHN,2020-11-30,0.416886
stocks,CHN,2020-12-31,0.404177
stocks,CHN,2021-01-29,0.484837
stocks,CHN,2021-02-26,0.449060
stocks,CHN,2021-03-31,0.347593
stocks,CHN,2021-04-30,0.308637
stocks,CHN,2021-05-31,0.311927
stocks,CHN,2021-06-30,0.285772
stocks,CHN,2021-07-30,0.113685
stocks,CHN,2021-08-31,0.085028
stocks,CHN,2021-09-30,0.082181
stocks,CHN,2021-10-29,0.046075
stocks,CHN,2021-11-30,-0.004967
stocks,CHN,2021-12-31,-0.075406
stocks,CHN,2022-01-31,-0.046814
stocks,CHN,2022-02-28,-0.056434
stocks,CHN,2022-03-31,-0.173944
stocks,CHN,2022-04-29,-0.120363
stocks,CHN,2022-05-31,-0.105936
stocks,CHN,2022-06-30,0.044436
stocks,CHN,2022-07-29,-0.144218
stocks,CHN,2022-08-31,-0.101525
stocks,CHN,2022-09-30,-0.161075
stocks,CHN,2022-10-31,-0.421208
stocks,CHN,2022-11-30,-0.213488
stocks,CHN,2022-12-30,-0.101767
stocks,CHN,2023-01-31,-0.053831
stocks,CHN,2023-02-28,-0.138694
stocks,CHN,2023-03-31,-0.128960
stocks,CHN,2023-04-28,-0.194242
stocks,CHN,2023-05-31,-0.288279
stocks,CHN,2023-06-30,-0.313557
stocks,CHN,2023-07-31,-0.244941
stocks,CHN,2023-08-31,-0.321236
stocks,CHN,2023-09-29,-0.300824
stocks,CHN,2023-10-31,-0.320822
stocks,CHN,2023-11-30,-0.385457
stocks,CHN,2023-12-29,-0.455518
stocks,CHN,2024-01-31,-0.582899
stocks,CHN,2024-02-29,-0.554106
stocks,CHN,2024-03-29,-0.575703
stocks,CHN,2024-04-30,-0.469440
stocks,CHN,2024-05-31,-0.491963
stocks,CHN,2024-06-28,-0.545836
stocks,CHN,2024-07-31,-0.571438
stocks,CHN,2024-08-30,-0.584867
stocks,CHN,2024-09-30,-0.391480
stocks,CHN,2024-10-31,-0.444788
stocks,CHN,2024-11-29,-0.550489
stocks,CHN,2024-12-31,-0.497829
stocks,CHN,2025-01-31,-0.518413
stocks,CHN,2025-02-28,-0.390981
stocks,CHN,2025-03-31,-0.310715
stocks,CHN,2025-04-30,-0.348970
stocks,CHN,2025-05-30,-0.384091
stocks,CHN,2025-06-30,-0.397436
stocks,CHN,2025-07-31,-0.372918
stocks,CHN,2025-08-29,-0.343832
stocks,CHN,2025-09-30,-0.286498
stocks,CHN,2025-10-31,-0.348679
stocks,CHN,2025-11-28,-0.373953
stocks,CHN,2025-12-31,-0.386162
stocks,CHN,2026-01-30,-0.352868
stocks,CHN,2026-02-27,-0.403124
stocks,CHN,2026-03-31,-0.432609
stocks,CHN,2026-04-30,-0.496552
stocks,CHN,2026-05-29,-0.578335
stocks,CHN,2026-06-30,-0.642538
stocks,CHN,2026-07-31,-0.555618
stocks,CHN,2026-08-31,-0.585945
stocks,CHN,2026-09-30,-0.628830
